[INFO] [launch]: All log files can be found below /home/hu/.ros/log/2026-10-03-19-41-34-907757-hyf-297556
[INFO] [launch]: Default logging verbosity is set to INFO
[INFO] [xacro-1]: process started with pid [297616]
[INFO] [parameter_bridge-2]: process started with pid [297617]
[INFO] [create-3]: process started with pid [297618]
[INFO] [gz-4]: process started with pid [297619]
[INFO] [robot_state_publisher-5]: process started with pid [297622]
[INFO] [component_container_isolated-6]: process started with pid [297623]
[INFO] [nav2_bringup_gate-7]: process started with pid [297624]
[INFO] [episode_manager-8]: process started with pid [297625]
[INFO] [episode_reset-9]: process started with pid [297626]
[INFO] [eacr_localization_loop-10]: process started with pid [297628]
[INFO] [fault_injector-11]: process started with pid [297630]
[INFO] [phase2_episode_runner-12]: process started with pid [297631]
[create-3] [INFO] [1791027695.529751495] [ros_gz_sim]: Requesting list of world names.
[robot_state_publisher-5] [INFO] [1791027695.536281587] [robot_state_publisher]: Robot initialized
[INFO] [xacro-1]: process has finished cleanly [pid 297616]
[episode_reset-9] [INFO] [1791027695.783307004] [episode_reset]: Episode reset ready: call /reset_episode to restore the deterministic start pose.
[fault_injector-11] [INFO] [1791027695.789481518] [fault_injector]: Fault injector ready: localization, costmap, planner, control inject/rollback pairs.
[component_container_isolated-6] [INFO] [1791027695.793657437] [nav2_container]: Load Library: /opt/ros/jazzy/lib/libmap_server_core.so
[eacr_localization_loop-10] [INFO] [1791027695.794855902] [eacr_localization_loop]: EACR localization loop ready: /inject_amcl_fault and /run_eacr_localization_episode
[component_container_isolated-6] [INFO] [1791027695.803918216] [nav2_container]: Found class: rclcpp_components::NodeFactoryTemplate<nav2_map_server::CostmapFilterInfoServer>
[component_container_isolated-6] [INFO] [1791027695.803944054] [nav2_container]: Found class: rclcpp_components::NodeFactoryTemplate<nav2_map_server::MapSaver>
[component_container_isolated-6] [INFO] [1791027695.803947774] [nav2_container]: Found class: rclcpp_components::NodeFactoryTemplate<nav2_map_server::MapServer>
[component_container_isolated-6] [INFO] [1791027695.803950993] [nav2_container]: Instantiate class: rclcpp_components::NodeFactoryTemplate<nav2_map_server::MapServer>
[phase2_episode_runner-12] [INFO] [1791027695.810217472] [phase2_episode_runner]: Phase-two episode runner ready: /run_phase2_fault_matrix
[component_container_isolated-6] [INFO] [1791027695.810914828] [map_server]: 
[component_container_isolated-6] 	map_server lifecycle node launched. 
[component_container_isolated-6] 	Waiting on external lifecycle transitions to activate
[component_container_isolated-6] 	See https://design.ros2.org/articles/node_lifecycle.html for more information.
[INFO] [launch_ros.actions.load_composable_nodes]: Loaded node '/map_server' in container '/nav2_container'
[component_container_isolated-6] [INFO] [1791027695.810937897] [map_server]: Creating
[component_container_isolated-6] [INFO] [1791027695.811142944] [nav2_container]: Load Library: /opt/ros/jazzy/lib/libamcl_core.so
[component_container_isolated-6] [INFO] [1791027695.813506526] [nav2_container]: Found class: rclcpp_components::NodeFactoryTemplate<nav2_amcl::AmclNode>
[component_container_isolated-6] [INFO] [1791027695.813519385] [nav2_container]: Instantiate class: rclcpp_components::NodeFactoryTemplate<nav2_amcl::AmclNode>
[component_container_isolated-6] [INFO] [1791027695.819160113] [amcl]: 
[component_container_isolated-6] 	amcl lifecycle node launched. 
[component_container_isolated-6] 	Waiting on external lifecycle transitions to activate
[component_container_isolated-6] 	See https://design.ros2.org/articles/node_lifecycle.html for more information.
[component_container_isolated-6] [INFO] [1791027695.819358590] [amcl]: Creating
[INFO] [launch_ros.actions.load_composable_nodes]: Loaded node '/amcl' in container '/nav2_container'
[component_container_isolated-6] [INFO] [1791027695.820716285] [nav2_container]: Load Library: /opt/ros/jazzy/lib/libnav2_lifecycle_manager_core.so
[component_container_isolated-6] [INFO] [1791027695.821322048] [nav2_container]: Found class: rclcpp_components::NodeFactoryTemplate<nav2_lifecycle_manager::LifecycleManager>
[component_container_isolated-6] [INFO] [1791027695.821332457] [nav2_container]: Instantiate class: rclcpp_components::NodeFactoryTemplate<nav2_lifecycle_manager::LifecycleManager>
[nav2_bringup_gate-7] [INFO] [1791027695.822508233] [nav2_bringup_gate]: Nav2 bringup gate waiting for simulator odometry.
[component_container_isolated-6] [INFO] [1791027695.826443847] [lifecycle_manager_localization]: Creating
[component_container_isolated-6] [INFO] [1791027695.829089432] [lifecycle_manager_localization]: [34m[1mCreating and initializing lifecycle service clients[0m[0m
[INFO] [launch_ros.actions.load_composable_nodes]: Loaded node '/lifecycle_manager_localization' in container '/nav2_container'
[episode_manager-8] [INFO] [1791027695.925362953] [episode_manager]: Episode manager started; publishing deterministic AMCL initial pose.
[component_container_isolated-6] [INFO] [1791027695.983714826] [nav2_container]: Load Library: /opt/ros/jazzy/lib/libcontroller_server_core.so
[create-3] [INFO] [1791027695.985240800] [ros_gz_sim]: Entity creation successful.
[component_container_isolated-6] [INFO] [1791027695.985739669] [nav2_container]: Found class: rclcpp_components::NodeFactoryTemplate<nav2_controller::ControllerServer>
[component_container_isolated-6] [INFO] [1791027695.985764618] [nav2_container]: Instantiate class: rclcpp_components::NodeFactoryTemplate<nav2_controller::ControllerServer>
[component_container_isolated-6] [INFO] [1791027695.992352536] [controller_server]: 
[component_container_isolated-6] 	controller_server lifecycle node launched. 
[component_container_isolated-6] 	Waiting on external lifecycle transitions to activate
[component_container_isolated-6] 	See https://design.ros2.org/articles/node_lifecycle.html for more information.
[component_container_isolated-6] [INFO] [1791027695.994272876] [controller_server]: Creating controller server
[component_container_isolated-6] [INFO] [1791027695.999968230] [local_costmap.local_costmap]: 
[component_container_isolated-6] 	local_costmap lifecycle node launched. 
[component_container_isolated-6] 	Waiting on external lifecycle transitions to activate
[component_container_isolated-6] 	See https://design.ros2.org/articles/node_lifecycle.html for more information.
[component_container_isolated-6] [INFO] [1791027696.000188276] [local_costmap.local_costmap]: Creating Costmap
[INFO] [launch_ros.actions.load_composable_nodes]: Loaded node '/controller_server' in container '/nav2_container'
[component_container_isolated-6] [INFO] [1791027696.001370902] [nav2_container]: Load Library: /opt/ros/jazzy/lib/libsmoother_server_core.so
[component_container_isolated-6] [INFO] [1791027696.002509961] [nav2_container]: Found class: rclcpp_components::NodeFactoryTemplate<nav2_smoother::SmootherServer>
[component_container_isolated-6] [INFO] [1791027696.002517820] [nav2_container]: Instantiate class: rclcpp_components::NodeFactoryTemplate<nav2_smoother::SmootherServer>
[component_container_isolated-6] [INFO] [1791027696.007557346] [smoother_server]: 
[component_container_isolated-6] 	smoother_server lifecycle node launched. 
[component_container_isolated-6] 	Waiting on external lifecycle transitions to activate
[component_container_isolated-6] 	See https://design.ros2.org/articles/node_lifecycle.html for more information.
[component_container_isolated-6] [INFO] [1791027696.008269781] [smoother_server]: Creating smoother server
[INFO] [launch_ros.actions.load_composable_nodes]: Loaded node '/smoother_server' in container '/nav2_container'
[component_container_isolated-6] [INFO] [1791027696.009075931] [nav2_container]: Load Library: /opt/ros/jazzy/lib/libplanner_server_core.so
[component_container_isolated-6] [INFO] [1791027696.009605118] [nav2_container]: Found class: rclcpp_components::NodeFactoryTemplate<nav2_planner::PlannerServer>
[component_container_isolated-6] [INFO] [1791027696.009611718] [nav2_container]: Instantiate class: rclcpp_components::NodeFactoryTemplate<nav2_planner::PlannerServer>
[component_container_isolated-6] [INFO] [1791027696.015193269] [planner_server]: 
[component_container_isolated-6] 	planner_server lifecycle node launched. 
[component_container_isolated-6] 	Waiting on external lifecycle transitions to activate
[component_container_isolated-6] 	See https://design.ros2.org/articles/node_lifecycle.html for more information.
[component_container_isolated-6] [INFO] [1791027696.015884586] [planner_server]: Creating
[component_container_isolated-6] [INFO] [1791027696.022086839] [global_costmap.global_costmap]: 
[component_container_isolated-6] 	global_costmap lifecycle node launched. 
[component_container_isolated-6] 	Waiting on external lifecycle transitions to activate
[component_container_isolated-6] 	See https://design.ros2.org/articles/node_lifecycle.html for more information.
[component_container_isolated-6] [INFO] [1791027696.022280297] [global_costmap.global_costmap]: Creating Costmap
[INFO] [launch_ros.actions.load_composable_nodes]: Loaded node '/planner_server' in container '/nav2_container'
[component_container_isolated-6] [INFO] [1791027696.023411037] [nav2_container]: Load Library: /opt/ros/jazzy/lib/libroute_server_core.so
[component_container_isolated-6] [INFO] [1791027696.024437202] [nav2_container]: Found class: rclcpp_components::NodeFactoryTemplate<nav2_route::RouteServer>
[component_container_isolated-6] [INFO] [1791027696.024446612] [nav2_container]: Instantiate class: rclcpp_components::NodeFactoryTemplate<nav2_route::RouteServer>
[component_container_isolated-6] [INFO] [1791027696.030341534] [route_server]: 
[INFO] [launch_ros.actions.load_composable_nodes]: Loaded node '/route_server' in container '/nav2_container'
[component_container_isolated-6] 	route_server lifecycle node launched. 
[component_container_isolated-6] 	Waiting on external lifecycle transitions to activate
[component_container_isolated-6] 	See https://design.ros2.org/articles/node_lifecycle.html for more information.
[component_container_isolated-6] [INFO] [1791027696.031259817] [nav2_container]: Load Library: /opt/ros/jazzy/lib/libbehavior_server_core.so
[component_container_isolated-6] [INFO] [1791027696.031856810] [nav2_container]: Found class: rclcpp_components::NodeFactoryTemplate<behavior_server::BehaviorServer>
[component_container_isolated-6] [INFO] [1791027696.031863939] [nav2_container]: Instantiate class: rclcpp_components::NodeFactoryTemplate<behavior_server::BehaviorServer>
[component_container_isolated-6] [INFO] [1791027696.038166186] [behavior_server]: 
[component_container_isolated-6] 	behavior_server lifecycle node launched. 
[component_container_isolated-6] 	Waiting on external lifecycle transitions to activate
[component_container_isolated-6] 	See https://design.ros2.org/articles/node_lifecycle.html for more information.
[INFO] [launch_ros.actions.load_composable_nodes]: Loaded node '/behavior_server' in container '/nav2_container'
[component_container_isolated-6] [INFO] [1791027696.039956484] [nav2_container]: Load Library: /opt/ros/jazzy/lib/libbt_navigator_core.so
[component_container_isolated-6] [INFO] [1791027696.042083881] [nav2_container]: Found class: rclcpp_components::NodeFactoryTemplate<nav2_bt_navigator::BtNavigator>
[component_container_isolated-6] [INFO] [1791027696.042095401] [nav2_container]: Instantiate class: rclcpp_components::NodeFactoryTemplate<nav2_bt_navigator::BtNavigator>
[component_container_isolated-6] [INFO] [1791027696.048853279] [bt_navigator]: 
[component_container_isolated-6] 	bt_navigator lifecycle node launched. 
[component_container_isolated-6] 	Waiting on external lifecycle transitions to activate
[component_container_isolated-6] 	See https://design.ros2.org/articles/node_lifecycle.html for more information.
[component_container_isolated-6] [INFO] [1791027696.049566644] [bt_navigator]: Creating
[INFO] [launch_ros.actions.load_composable_nodes]: Loaded node '/bt_navigator' in container '/nav2_container'
[component_container_isolated-6] [INFO] [1791027696.050430001] [nav2_container]: Load Library: /opt/ros/jazzy/lib/libwaypoint_follower_core.so
[component_container_isolated-6] [INFO] [1791027696.051256649] [nav2_container]: Found class: rclcpp_components::NodeFactoryTemplate<nav2_waypoint_follower::WaypointFollower>
[component_container_isolated-6] [INFO] [1791027696.051267978] [nav2_container]: Instantiate class: rclcpp_components::NodeFactoryTemplate<nav2_waypoint_follower::WaypointFollower>
[component_container_isolated-6] [INFO] [1791027696.057746594] [waypoint_follower]: 
[component_container_isolated-6] 	waypoint_follower lifecycle node launched. 
[component_container_isolated-6] 	Waiting on external lifecycle transitions to activate
[component_container_isolated-6] 	See https://design.ros2.org/articles/node_lifecycle.html for more information.
[component_container_isolated-6] [INFO] [1791027696.057953711] [waypoint_follower]: Creating
[INFO] [launch_ros.actions.load_composable_nodes]: Loaded node '/waypoint_follower' in container '/nav2_container'
[component_container_isolated-6] [INFO] [1791027696.058911861] [nav2_container]: Load Library: /opt/ros/jazzy/lib/libvelocity_smoother_core.so
[component_container_isolated-6] [INFO] [1791027696.059500515] [nav2_container]: Found class: rclcpp_components::NodeFactoryTemplate<nav2_velocity_smoother::VelocitySmoother>
[component_container_isolated-6] [INFO] [1791027696.059510714] [nav2_container]: Instantiate class: rclcpp_components::NodeFactoryTemplate<nav2_velocity_smoother::VelocitySmoother>
[component_container_isolated-6] [INFO] [1791027696.065581515] [velocity_smoother]: 
[component_container_isolated-6] 	velocity_smoother lifecycle node launched. 
[INFO] [launch_ros.actions.load_composable_nodes]: Loaded node '/velocity_smoother' in container '/nav2_container'
[component_container_isolated-6] 	Waiting on external lifecycle transitions to activate
[component_container_isolated-6] 	See https://design.ros2.org/articles/node_lifecycle.html for more information.
[component_container_isolated-6] [INFO] [1791027696.066508397] [nav2_container]: Load Library: /opt/ros/jazzy/lib/libcollision_monitor_core.so
[component_container_isolated-6] [INFO] [1791027696.068199812] [nav2_container]: Found class: rclcpp_components::NodeFactoryTemplate<nav2_collision_monitor::CollisionMonitor>
[component_container_isolated-6] [INFO] [1791027696.068219290] [nav2_container]: Instantiate class: rclcpp_components::NodeFactoryTemplate<nav2_collision_monitor::CollisionMonitor>
[component_container_isolated-6] [INFO] [1791027696.074965429] [collision_monitor]: 
[component_container_isolated-6] 	collision_monitor lifecycle node launched. 
[INFO] [launch_ros.actions.load_composable_nodes]: Loaded node '/collision_monitor' in container '/nav2_container'
[component_container_isolated-6] 	Waiting on external lifecycle transitions to activate
[component_container_isolated-6] 	See https://design.ros2.org/articles/node_lifecycle.html for more information.
[component_container_isolated-6] [INFO] [1791027696.076016284] [nav2_container]: Load Library: /opt/ros/jazzy/lib/libopennav_docking_core.so
[component_container_isolated-6] [INFO] [1791027696.077047750] [nav2_container]: Found class: rclcpp_components::NodeFactoryTemplate<opennav_docking::DockingServer>
[component_container_isolated-6] [INFO] [1791027696.077058789] [nav2_container]: Instantiate class: rclcpp_components::NodeFactoryTemplate<opennav_docking::DockingServer>
[component_container_isolated-6] [INFO] [1791027696.084363183] [docking_server]: 
[component_container_isolated-6] 	docking_server lifecycle node launched. 
[component_container_isolated-6] 	Waiting on external lifecycle transitions to activate
[component_container_isolated-6] 	See https://design.ros2.org/articles/node_lifecycle.html for more information.
[component_container_isolated-6] [INFO] [1791027696.084387542] [docking_server]: Creating docking_server
[INFO] [launch_ros.actions.load_composable_nodes]: Loaded node '/docking_server' in container '/nav2_container'
[component_container_isolated-6] [INFO] [1791027696.085560928] [nav2_container]: Found class: rclcpp_components::NodeFactoryTemplate<nav2_lifecycle_manager::LifecycleManager>
[component_container_isolated-6] [INFO] [1791027696.085571788] [nav2_container]: Instantiate class: rclcpp_components::NodeFactoryTemplate<nav2_lifecycle_manager::LifecycleManager>
[component_container_isolated-6] [INFO] [1791027696.090881646] [lifecycle_manager_navigation]: Creating
[INFO] [launch_ros.actions.load_composable_nodes]: Loaded node '/lifecycle_manager_navigation' in container '/nav2_container'
[component_container_isolated-6] [INFO] [1791027696.092018335] [lifecycle_manager_navigation]: [34m[1mCreating and initializing lifecycle service clients[0m[0m
[INFO] [create-3]: process has finished cleanly [pid 297618]
[parameter_bridge-2] [INFO] [1791027696.554328147] [ros_gz_bridge]: Creating GZ->ROS Bridge: [/clock (gz.msgs.Clock) -> /clock (rosgraph_msgs/msg/Clock)] (Lazy 0)
[parameter_bridge-2] [INFO] [1791027696.555264698] [ros_gz_bridge]: Creating GZ->ROS Bridge: [/joint_states (gz.msgs.Model) -> joint_states (sensor_msgs/msg/JointState)] (Lazy 0)
[parameter_bridge-2] [INFO] [1791027696.556954513] [ros_gz_bridge]: Creating GZ->ROS Bridge: [/odom (gz.msgs.Odometry) -> odom (nav_msgs/msg/Odometry)] (Lazy 0)
[parameter_bridge-2] [INFO] [1791027696.558055724] [ros_gz_bridge]: Creating GZ->ROS Bridge: [/tf (gz.msgs.Pose_V) -> tf (tf2_msgs/msg/TFMessage)] (Lazy 0)
[parameter_bridge-2] [INFO] [1791027696.559055882] [ros_gz_bridge]: Creating GZ->ROS Bridge: [/imu (gz.msgs.IMU) -> imu (sensor_msgs/msg/Imu)] (Lazy 0)
[parameter_bridge-2] [INFO] [1791027696.559509233] [ros_gz_bridge]: Creating GZ->ROS Bridge: [/scan (gz.msgs.LaserScan) -> scan (sensor_msgs/msg/LaserScan)] (Lazy 0)
[parameter_bridge-2] [INFO] [1791027696.559931977] [ros_gz_bridge]: Creating ROS->GZ Bridge: [cmd_vel (geometry_msgs/msg/Twist) -> /cmd_vel (gz.msgs.Twist)] (Lazy 0)
[gz-4] [1;33mWarning [Utils.cc:132][0m [/sdf/model[@name="turtlebot3_waffle"]/link[@name="imu_link"]/sensor[@name="tb3_imu"]/gz_frame_id:<data-string>:L49]: XML Element[gz_frame_id], child of element[sensor], not defined in SDF. Copying[gz_frame_id] as children of [sensor].
[gz-4] [1;33mWarning [Utils.cc:132][0m [/sdf/model[@name="turtlebot3_waffle"]/link[@name="base_scan"]/sensor[@name="hls_lfcd_lds"]/gz_frame_id:<data-string>:L134]: XML Element[gz_frame_id], child of element[sensor], not defined in SDF. Copying[gz_frame_id] as children of [sensor].
[gz-4] [1;33mWarning [Utils.cc:132][0m [/sdf/model[@name="turtlebot3_waffle"]/link[@name="camera_link"]/sensor[@name="intel_realsense_r200_depth"]/gz_frame_id:<data-string>:L361]: XML Element[gz_frame_id], child of element[sensor], not defined in SDF. Copying[gz_frame_id] as children of [sensor].
[component_container_isolated-6] [INFO] [1791027698.810756149] [lifecycle_manager_localization]: [34m[1mStarting managed nodes bringup...[0m[0m
[component_container_isolated-6] [INFO] [1791027698.810791856] [lifecycle_manager_localization]: [34m[1mConfiguring map_server[0m[0m
[component_container_isolated-6] [INFO] [1791027698.811014523] [map_server]: Configuring
[component_container_isolated-6] [INFO] [1791027698.811061240] [map_io]: Loading yaml file: /opt/ros/jazzy/share/nav2_bringup/maps/tb3_sandbox.yaml
[component_container_isolated-6] [INFO] [1791027698.811257948] [map_io]: resolution: 0.05
[component_container_isolated-6] [INFO] [1791027698.811268557] [map_io]: origin[0]: -10
[component_container_isolated-6] [INFO] [1791027698.811272757] [map_io]: origin[1]: -10
[component_container_isolated-6] [INFO] [1791027698.811275516] [map_io]: origin[2]: 0
[component_container_isolated-6] [INFO] [1791027698.811277806] [map_io]: free_thresh: 0.196
[component_container_isolated-6] [INFO] [1791027698.811279916] [map_io]: occupied_thresh: 0.65
[component_container_isolated-6] [INFO] [1791027698.811283516] [map_io]: mode: trinary
[component_container_isolated-6] [INFO] [1791027698.811286896] [map_io]: negate: 0
[component_container_isolated-6] [INFO] [1791027698.811403598] [map_io]: Loading image_file: /opt/ros/jazzy/share/nav2_bringup/maps/tb3_sandbox.pgm
[component_container_isolated-6] [INFO] [1791027698.813042957] [map_io]: Read map /opt/ros/jazzy/share/nav2_bringup/maps/tb3_sandbox.pgm: 384 X 384 map @ 0.05 m/cell
[component_container_isolated-6] [INFO] [1791027698.816190591] [lifecycle_manager_localization]: [34m[1mConfiguring amcl[0m[0m
[component_container_isolated-6] [INFO] [1791027698.816277035] [amcl]: Configuring
[component_container_isolated-6] [INFO] [1791027698.816332782] [amcl]: initTransforms
[component_container_isolated-6] [INFO] [1791027698.820843562] [amcl]: initPubSub
[component_container_isolated-6] [INFO] [1791027698.824168605] [amcl]: Subscribed to map topic.
[component_container_isolated-6] [INFO] [1791027698.826236706] [lifecycle_manager_localization]: [34m[1mActivating map_server[0m[0m
[component_container_isolated-6] [INFO] [1791027698.826309002] [map_server]: Activating
[component_container_isolated-6] [INFO] [1791027698.826518659] [map_server]: Creating bond (map_server) to lifecycle manager.
[component_container_isolated-6] [INFO] [1791027698.826642691] [amcl]: Received a 384 X 384 map @ 0.050 m/pix
[component_container_isolated-6] [INFO] [1791027698.915420641] [amcl]: initialPoseReceived
[component_container_isolated-6] [WARN] [1791027698.915449869] [amcl]: Received initial pose request, but AMCL is not yet in the active state
[component_container_isolated-6] [INFO] [1791027698.928487209] [lifecycle_manager_localization]: Server map_server connected with bond.
[component_container_isolated-6] [INFO] [1791027698.928503778] [lifecycle_manager_localization]: [34m[1mActivating amcl[0m[0m
[component_container_isolated-6] [INFO] [1791027698.928638999] [amcl]: Activating
[component_container_isolated-6] [INFO] [1791027698.928718254] [amcl]: Setting pose (0.999000): -2.000 -0.500 0.000
[component_container_isolated-6] [INFO] [1791027698.929440769] [amcl]: Creating bond (amcl) to lifecycle manager.
[component_container_isolated-6] [INFO] [1791027698.937367037] [amcl]: createLaserObject
[component_container_isolated-6] [INFO] [1791027699.031394814] [lifecycle_manager_localization]: Server amcl connected with bond.
[component_container_isolated-6] [INFO] [1791027699.031419232] [lifecycle_manager_localization]: [34m[1mManaged nodes are active[0m[0m
[component_container_isolated-6] [INFO] [1791027699.031442271] [lifecycle_manager_localization]: [34m[1mCreating bond timer...[0m[0m
[component_container_isolated-6] [INFO] [1791027699.031754801] [lifecycle_manager_navigation]: [34m[1mStarting managed nodes bringup...[0m[0m
[component_container_isolated-6] [INFO] [1791027699.031768380] [lifecycle_manager_navigation]: [34m[1mConfiguring controller_server[0m[0m
[component_container_isolated-6] [INFO] [1791027699.031919621] [controller_server]: Configuring controller interface
[component_container_isolated-6] [INFO] [1791027699.031939030] [controller_server]: getting progress checker plugins..
[component_container_isolated-6] [INFO] [1791027699.032119709] [controller_server]: getting goal checker plugins..
[component_container_isolated-6] [INFO] [1791027699.032206463] [controller_server]: Controller frequency set to 20.0000Hz
[component_container_isolated-6] [INFO] [1791027699.032233902] [local_costmap.local_costmap]: Configuring
[component_container_isolated-6] [INFO] [1791027699.035776192] [local_costmap.local_costmap]: Using plugin "voxel_layer"
[component_container_isolated-6] [INFO] [1791027699.037584299] [local_costmap.local_costmap]: Subscribed to Topics: scan
[component_container_isolated-6] [INFO] [1791027699.041054554] [local_costmap.local_costmap]: Initialized plugin "voxel_layer"
[component_container_isolated-6] [INFO] [1791027699.041067033] [local_costmap.local_costmap]: Using plugin "inflation_layer"
[component_container_isolated-6] [INFO] [1791027699.041426021] [local_costmap.local_costmap]: Initialized plugin "inflation_layer"
[component_container_isolated-6] [INFO] [1791027699.048919906] [controller_server]: Created progress_checker : progress_checker of type nav2_controller::SimpleProgressChecker
[component_container_isolated-6] [INFO] [1791027699.049099465] [controller_server]: Controller Server has progress_checker  progress checkers available.
[component_container_isolated-6] [INFO] [1791027699.049400226] [controller_server]: Created goal checker : general_goal_checker of type nav2_controller::SimpleGoalChecker
[component_container_isolated-6] [INFO] [1791027699.049629702] [controller_server]: Controller Server has general_goal_checker  goal checkers available.
[component_container_isolated-6] [INFO] [1791027699.050333418] [controller_server]: Created controller : FollowPath of type nav2_mppi_controller::MPPIController
[component_container_isolated-6] [INFO] [1791027699.051465218] [controller_server]: Controller period is equal to model dt. Control sequence shifting is ON
[component_container_isolated-6] [INFO] [1791027699.052296006] [controller_server]: ConstraintCritic instantiated with 1 power and 4.000000 weight.
[component_container_isolated-6] [INFO] [1791027699.052309696] [controller_server]: Critic loaded : mppi::critics::ConstraintCritic
[component_container_isolated-6] [INFO] [1791027699.052807885] [controller_server]: InflationCostCritic instantiated with 1 power and 300.000000 / 0.015000 weights. Critic will collision check based on circular cost.
[component_container_isolated-6] [INFO] [1791027699.052818144] [controller_server]: Critic loaded : mppi::critics::CostCritic
[component_container_isolated-6] [INFO] [1791027699.053017922] [controller_server]: GoalCritic instantiated with 1 power and 5.000000 weight.
[component_container_isolated-6] [INFO] [1791027699.053026681] [controller_server]: Critic loaded : mppi::critics::GoalCritic
[component_container_isolated-6] [INFO] [1791027699.053291285] [controller_server]: GoalAngleCritic instantiated with 1 power, 3.000000 weight, 0.500000 angular threshold and symmetric_yaw_tolerance disabled
[component_container_isolated-6] [INFO] [1791027699.053300114] [controller_server]: Critic loaded : mppi::critics::GoalAngleCritic
[component_container_isolated-6] [INFO] [1791027699.053694570] [controller_server]: ReferenceTrajectoryCritic instantiated with 1 power and 14.000000 weight
[component_container_isolated-6] [INFO] [1791027699.053703349] [controller_server]: Critic loaded : mppi::critics::PathAlignCritic
[component_container_isolated-6] [INFO] [1791027699.053956933] [controller_server]: Critic loaded : mppi::critics::PathFollowCritic
[component_container_isolated-6] [INFO] [1791027699.054407076] [controller_server]: PathAngleCritic instantiated with 1 power and 2.000000 weight. Mode set to: Forward Preference
[component_container_isolated-6] [INFO] [1791027699.054416235] [controller_server]: Critic loaded : mppi::critics::PathAngleCritic
[component_container_isolated-6] [INFO] [1791027699.054644821] [controller_server]: PreferForwardCritic instantiated with 1 power and 5.000000 weight.
[component_container_isolated-6] [INFO] [1791027699.054652790] [controller_server]: Critic loaded : mppi::critics::PreferForwardCritic
[component_container_isolated-6] [INFO] [1791027699.056376653] [controller_server]: Optimizer reset
[component_container_isolated-6] [INFO] [1791027699.058599285] [MPPIController]: Configured MPPI Controller: FollowPath
[component_container_isolated-6] [INFO] [1791027699.058607465] [controller_server]: Controller Server has FollowPath  controllers available.
[component_container_isolated-6] [INFO] [1791027699.063150783] [lifecycle_manager_navigation]: [34m[1mConfiguring smoother_server[0m[0m
[component_container_isolated-6] [INFO] [1791027699.063239067] [smoother_server]: Configuring smoother server
[component_container_isolated-6] [INFO] [1791027699.066081611] [smoother_server]: Created smoother : simple_smoother of type nav2_smoother::SimpleSmoother
[component_container_isolated-6] [INFO] [1791027699.066468657] [smoother_server]: Smoother Server has simple_smoother  smoothers available.
[component_container_isolated-6] [INFO] [1791027699.069282492] [lifecycle_manager_navigation]: [34m[1mConfiguring planner_server[0m[0m
[component_container_isolated-6] [INFO] [1791027699.069332829] [planner_server]: Configuring
[component_container_isolated-6] [INFO] [1791027699.069353488] [global_costmap.global_costmap]: Configuring
[component_container_isolated-6] [INFO] [1791027699.072265507] [global_costmap.global_costmap]: Using plugin "static_layer"
[component_container_isolated-6] [INFO] [1791027699.072719789] [global_costmap.global_costmap]: Subscribing to the map topic (/map) with transient local durability
[component_container_isolated-6] [INFO] [1791027699.073080367] [global_costmap.global_costmap]: Initialized plugin "static_layer"
[component_container_isolated-6] [INFO] [1791027699.073090016] [global_costmap.global_costmap]: Using plugin "obstacle_layer"
[component_container_isolated-6] [INFO] [1791027699.073496961] [global_costmap.global_costmap]: Subscribed to Topics: scan
[component_container_isolated-6] [INFO] [1791027699.075249032] [global_costmap.global_costmap]: Initialized plugin "obstacle_layer"
[component_container_isolated-6] [INFO] [1791027699.075258861] [global_costmap.global_costmap]: Using plugin "inflation_layer"
[component_container_isolated-6] [INFO] [1791027699.075568972] [global_costmap.global_costmap]: Initialized plugin "inflation_layer"
[component_container_isolated-6] [INFO] [1791027699.083284743] [planner_server]: Created global planner plugin GridBased of type nav2_navfn_planner::NavfnPlanner
[component_container_isolated-6] [INFO] [1791027699.083304672] [planner_server]: Configuring plugin GridBased of type NavfnPlanner
[component_container_isolated-6] [INFO] [1791027699.083739915] [planner_server]: Planner Server has GridBased  planners available.
[component_container_isolated-6] [INFO] [1791027699.088482551] [lifecycle_manager_navigation]: [34m[1mConfiguring route_server[0m[0m
[component_container_isolated-6] [INFO] [1791027699.088546107] [route_server]: Configuring
[component_container_isolated-6] [INFO] [1791027699.096747078] [route_server]: Created GraphFileLoader GeoJsonGraphFileLoader of type nav2_route::GeoJsonGraphFileLoader
[component_container_isolated-6] [INFO] [1791027699.096761097] [route_server]: Configuring geojson graph file loader
[component_container_isolated-6] [INFO] [1791027699.096765516] [route_server]: No graph file provided to load yet.
[component_container_isolated-6] [INFO] [1791027699.097952493] [route_server]: Created edge cost function plugin DistanceScorer of type nav2_route::DistanceScorer
[component_container_isolated-6] [INFO] [1791027699.097964122] [route_server]: Configuring distance scorer.
[component_container_isolated-6] [INFO] [1791027699.098130532] [route_server]: Created edge cost function plugin CostmapScorer of type nav2_route::CostmapScorer
[component_container_isolated-6] [INFO] [1791027699.098135182] [route_server]: Configuring costmap scorer.
[component_container_isolated-6] [INFO] [1791027699.099426071] [route_server]: Created route operation AdjustSpeedLimit of type nav2_route::AdjustSpeedLimit
[component_container_isolated-6] [INFO] [1791027699.099437061] [route_server]: Configuring Adjust speed limit operation.
[component_container_isolated-6] [INFO] [1791027699.099918651] [route_server]: Created route operation ReroutingService of type nav2_route::ReroutingService
[component_container_isolated-6] [INFO] [1791027699.099927240] [route_server]: Configuring Rerouting service operation.
[component_container_isolated-6] [INFO] [1791027699.100544402] [route_server]: Created route operation CollisionMonitor of type nav2_route::CollisionMonitor
[component_container_isolated-6] [INFO] [1791027699.100611328] [route_server]: Using costmap topic: local_costmap/costmap_raw instead of server costmap topic: global_costmap/costmap_raw for CollisionMonitor.
[component_container_isolated-6] [INFO] [1791027699.102097396] [lifecycle_manager_navigation]: [34m[1mConfiguring behavior_server[0m[0m
[component_container_isolated-6] [INFO] [1791027699.102163661] [behavior_server]: Configuring
[component_container_isolated-6] [INFO] [1791027699.103354038] [behavior_server]: Creating behavior plugin spin of type nav2_behaviors::Spin
[component_container_isolated-6] [INFO] [1791027699.103908273] [behavior_server]: Creating behavior plugin backup of type nav2_behaviors::BackUp
[component_container_isolated-6] [INFO] [1791027699.104404652] [behavior_server]: Creating behavior plugin drive_on_heading of type nav2_behaviors::DriveOnHeading
[component_container_isolated-6] [INFO] [1791027699.104884783] [behavior_server]: Creating behavior plugin assisted_teleop of type nav2_behaviors::AssistedTeleop
[component_container_isolated-6] [INFO] [1791027699.105710611] [behavior_server]: Creating behavior plugin wait of type nav2_behaviors::Wait
[component_container_isolated-6] [INFO] [1791027699.106981573] [behavior_server]: Configuring spin
[component_container_isolated-6] [INFO] [1791027699.110002395] [behavior_server]: Configuring backup
[component_container_isolated-6] [INFO] [1791027699.112473682] [behavior_server]: Configuring drive_on_heading
[component_container_isolated-6] [INFO] [1791027699.114663436] [behavior_server]: Configuring assisted_teleop
[component_container_isolated-6] [INFO] [1791027699.117787012] [behavior_server]: Configuring wait
[component_container_isolated-6] [INFO] [1791027699.120280867] [lifecycle_manager_navigation]: [34m[1mConfiguring velocity_smoother[0m[0m
[component_container_isolated-6] [INFO] [1791027699.120348093] [velocity_smoother]: Configuring velocity smoother
[component_container_isolated-6] [INFO] [1791027699.121998040] [lifecycle_manager_navigation]: [34m[1mConfiguring collision_monitor[0m[0m
[component_container_isolated-6] [INFO] [1791027699.122053597] [collision_monitor]: Configuring
[component_container_isolated-6] [INFO] [1791027699.124275019] [collision_monitor]: [scan]: Creating Scan
[component_container_isolated-6] [INFO] [1791027699.124997764] [collision_monitor]: [FootprintApproach]: Creating Polygon
[component_container_isolated-6] [INFO] [1791027699.125094998] [collision_monitor]: [FootprintApproach]: Polygon points are not defined. Using dynamic subscription instead.
[component_container_isolated-6] [INFO] [1791027699.125614186] [collision_monitor]: [FootprintApproach]: Making footprint subscriber on /local_costmap/published_footprint topic
[component_container_isolated-6] [INFO] [1791027699.128203245] [lifecycle_manager_navigation]: [34m[1mConfiguring bt_navigator[0m[0m
[component_container_isolated-6] [INFO] [1791027699.128250002] [bt_navigator]: Configuring
[component_container_isolated-6] [INFO] [1791027699.130066050] [bt_navigator]: Creating navigator id navigate_to_pose of type nav2_bt_navigator::NavigateToPoseNavigator
[component_container_isolated-6] [INFO] [1791027699.143110770] [global_costmap.global_costmap]: StaticLayer: Resizing costmap to 384 X 384 at 0.050000 m/pix
[component_container_isolated-6] [INFO] [1791027699.165953893] [bt_navigator]: Creating navigator id navigate_through_poses of type nav2_bt_navigator::NavigateThroughPosesNavigator
[component_container_isolated-6] [INFO] [1791027699.179140144] [lifecycle_manager_navigation]: [34m[1mConfiguring waypoint_follower[0m[0m
[component_container_isolated-6] [INFO] [1791027699.179211050] [waypoint_follower]: Configuring
[component_container_isolated-6] [INFO] [1791027699.187411251] [waypoint_follower]: Created waypoint_task_executor : wait_at_waypoint of type nav2_waypoint_follower::WaitAtWaypoint
[component_container_isolated-6] [INFO] [1791027699.187749070] [lifecycle_manager_navigation]: [34m[1mConfiguring docking_server[0m[0m
[component_container_isolated-6] [INFO] [1791027699.187798457] [docking_server]: Configuring docking_server
[component_container_isolated-6] [INFO] [1791027699.187823905] [docking_server]: Controller frequency set to 50.0000Hz
[component_container_isolated-6] [INFO] [1791027699.197298537] [docking_server]: Created charging dock plugin simple_charging_dock of type opennav_docking::SimpleChargingDock
[component_container_isolated-6] [WARN] [1791027699.199854798] [docking_server]: Dock database filepath nor dock parameters set. Docking actions can only be executed specifying the dock pose via the action request. Or update the dock database via the reload_database service.
[component_container_isolated-6] [INFO] [1791027699.199869537] [docking_server]: Docking Server has 1 dock types and 0 dock instances available.
[component_container_isolated-6] [INFO] [1791027699.200598802] [lifecycle_manager_navigation]: [34m[1mActivating controller_server[0m[0m
[component_container_isolated-6] [INFO] [1791027699.200666238] [controller_server]: Activating
[component_container_isolated-6] [INFO] [1791027699.200686427] [local_costmap.local_costmap]: Activating
[component_container_isolated-6] [INFO] [1791027699.200693566] [local_costmap.local_costmap]: Checking transform
[component_container_isolated-6] [INFO] [1791027699.200764312] [local_costmap.local_costmap]: start
[component_container_isolated-6] [WARN] [1791027699.401413599] [controller_server]: Parameter controller_server.verbose not found
[component_container_isolated-6] [INFO] [1791027699.403074286] [controller_server]: Optimizer reset
[component_container_isolated-6] [INFO] [1791027699.403345979] [MPPIController]: Activated MPPI Controller: FollowPath
[component_container_isolated-6] [INFO] [1791027699.403362318] [controller_server]: Creating bond (controller_server) to lifecycle manager.
[component_container_isolated-6] [INFO] [1791027699.506468949] [lifecycle_manager_navigation]: Server controller_server connected with bond.
[component_container_isolated-6] [INFO] [1791027699.506493227] [lifecycle_manager_navigation]: [34m[1mActivating smoother_server[0m[0m
[component_container_isolated-6] [INFO] [1791027699.506684306] [smoother_server]: Activating
[component_container_isolated-6] [INFO] [1791027699.506712664] [smoother_server]: Creating bond (smoother_server) to lifecycle manager.
[component_container_isolated-6] [INFO] [1791027699.610020942] [lifecycle_manager_navigation]: Server smoother_server connected with bond.
[component_container_isolated-6] [INFO] [1791027699.610043151] [lifecycle_manager_navigation]: [34m[1mActivating planner_server[0m[0m
[component_container_isolated-6] [INFO] [1791027699.610203891] [planner_server]: Activating
[component_container_isolated-6] [INFO] [1791027699.610240249] [global_costmap.global_costmap]: Activating
[component_container_isolated-6] [INFO] [1791027699.610246108] [global_costmap.global_costmap]: Checking transform
[component_container_isolated-6] [INFO] [1791027699.610257187] [global_costmap.global_costmap]: Timed out waiting for transform from base_link to map to become available, tf error: Lookup would require extrapolation into the past.  Requested time 1.656000 but the earliest data is at time 2.200000, when looking up transform from frame [base_link] to frame [map]
[component_container_isolated-6] [INFO] [1791027699.915437777] [amcl]: initialPoseReceived
[component_container_isolated-6] [WARN] [1791027699.915488654] [amcl]: Failed to transform initial pose in time (Lookup would require extrapolation into the past.  Requested time 1.986000 but the earliest data is at time 2.002000, when looking up transform from frame [base_footprint] to frame [odom])
[component_container_isolated-6] [INFO] [1791027699.915494933] [amcl]: Setting pose (1.986000): -2.000 -0.500 0.000
[component_container_isolated-6] [INFO] [1791027700.110279657] [global_costmap.global_costmap]: Timed out waiting for transform from base_link to map to become available, tf error: Lookup would require extrapolation into the past.  Requested time 2.160000 but the earliest data is at time 2.200000, when looking up transform from frame [base_link] to frame [map]
[component_container_isolated-6] [INFO] [1791027700.610346597] [global_costmap.global_costmap]: start
[component_container_isolated-6] [INFO] [1791027700.915436306] [amcl]: initialPoseReceived
[component_container_isolated-6] [WARN] [1791027700.915492213] [amcl]: Failed to transform initial pose in time (Lookup would require extrapolation into the future.  Requested time 2.985000 but the latest data is at time 2.952000, when looking up transform from frame [base_footprint] to frame [odom])
[component_container_isolated-6] [INFO] [1791027700.915498233] [amcl]: Setting pose (2.985000): -2.000 -0.500 0.000
[component_container_isolated-6] [INFO] [1791027701.661171861] [planner_server]: Activating plugin GridBased of type NavfnPlanner
[component_container_isolated-6] [INFO] [1791027701.662539686] [planner_server]: Creating bond (planner_server) to lifecycle manager.
[component_container_isolated-6] [INFO] [1791027701.764971662] [lifecycle_manager_navigation]: Server planner_server connected with bond.
[component_container_isolated-6] [INFO] [1791027701.764995890] [lifecycle_manager_navigation]: [34m[1mActivating route_server[0m[0m
[component_container_isolated-6] [INFO] [1791027701.765182259] [route_server]: Activating
[component_container_isolated-6] [INFO] [1791027701.765291822] [route_server]: Creating bond (route_server) to lifecycle manager.
[component_container_isolated-6] [INFO] [1791027701.868409855] [lifecycle_manager_navigation]: Server route_server connected with bond.
[component_container_isolated-6] [INFO] [1791027701.868446483] [lifecycle_manager_navigation]: [34m[1mActivating behavior_server[0m[0m
[component_container_isolated-6] [INFO] [1791027701.868636481] [behavior_server]: Activating
[component_container_isolated-6] [INFO] [1791027701.868648741] [behavior_server]: Activating spin
[component_container_isolated-6] [INFO] [1791027701.868662860] [behavior_server]: Activating backup
[component_container_isolated-6] [INFO] [1791027701.868668739] [behavior_server]: Activating drive_on_heading
[component_container_isolated-6] [INFO] [1791027701.868674819] [behavior_server]: Activating assisted_teleop
[component_container_isolated-6] [INFO] [1791027701.868681349] [behavior_server]: Activating wait
[component_container_isolated-6] [INFO] [1791027701.868689638] [behavior_server]: Creating bond (behavior_server) to lifecycle manager.
[component_container_isolated-6] [INFO] [1791027701.915446597] [amcl]: initialPoseReceived
[component_container_isolated-6] [WARN] [1791027701.915496174] [amcl]: Failed to transform initial pose in time (Lookup would require extrapolation into the future.  Requested time 3.984000 but the latest data is at time 3.960000, when looking up transform from frame [base_footprint] to frame [odom])
[component_container_isolated-6] [INFO] [1791027701.915502043] [amcl]: Setting pose (3.984000): -2.000 -0.500 0.000
[component_container_isolated-6] [INFO] [1791027701.972003399] [lifecycle_manager_navigation]: Server behavior_server connected with bond.
[component_container_isolated-6] [INFO] [1791027701.972025138] [lifecycle_manager_navigation]: [34m[1mActivating velocity_smoother[0m[0m
[component_container_isolated-6] [INFO] [1791027701.972211216] [velocity_smoother]: Activating
[component_container_isolated-6] [INFO] [1791027701.972241984] [velocity_smoother]: Creating bond (velocity_smoother) to lifecycle manager.
[component_container_isolated-6] [INFO] [1791027702.075709185] [lifecycle_manager_navigation]: Server velocity_smoother connected with bond.
[component_container_isolated-6] [INFO] [1791027702.075735943] [lifecycle_manager_navigation]: [34m[1mActivating collision_monitor[0m[0m
[component_container_isolated-6] [INFO] [1791027702.075925941] [collision_monitor]: Activating
[component_container_isolated-6] [INFO] [1791027702.075965599] [collision_monitor]: Creating bond (collision_monitor) to lifecycle manager.
[component_container_isolated-6] [INFO] [1791027702.179381595] [lifecycle_manager_navigation]: Server collision_monitor connected with bond.
[component_container_isolated-6] [INFO] [1791027702.179405914] [lifecycle_manager_navigation]: [34m[1mActivating bt_navigator[0m[0m
[component_container_isolated-6] [INFO] [1791027702.179582123] [bt_navigator]: Activating
[component_container_isolated-6] [INFO] [1791027702.213939072] [bt_navigator]: Creating bond (bt_navigator) to lifecycle manager.
[component_container_isolated-6] [INFO] [1791027702.317338709] [lifecycle_manager_navigation]: Server bt_navigator connected with bond.
[component_container_isolated-6] [INFO] [1791027702.317361668] [lifecycle_manager_navigation]: [34m[1mActivating waypoint_follower[0m[0m
[component_container_isolated-6] [INFO] [1791027702.317555526] [waypoint_follower]: Activating
[component_container_isolated-6] [INFO] [1791027702.317581264] [waypoint_follower]: Creating bond (waypoint_follower) to lifecycle manager.
[component_container_isolated-6] [INFO] [1791027702.421350969] [lifecycle_manager_navigation]: Server waypoint_follower connected with bond.
[component_container_isolated-6] [INFO] [1791027702.421373778] [lifecycle_manager_navigation]: [34m[1mActivating docking_server[0m[0m
[component_container_isolated-6] [INFO] [1791027702.421540457] [docking_server]: Activating docking_server
[component_container_isolated-6] [INFO] [1791027702.426980202] [docking_server]: Creating bond (docking_server) to lifecycle manager.
[component_container_isolated-6] [INFO] [1791027702.530154573] [lifecycle_manager_navigation]: Server docking_server connected with bond.
[component_container_isolated-6] [INFO] [1791027702.530201040] [lifecycle_manager_navigation]: [34m[1mManaged nodes are active[0m[0m
[component_container_isolated-6] [INFO] [1791027702.530208899] [lifecycle_manager_navigation]: [34m[1mCreating bond timer...[0m[0m
[nav2_bringup_gate-7] [INFO] [1791027702.530690020] [nav2_bringup_gate]: Nav2 localization and navigation are active.
[component_container_isolated-6] [INFO] [1791027702.915426991] [amcl]: initialPoseReceived
[component_container_isolated-6] [WARN] [1791027702.915478108] [amcl]: Failed to transform initial pose in time (Lookup would require extrapolation into the future.  Requested time 4.986000 but the latest data is at time 4.968000, when looking up transform from frame [base_footprint] to frame [odom])
[component_container_isolated-6] [INFO] [1791027702.915484257] [amcl]: Setting pose (4.986000): -2.000 -0.500 0.000
[episode_manager-8] [INFO] [1791027711.915595566] [episode_manager]: AMCL is stable; automatic goal sending is disabled. The system is ready for a user-provided goal.
[parameter_bridge-2] [INFO] [1791027723.161540512] [ros_gz_bridge]: Passing message from ROS geometry_msgs/msg/Twist to Gazebo gz.msgs.Twist (showing msg only once per type)
[component_container_isolated-6] [INFO] [1791027723.311914025] [amcl]: initialPoseReceived
[component_container_isolated-6] [WARN] [1791027723.311986101] [amcl]: Failed to transform initial pose in time (Lookup would require extrapolation into the future.  Requested time 25.287000 but the latest data is at time 25.272000, when looking up transform from frame [base_footprint] to frame [odom])
[component_container_isolated-6] [INFO] [1791027723.312000190] [amcl]: Setting pose (25.287000): -2.000 -0.500 0.000
[episode_reset-9] [INFO] [1791027725.312488999] [episode_reset]: Episode reset to (-2.0, -0.5, 0.0).
[component_container_isolated-6] [INFO] [1791027725.444277475] [bt_navigator]: Begin navigating from current location (-1.96, -0.49) to (0.75, 1.84)
[component_container_isolated-6] [INFO] [1791027725.464742903] [controller_server]: Received a goal, begin computing control effort.
[component_container_isolated-6] [WARN] [1791027725.464767621] [controller_server]: No goal checker was specified in parameter 'current_goal_checker'. Server will use only plugin loaded general_goal_checker . This warning will appear once.
[component_container_isolated-6] [WARN] [1791027725.464780491] [controller_server]: No progress checker was specified in parameter 'current_progress_checker'. Server will use only plugin loaded progress_checker . This warning will appear once.
[component_container_isolated-6] [INFO] [1791027726.514877000] [controller_server]: Passing new path to controller.
[component_container_isolated-6] [INFO] [1791027727.564876003] [controller_server]: Passing new path to controller.
[component_container_isolated-6] [INFO] [1791027728.564870447] [controller_server]: Passing new path to controller.
[component_container_isolated-6] [INFO] [1791027729.614870947] [controller_server]: Passing new path to controller.
[component_container_isolated-6] [INFO] [1791027730.614872918] [controller_server]: Passing new path to controller.
[component_container_isolated-6] [INFO] [1791027731.664872436] [controller_server]: Passing new path to controller.
[component_container_isolated-6] [INFO] [1791027732.664883663] [controller_server]: Passing new path to controller.
[component_container_isolated-6] [INFO] [1791027733.714871068] [controller_server]: Passing new path to controller.
[component_container_isolated-6] [INFO] [1791027734.714871611] [controller_server]: Passing new path to controller.
[component_container_isolated-6] [INFO] [1791027735.764872840] [controller_server]: Passing new path to controller.
[component_container_isolated-6] [INFO] [1791027736.764871877] [controller_server]: Passing new path to controller.
[component_container_isolated-6] [INFO] [1791027737.814871352] [controller_server]: Passing new path to controller.
[component_container_isolated-6] [INFO] [1791027738.815154276] [controller_server]: Passing new path to controller.
[component_container_isolated-6] [INFO] [1791027739.864872350] [controller_server]: Passing new path to controller.
[component_container_isolated-6] [INFO] [1791027740.114888195] [controller_server]: Reached the goal!
[component_container_isolated-6] [INFO] [1791027740.115189987] [controller_server]: Optimizer reset
[component_container_isolated-6] [INFO] [1791027740.144499498] [bt_navigator]: Goal succeeded
[component_container_isolated-6] [INFO] [1791027740.569693859] [amcl]: initialPoseReceived
[component_container_isolated-6] [WARN] [1791027740.569740276] [amcl]: Failed to transform initial pose in time (Lookup would require extrapolation into the future.  Requested time 42.450000 but the latest data is at time 42.444000, when looking up transform from frame [base_footprint] to frame [odom])
[component_container_isolated-6] [INFO] [1791027740.569747156] [amcl]: Setting pose (42.450000): -2.000 -0.500 0.000
[episode_reset-9] [INFO] [1791027742.570176888] [episode_reset]: Episode reset to (-2.0, -0.5, 0.0).
[component_container_isolated-6] [ERROR] [1791027742.655238422] [global_costmap.global_costmap]: The configured inflation radius (0.700) is smaller than the computed inscribed radius (2.212) of your footprint, it is highly recommended to set inflation radius to be at least as big as the inscribed radius to avoid collisions
[component_container_isolated-6] [ERROR] [1791027742.755805126] [local_costmap.local_costmap]: The configured inflation radius (0.700) is smaller than the computed inscribed radius (2.212) of your footprint, it is highly recommended to set inflation radius to be at least as big as the inscribed radius to avoid collisions
[fault_injector-11] [INFO] [1791027742.806257288] [fault_injector]: costmap inject: global: footprint_padding=0.009999999776482582 -> footprint_padding=2.0 (); local: footprint_padding=0.009999999776482582 -> footprint_padding=2.0 ()
[component_container_isolated-6] [INFO] [1791027746.109815190] [bt_navigator]: Begin navigating from current location (-1.95, -0.50) to (0.75, 1.84)
[component_container_isolated-6] [WARN] [1791027746.111182162] [planner_server]: GridBased plugin failed to plan from (-1.95, -0.50) to (0.75, 1.84): "Failed to create plan with tolerance of: 0.500000"
[component_container_isolated-6] [WARN] [1791027746.111203561] [planner_server]: [compute_path_to_pose] [ActionServer] Aborting handle.
[component_container_isolated-6] [INFO] [1791027746.130098543] [global_costmap.global_costmap]: Received request to clear entirely the global_costmap
[component_container_isolated-6] [WARN] [1791027746.620681208] [planner_server]: GridBased plugin failed to plan from (-1.95, -0.50) to (0.75, 1.84): "Failed to create plan with tolerance of: 0.500000"
[component_container_isolated-6] [WARN] [1791027746.620712886] [planner_server]: [compute_path_to_pose] [ActionServer] Aborting handle.
[component_container_isolated-6] [INFO] [1791027746.640094591] [local_costmap.local_costmap]: Received request to clear entirely the local_costmap
[component_container_isolated-6] [INFO] [1791027746.640263171] [global_costmap.global_costmap]: Received request to clear entirely the global_costmap
[component_container_isolated-6] [WARN] [1791027747.620876106] [planner_server]: GridBased plugin failed to plan from (-1.95, -0.50) to (0.75, 1.84): "Failed to create plan with tolerance of: 0.500000"
[component_container_isolated-6] [WARN] [1791027747.620906495] [planner_server]: [compute_path_to_pose] [ActionServer] Aborting handle.
[component_container_isolated-6] [INFO] [1791027747.640046725] [global_costmap.global_costmap]: Received request to clear entirely the global_costmap
[component_container_isolated-6] [WARN] [1791027748.620580654] [planner_server]: GridBased plugin failed to plan from (-1.95, -0.50) to (0.75, 1.84): "Failed to create plan with tolerance of: 0.500000"
[component_container_isolated-6] [WARN] [1791027748.620616672] [planner_server]: [compute_path_to_pose] [ActionServer] Aborting handle.
[component_container_isolated-6] [INFO] [1791027748.640251307] [behavior_server]: Running spin
[component_container_isolated-6] [INFO] [1791027748.640308363] [behavior_server]: Turning 1.57 for spin behavior.
[component_container_isolated-6] [INFO] [1791027748.702563006] [collision_monitor]: Robot to approach for 1.200000 seconds away from collision
[component_container_isolated-6] [WARN] [1791027758.740399594] [behavior_server]: Exceeded time allowance before reaching the Spin goal - Exiting Spin
[component_container_isolated-6] [WARN] [1791027758.740419403] [behavior_server]: spin failed
[component_container_isolated-6] [WARN] [1791027758.740426483] [behavior_server]: [spin] [ActionServer] Aborting handle.
[component_container_isolated-6] [INFO] [1791027758.760076486] [behavior_server]: Running wait
[component_container_isolated-6] [INFO] [1791027759.112590393] [collision_monitor]: Robot to continue normal operation
[component_container_isolated-6] [INFO] [1791027763.760183186] [behavior_server]: wait completed successfully
[component_container_isolated-6] [WARN] [1791027763.780463444] [planner_server]: GridBased plugin failed to plan from (-1.95, -0.50) to (0.75, 1.84): "Failed to create plan with tolerance of: 0.500000"
[component_container_isolated-6] [WARN] [1791027763.780489573] [planner_server]: [compute_path_to_pose] [ActionServer] Aborting handle.
[component_container_isolated-6] [INFO] [1791027763.800091948] [global_costmap.global_costmap]: Received request to clear entirely the global_costmap
[component_container_isolated-6] [WARN] [1791027764.620618454] [planner_server]: GridBased plugin failed to plan from (-1.95, -0.50) to (0.75, 1.84): "Failed to create plan with tolerance of: 0.500000"
[component_container_isolated-6] [WARN] [1791027764.620649642] [planner_server]: [compute_path_to_pose] [ActionServer] Aborting handle.
[component_container_isolated-6] [INFO] [1791027764.640252160] [behavior_server]: Running backup
[component_container_isolated-6] [WARN] [1791027764.640363554] [behavior_server]: Collision Ahead - Exiting DriveOnHeading
[component_container_isolated-6] [WARN] [1791027764.640369933] [behavior_server]: backup failed
[component_container_isolated-6] [WARN] [1791027764.640374673] [behavior_server]: [backup] [ActionServer] Aborting handle.
[component_container_isolated-6] [INFO] [1791027764.659979911] [local_costmap.local_costmap]: Received request to clear entirely the local_costmap
[component_container_isolated-6] [INFO] [1791027764.660106854] [global_costmap.global_costmap]: Received request to clear entirely the global_costmap
[component_container_isolated-6] [WARN] [1791027765.620753284] [planner_server]: GridBased plugin failed to plan from (-1.95, -0.50) to (0.75, 1.84): "Failed to create plan with tolerance of: 0.500000"
[component_container_isolated-6] [WARN] [1791027765.620781682] [planner_server]: [compute_path_to_pose] [ActionServer] Aborting handle.
[component_container_isolated-6] [INFO] [1791027765.640109377] [global_costmap.global_costmap]: Received request to clear entirely the global_costmap
[component_container_isolated-6] [WARN] [1791027766.620687884] [planner_server]: GridBased plugin failed to plan from (-1.95, -0.50) to (0.75, 1.84): "Failed to create plan with tolerance of: 0.500000"
[component_container_isolated-6] [WARN] [1791027766.620740991] [planner_server]: [compute_path_to_pose] [ActionServer] Aborting handle.
[component_container_isolated-6] [INFO] [1791027766.640169572] [behavior_server]: Running spin
[component_container_isolated-6] [INFO] [1791027766.640213950] [behavior_server]: Turning 1.57 for spin behavior.
[component_container_isolated-6] [INFO] [1791027766.702544390] [collision_monitor]: Robot to approach for 1.200000 seconds away from collision
[component_container_isolated-6] [WARN] [1791027776.740293222] [behavior_server]: Exceeded time allowance before reaching the Spin goal - Exiting Spin
[component_container_isolated-6] [WARN] [1791027776.740313441] [behavior_server]: spin failed
[component_container_isolated-6] [WARN] [1791027776.740318541] [behavior_server]: [spin] [ActionServer] Aborting handle.
[component_container_isolated-6] [INFO] [1791027776.760034545] [behavior_server]: Running wait
[component_container_isolated-6] [INFO] [1791027777.112607703] [collision_monitor]: Robot to continue normal operation
[component_container_isolated-6] [INFO] [1791027781.760141989] [behavior_server]: wait completed successfully
[component_container_isolated-6] [WARN] [1791027781.780382865] [planner_server]: GridBased plugin failed to plan from (-1.95, -0.50) to (0.75, 1.84): "Failed to create plan with tolerance of: 0.500000"
[component_container_isolated-6] [WARN] [1791027781.780409703] [planner_server]: [compute_path_to_pose] [ActionServer] Aborting handle.
[component_container_isolated-6] [INFO] [1791027781.800082150] [global_costmap.global_costmap]: Received request to clear entirely the global_costmap
[component_container_isolated-6] [WARN] [1791027782.620561943] [planner_server]: GridBased plugin failed to plan from (-1.95, -0.50) to (0.75, 1.84): "Failed to create plan with tolerance of: 0.500000"
[component_container_isolated-6] [WARN] [1791027782.620590131] [planner_server]: [compute_path_to_pose] [ActionServer] Aborting handle.
[component_container_isolated-6] [INFO] [1791027782.640165725] [behavior_server]: Running backup
[component_container_isolated-6] [WARN] [1791027782.640231341] [behavior_server]: Collision Ahead - Exiting DriveOnHeading
[component_container_isolated-6] [WARN] [1791027782.640237631] [behavior_server]: backup failed
[component_container_isolated-6] [WARN] [1791027782.640241491] [behavior_server]: [backup] [ActionServer] Aborting handle.
[component_container_isolated-6] [INFO] [1791027782.640311997] [local_costmap.local_costmap]: Received request to clear entirely the local_costmap
[component_container_isolated-6] [INFO] [1791027782.640433540] [global_costmap.global_costmap]: Received request to clear entirely the global_costmap
[component_container_isolated-6] [WARN] [1791027783.621207962] [planner_server]: GridBased plugin failed to plan from (-1.95, -0.50) to (0.75, 1.84): "Failed to create plan with tolerance of: 0.500000"
[component_container_isolated-6] [WARN] [1791027783.621239360] [planner_server]: [compute_path_to_pose] [ActionServer] Aborting handle.
[component_container_isolated-6] [INFO] [1791027783.640085064] [global_costmap.global_costmap]: Received request to clear entirely the global_costmap
[component_container_isolated-6] [WARN] [1791027784.620607623] [planner_server]: GridBased plugin failed to plan from (-1.95, -0.50) to (0.75, 1.84): "Failed to create plan with tolerance of: 0.500000"
[component_container_isolated-6] [WARN] [1791027784.620640111] [planner_server]: [compute_path_to_pose] [ActionServer] Aborting handle.
[component_container_isolated-6] [INFO] [1791027784.640184739] [behavior_server]: Running spin
[component_container_isolated-6] [INFO] [1791027784.640228167] [behavior_server]: Turning 1.57 for spin behavior.
[component_container_isolated-6] [INFO] [1791027784.702545887] [collision_monitor]: Robot to approach for 1.200000 seconds away from collision
[component_container_isolated-6] [WARN] [1791027794.740307398] [behavior_server]: Exceeded time allowance before reaching the Spin goal - Exiting Spin
[component_container_isolated-6] [WARN] [1791027794.740328217] [behavior_server]: spin failed
[component_container_isolated-6] [WARN] [1791027794.740333267] [behavior_server]: [spin] [ActionServer] Aborting handle.
[component_container_isolated-6] [INFO] [1791027794.760053985] [behavior_server]: Running wait
[component_container_isolated-6] [INFO] [1791027795.112603674] [collision_monitor]: Robot to continue normal operation
[component_container_isolated-6] [INFO] [1791027799.760156719] [behavior_server]: wait completed successfully
[component_container_isolated-6] [WARN] [1791027799.780452696] [planner_server]: GridBased plugin failed to plan from (-1.95, -0.50) to (0.75, 1.84): "Failed to create plan with tolerance of: 0.500000"
[component_container_isolated-6] [WARN] [1791027799.780481095] [planner_server]: [compute_path_to_pose] [ActionServer] Aborting handle.
[component_container_isolated-6] [INFO] [1791027799.800081988] [global_costmap.global_costmap]: Received request to clear entirely the global_costmap
[component_container_isolated-6] [WARN] [1791027800.620547207] [planner_server]: GridBased plugin failed to plan from (-1.95, -0.50) to (0.75, 1.84): "Failed to create plan with tolerance of: 0.500000"
[component_container_isolated-6] [WARN] [1791027800.620574986] [planner_server]: [compute_path_to_pose] [ActionServer] Aborting handle.
[component_container_isolated-6] [WARN] [1791027800.649932136] [bt_navigator]: [navigate_to_pose] [ActionServer] Aborting handle.
[component_container_isolated-6] [ERROR] [1791027800.650051700] [bt_navigator]: Goal failed
[fault_injector-11] [INFO] [1791027800.792540842] [fault_injector]: costmap rollback: global: restored 0.009999999776482582; local: restored 0.009999999776482582
[component_container_isolated-6] [INFO] [1791027800.841687797] [global_costmap.global_costmap]: Received request to clear entirely the global_costmap
[component_container_isolated-6] [INFO] [1791027800.892016211] [local_costmap.local_costmap]: Received request to clear entirely the local_costmap
[component_container_isolated-6] [INFO] [1791027803.043058261] [bt_navigator]: Begin navigating from current location (-1.95, -0.50) to (0.75, 1.84)
[component_container_isolated-6] [INFO] [1791027803.063427662] [controller_server]: Received a goal, begin computing control effort.
[component_container_isolated-6] [INFO] [1791027804.113528049] [controller_server]: Passing new path to controller.
[component_container_isolated-6] [INFO] [1791027805.163533192] [controller_server]: Passing new path to controller.
[component_container_isolated-6] [INFO] [1791027806.163527477] [controller_server]: Passing new path to controller.
[component_container_isolated-6] [INFO] [1791027807.163527313] [controller_server]: Passing new path to controller.
[component_container_isolated-6] [INFO] [1791027808.213528987] [controller_server]: Passing new path to controller.
[component_container_isolated-6] [INFO] [1791027809.263529532] [controller_server]: Passing new path to controller.
[component_container_isolated-6] [INFO] [1791027810.263528289] [controller_server]: Passing new path to controller.
[component_container_isolated-6] [INFO] [1791027811.313530627] [controller_server]: Passing new path to controller.
[component_container_isolated-6] [INFO] [1791027812.313530000] [controller_server]: Passing new path to controller.
[component_container_isolated-6] [INFO] [1791027813.363484044] [controller_server]: Passing new path to controller.
[component_container_isolated-6] [INFO] [1791027814.363481541] [controller_server]: Passing new path to controller.
[component_container_isolated-6] [INFO] [1791027815.413528614] [controller_server]: Passing new path to controller.
[component_container_isolated-6] [INFO] [1791027816.413526594] [controller_server]: Passing new path to controller.
[component_container_isolated-6] [INFO] [1791027817.463478874] [controller_server]: Passing new path to controller.
[component_container_isolated-6] [INFO] [1791027818.463529034] [controller_server]: Passing new path to controller.
[component_container_isolated-6] [INFO] [1791027818.713509078] [controller_server]: Reached the goal!
[component_container_isolated-6] [INFO] [1791027818.713750686] [controller_server]: Optimizer reset
[component_container_isolated-6] [INFO] [1791027818.743232667] [bt_navigator]: Goal succeeded
[component_container_isolated-6] [INFO] [1791027819.222319561] [amcl]: initialPoseReceived
[component_container_isolated-6] [WARN] [1791027819.222367049] [amcl]: Failed to transform initial pose in time (Lookup would require extrapolation into the future.  Requested time 121.008000 but the latest data is at time 120.996000, when looking up transform from frame [base_footprint] to frame [odom])
[component_container_isolated-6] [INFO] [1791027819.222374118] [amcl]: Setting pose (121.008000): -2.000 -0.500 0.000
[episode_reset-9] [INFO] [1791027821.222678500] [episode_reset]: Episode reset to (-2.0, -0.5, 0.0).
[component_container_isolated-6] [INFO] [1791027821.356276136] [bt_navigator]: Begin navigating from current location (-1.99, -0.48) to (0.75, 1.84)
[component_container_isolated-6] [INFO] [1791027821.376677618] [controller_server]: Received a goal, begin computing control effort.
[component_container_isolated-6] [INFO] [1791027822.426774234] [controller_server]: Passing new path to controller.
[component_container_isolated-6] [INFO] [1791027823.476774981] [controller_server]: Passing new path to controller.
[component_container_isolated-6] [INFO] [1791027824.476777026] [controller_server]: Passing new path to controller.
[component_container_isolated-6] [INFO] [1791027825.526777412] [controller_server]: Passing new path to controller.
[component_container_isolated-6] [INFO] [1791027826.526773838] [controller_server]: Passing new path to controller.
[component_container_isolated-6] [INFO] [1791027827.576775743] [controller_server]: Passing new path to controller.
[component_container_isolated-6] [INFO] [1791027828.576775727] [controller_server]: Passing new path to controller.
[component_container_isolated-6] [INFO] [1791027829.626774979] [controller_server]: Passing new path to controller.
[component_container_isolated-6] [INFO] [1791027830.626778712] [controller_server]: Passing new path to controller.
[component_container_isolated-6] [INFO] [1791027831.676776971] [controller_server]: Passing new path to controller.
[component_container_isolated-6] [INFO] [1791027832.676773822] [controller_server]: Passing new path to controller.
[component_container_isolated-6] [INFO] [1791027833.726774978] [controller_server]: Passing new path to controller.
[component_container_isolated-6] [INFO] [1791027834.726775185] [controller_server]: Passing new path to controller.
[component_container_isolated-6] [INFO] [1791027835.776775266] [controller_server]: Passing new path to controller.
[component_container_isolated-6] [INFO] [1791027836.776773041] [controller_server]: Passing new path to controller.
[component_container_isolated-6] [INFO] [1791027837.176786174] [controller_server]: Reached the goal!
[component_container_isolated-6] [INFO] [1791027837.177021123] [controller_server]: Optimizer reset
[component_container_isolated-6] [INFO] [1791027837.206454616] [bt_navigator]: Goal succeeded
[component_container_isolated-6] [INFO] [1791027837.631773212] [amcl]: initialPoseReceived
[component_container_isolated-6] [WARN] [1791027837.631819140] [amcl]: Failed to transform initial pose in time (Lookup would require extrapolation into the future.  Requested time 1791027837.631670 but the latest data is at time 140.200000, when looking up transform from frame [odom] to frame [base_footprint])
[component_container_isolated-6] [INFO] [1791027837.631826099] [amcl]: Setting pose (139.320000): -2.000 -0.500 0.000
[episode_reset-9] [INFO] [1791027839.632212733] [episode_reset]: Episode reset to (-2.0, -0.5, 0.0).
[component_container_isolated-6] [ERROR] [1791027839.719599860] [global_costmap.global_costmap]: The configured inflation radius (0.700) is smaller than the computed inscribed radius (2.212) of your footprint, it is highly recommended to set inflation radius to be at least as big as the inscribed radius to avoid collisions
[component_container_isolated-6] [ERROR] [1791027839.820166131] [local_costmap.local_costmap]: The configured inflation radius (0.700) is smaller than the computed inscribed radius (2.212) of your footprint, it is highly recommended to set inflation radius to be at least as big as the inscribed radius to avoid collisions
[fault_injector-11] [INFO] [1791027839.870597284] [fault_injector]: costmap inject: global: footprint_padding=0.009999999776482582 -> footprint_padding=2.0 (); local: footprint_padding=0.009999999776482582 -> footprint_padding=2.0 ()
[component_container_isolated-6] [INFO] [1791027843.174365247] [bt_navigator]: Begin navigating from current location (-1.99, -0.50) to (0.75, 1.84)
[component_container_isolated-6] [WARN] [1791027843.175020396] [planner_server]: GridBased plugin failed to plan from (-1.99, -0.50) to (0.75, 1.84): "Failed to create plan with tolerance of: 0.500000"
[component_container_isolated-6] [WARN] [1791027843.175059384] [planner_server]: [compute_path_to_pose] [ActionServer] Aborting handle.
[component_container_isolated-6] [INFO] [1791027843.194643704] [global_costmap.global_costmap]: Received request to clear entirely the global_costmap
[component_container_isolated-6] [WARN] [1791027843.615242864] [planner_server]: GridBased plugin failed to plan from (-1.99, -0.50) to (0.75, 1.84): "Failed to create plan with tolerance of: 0.500000"
[component_container_isolated-6] [WARN] [1791027843.615274522] [planner_server]: [compute_path_to_pose] [ActionServer] Aborting handle.
[component_container_isolated-6] [INFO] [1791027843.634663772] [local_costmap.local_costmap]: Received request to clear entirely the local_costmap
[component_container_isolated-6] [INFO] [1791027843.634781216] [global_costmap.global_costmap]: Received request to clear entirely the global_costmap
[component_container_isolated-6] [WARN] [1791027844.615411948] [planner_server]: GridBased plugin failed to plan from (-1.99, -0.50) to (0.75, 1.84): "Failed to create plan with tolerance of: 0.500000"
[component_container_isolated-6] [WARN] [1791027844.615440577] [planner_server]: [compute_path_to_pose] [ActionServer] Aborting handle.
[component_container_isolated-6] [INFO] [1791027844.634665476] [global_costmap.global_costmap]: Received request to clear entirely the global_costmap
[component_container_isolated-6] [WARN] [1791027845.615184306] [planner_server]: GridBased plugin failed to plan from (-1.99, -0.50) to (0.75, 1.84): "Failed to create plan with tolerance of: 0.500000"
[component_container_isolated-6] [WARN] [1791027845.615214914] [planner_server]: [compute_path_to_pose] [ActionServer] Aborting handle.
[component_container_isolated-6] [INFO] [1791027845.634748100] [behavior_server]: Running spin
[component_container_isolated-6] [INFO] [1791027845.634800028] [behavior_server]: Turning 1.57 for spin behavior.
[component_container_isolated-6] [INFO] [1791027845.702547619] [collision_monitor]: Robot to approach for 1.200000 seconds away from collision
[component_container_isolated-6] [WARN] [1791027855.734880253] [behavior_server]: Exceeded time allowance before reaching the Spin goal - Exiting Spin
[component_container_isolated-6] [WARN] [1791027855.734901872] [behavior_server]: spin failed
[component_container_isolated-6] [WARN] [1791027855.734908262] [behavior_server]: [spin] [ActionServer] Aborting handle.
[component_container_isolated-6] [INFO] [1791027855.754586297] [behavior_server]: Running wait
[component_container_isolated-6] [INFO] [1791027856.102557079] [collision_monitor]: Robot to continue normal operation
[component_container_isolated-6] [INFO] [1791027860.854687284] [behavior_server]: wait completed successfully
[component_container_isolated-6] [WARN] [1791027860.875016918] [planner_server]: GridBased plugin failed to plan from (-1.99, -0.50) to (0.75, 1.84): "Failed to create plan with tolerance of: 0.500000"
[component_container_isolated-6] [WARN] [1791027860.875047466] [planner_server]: [compute_path_to_pose] [ActionServer] Aborting handle.
[component_container_isolated-6] [INFO] [1791027860.894658053] [global_costmap.global_costmap]: Received request to clear entirely the global_costmap
[component_container_isolated-6] [WARN] [1791027861.615105307] [planner_server]: GridBased plugin failed to plan from (-1.99, -0.50) to (0.75, 1.84): "Failed to create plan with tolerance of: 0.500000"
[component_container_isolated-6] [WARN] [1791027861.615136685] [planner_server]: [compute_path_to_pose] [ActionServer] Aborting handle.
[component_container_isolated-6] [INFO] [1791027861.634741514] [behavior_server]: Running backup
[component_container_isolated-6] [WARN] [1791027861.634817410] [behavior_server]: Collision Ahead - Exiting DriveOnHeading
[component_container_isolated-6] [WARN] [1791027861.634826060] [behavior_server]: backup failed
[component_container_isolated-6] [WARN] [1791027861.634831540] [behavior_server]: [backup] [ActionServer] Aborting handle.
[component_container_isolated-6] [INFO] [1791027861.654538594] [local_costmap.local_costmap]: Received request to clear entirely the local_costmap
[component_container_isolated-6] [INFO] [1791027861.654680037] [global_costmap.global_costmap]: Received request to clear entirely the global_costmap
[component_container_isolated-6] [WARN] [1791027862.615522656] [planner_server]: GridBased plugin failed to plan from (-1.99, -0.50) to (0.75, 1.84): "Failed to create plan with tolerance of: 0.500000"
[component_container_isolated-6] [WARN] [1791027862.615557344] [planner_server]: [compute_path_to_pose] [ActionServer] Aborting handle.
[component_container_isolated-6] [INFO] [1791027862.634660118] [global_costmap.global_costmap]: Received request to clear entirely the global_costmap
[component_container_isolated-6] [WARN] [1791027863.615185551] [planner_server]: GridBased plugin failed to plan from (-1.99, -0.50) to (0.75, 1.84): "Failed to create plan with tolerance of: 0.500000"
[component_container_isolated-6] [WARN] [1791027863.615214990] [planner_server]: [compute_path_to_pose] [ActionServer] Aborting handle.
[component_container_isolated-6] [INFO] [1791027863.634750375] [behavior_server]: Running spin
[component_container_isolated-6] [INFO] [1791027863.634792913] [behavior_server]: Turning 1.57 for spin behavior.
[component_container_isolated-6] [INFO] [1791027863.702544835] [collision_monitor]: Robot to approach for 1.200000 seconds away from collision
[component_container_isolated-6] [WARN] [1791027873.734879676] [behavior_server]: Exceeded time allowance before reaching the Spin goal - Exiting Spin
[component_container_isolated-6] [WARN] [1791027873.734899925] [behavior_server]: spin failed
[component_container_isolated-6] [WARN] [1791027873.734905024] [behavior_server]: [spin] [ActionServer] Aborting handle.
[component_container_isolated-6] [INFO] [1791027873.754516422] [behavior_server]: Running wait
[component_container_isolated-6] [INFO] [1791027874.102537261] [collision_monitor]: Robot to continue normal operation
[component_container_isolated-6] [INFO] [1791027878.854622560] [behavior_server]: wait completed successfully
[component_container_isolated-6] [WARN] [1791027878.875012560] [planner_server]: GridBased plugin failed to plan from (-1.99, -0.50) to (0.75, 1.84): "Failed to create plan with tolerance of: 0.500000"
[component_container_isolated-6] [WARN] [1791027878.875039099] [planner_server]: [compute_path_to_pose] [ActionServer] Aborting handle.
[component_container_isolated-6] [INFO] [1791027878.894663763] [global_costmap.global_costmap]: Received request to clear entirely the global_costmap
[component_container_isolated-6] [WARN] [1791027879.615347698] [planner_server]: GridBased plugin failed to plan from (-1.99, -0.50) to (0.75, 1.84): "Failed to create plan with tolerance of: 0.500000"
[component_container_isolated-6] [WARN] [1791027879.615384527] [planner_server]: [compute_path_to_pose] [ActionServer] Aborting handle.
[component_container_isolated-6] [INFO] [1791027879.634706316] [behavior_server]: Running backup
[component_container_isolated-6] [WARN] [1791027879.634772653] [behavior_server]: Collision Ahead - Exiting DriveOnHeading
[component_container_isolated-6] [WARN] [1791027879.634781763] [behavior_server]: backup failed
[component_container_isolated-6] [WARN] [1791027879.634786333] [behavior_server]: [backup] [ActionServer] Aborting handle.
[component_container_isolated-6] [INFO] [1791027879.634848580] [local_costmap.local_costmap]: Received request to clear entirely the local_costmap
[component_container_isolated-6] [INFO] [1791027879.634954915] [global_costmap.global_costmap]: Received request to clear entirely the global_costmap
[component_container_isolated-6] [WARN] [1791027880.615697175] [planner_server]: GridBased plugin failed to plan from (-1.99, -0.50) to (0.75, 1.84): "Failed to create plan with tolerance of: 0.500000"
[component_container_isolated-6] [WARN] [1791027880.615731943] [planner_server]: [compute_path_to_pose] [ActionServer] Aborting handle.
[component_container_isolated-6] [INFO] [1791027880.634652403] [global_costmap.global_costmap]: Received request to clear entirely the global_costmap
[component_container_isolated-6] [WARN] [1791027881.615279995] [planner_server]: GridBased plugin failed to plan from (-1.99, -0.50) to (0.75, 1.84): "Failed to create plan with tolerance of: 0.500000"
[component_container_isolated-6] [WARN] [1791027881.615312814] [planner_server]: [compute_path_to_pose] [ActionServer] Aborting handle.
[component_container_isolated-6] [INFO] [1791027881.634755511] [behavior_server]: Running spin
[component_container_isolated-6] [INFO] [1791027881.634806199] [behavior_server]: Turning 1.57 for spin behavior.
[component_container_isolated-6] [INFO] [1791027881.702546009] [collision_monitor]: Robot to approach for 1.200000 seconds away from collision
[component_container_isolated-6] [WARN] [1791027891.734891910] [behavior_server]: Exceeded time allowance before reaching the Spin goal - Exiting Spin
[component_container_isolated-6] [WARN] [1791027891.734914369] [behavior_server]: spin failed
[component_container_isolated-6] [WARN] [1791027891.734920239] [behavior_server]: [spin] [ActionServer] Aborting handle.
[component_container_isolated-6] [INFO] [1791027891.754584502] [behavior_server]: Running wait
[component_container_isolated-6] [INFO] [1791027892.102550835] [collision_monitor]: Robot to continue normal operation
[component_container_isolated-6] [INFO] [1791027896.854694315] [behavior_server]: wait completed successfully
[component_container_isolated-6] [WARN] [1791027896.874977198] [planner_server]: GridBased plugin failed to plan from (-1.99, -0.50) to (0.75, 1.84): "Failed to create plan with tolerance of: 0.500000"
[component_container_isolated-6] [WARN] [1791027896.875007487] [planner_server]: [compute_path_to_pose] [ActionServer] Aborting handle.
[component_container_isolated-6] [INFO] [1791027896.894691656] [global_costmap.global_costmap]: Received request to clear entirely the global_costmap
[component_container_isolated-6] [WARN] [1791027897.615206385] [planner_server]: GridBased plugin failed to plan from (-1.99, -0.50) to (0.75, 1.84): "Failed to create plan with tolerance of: 0.500000"
[component_container_isolated-6] [WARN] [1791027897.615234363] [planner_server]: [compute_path_to_pose] [ActionServer] Aborting handle.
[component_container_isolated-6] [WARN] [1791027897.644480127] [bt_navigator]: [navigate_to_pose] [ActionServer] Aborting handle.
[component_container_isolated-6] [ERROR] [1791027897.644567923] [bt_navigator]: Goal failed
[fault_injector-11] [INFO] [1791027897.756929060] [fault_injector]: costmap rollback: global: restored 0.009999999776482582; local: restored 0.009999999776482582
[component_container_isolated-6] [INFO] [1791027897.806059146] [global_costmap.global_costmap]: Received request to clear entirely the global_costmap
[component_container_isolated-6] [INFO] [1791027897.856364631] [local_costmap.local_costmap]: Received request to clear entirely the local_costmap
[component_container_isolated-6] [INFO] [1791027900.007461366] [bt_navigator]: Begin navigating from current location (-1.99, -0.50) to (0.75, 1.84)
[component_container_isolated-6] [INFO] [1791027900.027946107] [controller_server]: Received a goal, begin computing control effort.
[component_container_isolated-6] [INFO] [1791027901.078001948] [controller_server]: Passing new path to controller.
[component_container_isolated-6] [INFO] [1791027902.128004684] [controller_server]: Passing new path to controller.
[component_container_isolated-6] [INFO] [1791027903.128051311] [controller_server]: Passing new path to controller.
[component_container_isolated-6] [INFO] [1791027904.178048300] [controller_server]: Passing new path to controller.
[component_container_isolated-6] [INFO] [1791027905.178049742] [controller_server]: Passing new path to controller.
[component_container_isolated-6] [INFO] [1791027906.228051633] [controller_server]: Passing new path to controller.
[component_container_isolated-6] [INFO] [1791027907.228048279] [controller_server]: Passing new path to controller.
[component_container_isolated-6] [INFO] [1791027908.278051260] [controller_server]: Passing new path to controller.
[component_container_isolated-6] [INFO] [1791027909.278047880] [controller_server]: Passing new path to controller.
[component_container_isolated-6] [INFO] [1791027910.328049401] [controller_server]: Passing new path to controller.
[component_container_isolated-6] [INFO] [1791027911.328050624] [controller_server]: Passing new path to controller.
[component_container_isolated-6] [INFO] [1791027912.378050175] [controller_server]: Passing new path to controller.
[component_container_isolated-6] [INFO] [1791027913.378051969] [controller_server]: Passing new path to controller.
[component_container_isolated-6] [INFO] [1791027913.878067198] [controller_server]: Reached the goal!
[component_container_isolated-6] [INFO] [1791027913.878325067] [controller_server]: Optimizer reset
[component_container_isolated-6] [INFO] [1791027913.907628944] [bt_navigator]: Goal succeeded
[component_container_isolated-6] [INFO] [1791027914.391318065] [amcl]: initialPoseReceived
[component_container_isolated-6] [WARN] [1791027914.391375732] [amcl]: Failed to transform initial pose in time (Lookup would require extrapolation into the future.  Requested time 215.985000 but the latest data is at time 215.964000, when looking up transform from frame [base_footprint] to frame [odom])
[component_container_isolated-6] [INFO] [1791027914.391390222] [amcl]: Setting pose (215.985000): -2.000 -0.500 0.000
[episode_reset-9] [INFO] [1791027916.391718177] [episode_reset]: Episode reset to (-2.0, -0.5, 0.0).
[component_container_isolated-6] [INFO] [1791027916.525232750] [bt_navigator]: Begin navigating from current location (-1.97, -0.45) to (0.75, 1.84)
[component_container_isolated-6] [INFO] [1791027916.545589880] [controller_server]: Received a goal, begin computing control effort.
[component_container_isolated-6] [INFO] [1791027917.595653362] [controller_server]: Passing new path to controller.
[component_container_isolated-6] [INFO] [1791027918.645688385] [controller_server]: Passing new path to controller.
[component_container_isolated-6] [INFO] [1791027919.645687590] [controller_server]: Passing new path to controller.
[component_container_isolated-6] [INFO] [1791027920.695684590] [controller_server]: Passing new path to controller.
[component_container_isolated-6] [INFO] [1791027921.695690434] [controller_server]: Passing new path to controller.
[component_container_isolated-6] [INFO] [1791027922.745684513] [controller_server]: Passing new path to controller.
[component_container_isolated-6] [INFO] [1791027923.745685056] [controller_server]: Passing new path to controller.
[component_container_isolated-6] [INFO] [1791027924.795686609] [controller_server]: Passing new path to controller.
[component_container_isolated-6] [INFO] [1791027925.795686391] [controller_server]: Passing new path to controller.
[component_container_isolated-6] [INFO] [1791027926.845687520] [controller_server]: Passing new path to controller.
[component_container_isolated-6] [INFO] [1791027927.845687738] [controller_server]: Passing new path to controller.
[component_container_isolated-6] [INFO] [1791027928.895685442] [controller_server]: Passing new path to controller.
[component_container_isolated-6] [INFO] [1791027929.895688588] [controller_server]: Passing new path to controller.
[component_container_isolated-6] [INFO] [1791027930.945686525] [controller_server]: Passing new path to controller.
[component_container_isolated-6] [INFO] [1791027931.095702090] [controller_server]: Reached the goal!
[component_container_isolated-6] [INFO] [1791027931.096018957] [controller_server]: Optimizer reset
[component_container_isolated-6] [INFO] [1791027931.125398859] [bt_navigator]: Goal succeeded
[component_container_isolated-6] [INFO] [1791027931.630422026] [amcl]: initialPoseReceived
[component_container_isolated-6] [WARN] [1791027931.630468304] [amcl]: Failed to transform initial pose in time (Lookup would require extrapolation into the future.  Requested time 233.127000 but the latest data is at time 233.100000, when looking up transform from frame [base_footprint] to frame [odom])
[component_container_isolated-6] [INFO] [1791027931.630475473] [amcl]: Setting pose (233.127000): -2.000 -0.500 0.000
[episode_reset-9] [INFO] [1791027933.630789714] [episode_reset]: Episode reset to (-2.0, -0.5, 0.0).
[component_container_isolated-6] [ERROR] [1791027933.714232974] [global_costmap.global_costmap]: The configured inflation radius (0.700) is smaller than the computed inscribed radius (2.212) of your footprint, it is highly recommended to set inflation radius to be at least as big as the inscribed radius to avoid collisions
[component_container_isolated-6] [ERROR] [1791027933.814783582] [local_costmap.local_costmap]: The configured inflation radius (0.700) is smaller than the computed inscribed radius (2.212) of your footprint, it is highly recommended to set inflation radius to be at least as big as the inscribed radius to avoid collisions
[fault_injector-11] [INFO] [1791027933.865214185] [fault_injector]: costmap inject: global: footprint_padding=0.009999999776482582 -> footprint_padding=2.0 (); local: footprint_padding=0.009999999776482582 -> footprint_padding=2.0 ()
[component_container_isolated-6] [INFO] [1791027937.168662815] [bt_navigator]: Begin navigating from current location (-2.00, -0.50) to (0.75, 1.84)
[component_container_isolated-6] [WARN] [1791027937.169515300] [planner_server]: GridBased plugin failed to plan from (-2.00, -0.50) to (0.75, 1.84): "Failed to create plan with tolerance of: 0.500000"
[component_container_isolated-6] [WARN] [1791027937.169540479] [planner_server]: [compute_path_to_pose] [ActionServer] Aborting handle.
[component_container_isolated-6] [INFO] [1791027937.188949299] [global_costmap.global_costmap]: Received request to clear entirely the global_costmap
[component_container_isolated-6] [WARN] [1791027937.619488513] [planner_server]: GridBased plugin failed to plan from (-2.00, -0.50) to (0.75, 1.84): "Failed to create plan with tolerance of: 0.500000"
[component_container_isolated-6] [WARN] [1791027937.619520241] [planner_server]: [compute_path_to_pose] [ActionServer] Aborting handle.
[component_container_isolated-6] [INFO] [1791027937.638960670] [local_costmap.local_costmap]: Received request to clear entirely the local_costmap
[component_container_isolated-6] [INFO] [1791027937.639082355] [global_costmap.global_costmap]: Received request to clear entirely the global_costmap
[component_container_isolated-6] [WARN] [1791027938.619698109] [planner_server]: GridBased plugin failed to plan from (-2.00, -0.50) to (0.75, 1.84): "Failed to create plan with tolerance of: 0.500000"
[component_container_isolated-6] [WARN] [1791027938.619728538] [planner_server]: [compute_path_to_pose] [ActionServer] Aborting handle.
[component_container_isolated-6] [INFO] [1791027938.638946377] [global_costmap.global_costmap]: Received request to clear entirely the global_costmap
[component_container_isolated-6] [WARN] [1791027939.619515102] [planner_server]: GridBased plugin failed to plan from (-2.00, -0.50) to (0.75, 1.84): "Failed to create plan with tolerance of: 0.500000"
[component_container_isolated-6] [WARN] [1791027939.619551380] [planner_server]: [compute_path_to_pose] [ActionServer] Aborting handle.
[component_container_isolated-6] [INFO] [1791027939.639048570] [behavior_server]: Running spin
[component_container_isolated-6] [INFO] [1791027939.639094108] [behavior_server]: Turning 1.57 for spin behavior.
[component_container_isolated-6] [INFO] [1791027939.712573157] [collision_monitor]: Robot to approach for 1.200000 seconds away from collision
[component_container_isolated-6] [WARN] [1791027949.639165402] [behavior_server]: Exceeded time allowance before reaching the Spin goal - Exiting Spin
[component_container_isolated-6] [WARN] [1791027949.639186011] [behavior_server]: spin failed
[component_container_isolated-6] [WARN] [1791027949.639192271] [behavior_server]: [spin] [ActionServer] Aborting handle.
[component_container_isolated-6] [INFO] [1791027949.658883795] [behavior_server]: Running wait
[component_container_isolated-6] [INFO] [1791027950.002525094] [collision_monitor]: Robot to continue normal operation
[component_container_isolated-6] [INFO] [1791027954.658986320] [behavior_server]: wait completed successfully
[component_container_isolated-6] [WARN] [1791027954.679287488] [planner_server]: GridBased plugin failed to plan from (-2.00, -0.50) to (0.75, 1.84): "Failed to create plan with tolerance of: 0.500000"
[component_container_isolated-6] [WARN] [1791027954.679316177] [planner_server]: [compute_path_to_pose] [ActionServer] Aborting handle.
[component_container_isolated-6] [INFO] [1791027954.698940991] [global_costmap.global_costmap]: Received request to clear entirely the global_costmap
[component_container_isolated-6] [WARN] [1791027955.619555421] [planner_server]: GridBased plugin failed to plan from (-2.00, -0.50) to (0.75, 1.84): "Failed to create plan with tolerance of: 0.500000"
[component_container_isolated-6] [WARN] [1791027955.619586790] [planner_server]: [compute_path_to_pose] [ActionServer] Aborting handle.
[component_container_isolated-6] [INFO] [1791027955.639001844] [behavior_server]: Running backup
[component_container_isolated-6] [WARN] [1791027955.639065091] [behavior_server]: Collision Ahead - Exiting DriveOnHeading
[component_container_isolated-6] [WARN] [1791027955.639071061] [behavior_server]: backup failed
[component_container_isolated-6] [WARN] [1791027955.639074511] [behavior_server]: [backup] [ActionServer] Aborting handle.
[component_container_isolated-6] [INFO] [1791027955.658774953] [local_costmap.local_costmap]: Received request to clear entirely the local_costmap
[component_container_isolated-6] [INFO] [1791027955.658912118] [global_costmap.global_costmap]: Received request to clear entirely the global_costmap
[component_container_isolated-6] [WARN] [1791027956.619630728] [planner_server]: GridBased plugin failed to plan from (-2.00, -0.50) to (0.75, 1.84): "Failed to create plan with tolerance of: 0.500000"
[component_container_isolated-6] [WARN] [1791027956.619660707] [planner_server]: [compute_path_to_pose] [ActionServer] Aborting handle.
[component_container_isolated-6] [INFO] [1791027956.638945667] [global_costmap.global_costmap]: Received request to clear entirely the global_costmap
[component_container_isolated-6] [WARN] [1791027957.619391915] [planner_server]: GridBased plugin failed to plan from (-2.00, -0.50) to (0.75, 1.84): "Failed to create plan with tolerance of: 0.500000"
[component_container_isolated-6] [WARN] [1791027957.619421074] [planner_server]: [compute_path_to_pose] [ActionServer] Aborting handle.
[component_container_isolated-6] [INFO] [1791027957.639036673] [behavior_server]: Running spin
[component_container_isolated-6] [INFO] [1791027957.639086891] [behavior_server]: Turning 1.57 for spin behavior.
[component_container_isolated-6] [INFO] [1791027957.702580824] [collision_monitor]: Robot to approach for 1.200000 seconds away from collision
[component_container_isolated-6] [WARN] [1791027967.639172024] [behavior_server]: Exceeded time allowance before reaching the Spin goal - Exiting Spin
[component_container_isolated-6] [WARN] [1791027967.639193003] [behavior_server]: spin failed
[component_container_isolated-6] [WARN] [1791027967.639198323] [behavior_server]: [spin] [ActionServer] Aborting handle.
[component_container_isolated-6] [INFO] [1791027967.658891432] [behavior_server]: Running wait
[component_container_isolated-6] [INFO] [1791027968.002531188] [collision_monitor]: Robot to continue normal operation
[component_container_isolated-6] [INFO] [1791027972.658990612] [behavior_server]: wait completed successfully
[component_container_isolated-6] [WARN] [1791027972.679303884] [planner_server]: GridBased plugin failed to plan from (-2.00, -0.50) to (0.75, 1.84): "Failed to create plan with tolerance of: 0.500000"
[component_container_isolated-6] [WARN] [1791027972.679330962] [planner_server]: [compute_path_to_pose] [ActionServer] Aborting handle.
[component_container_isolated-6] [INFO] [1791027972.698963510] [global_costmap.global_costmap]: Received request to clear entirely the global_costmap
[component_container_isolated-6] [WARN] [1791027973.619518451] [planner_server]: GridBased plugin failed to plan from (-2.00, -0.50) to (0.75, 1.84): "Failed to create plan with tolerance of: 0.500000"
[component_container_isolated-6] [WARN] [1791027973.619548260] [planner_server]: [compute_path_to_pose] [ActionServer] Aborting handle.
[component_container_isolated-6] [INFO] [1791027973.639009445] [behavior_server]: Running backup
[component_container_isolated-6] [WARN] [1791027973.639090912] [behavior_server]: Collision Ahead - Exiting DriveOnHeading
[component_container_isolated-6] [WARN] [1791027973.639099462] [behavior_server]: backup failed
[component_container_isolated-6] [WARN] [1791027973.639104452] [behavior_server]: [backup] [ActionServer] Aborting handle.
[component_container_isolated-6] [INFO] [1791027973.658821487] [local_costmap.local_costmap]: Received request to clear entirely the local_costmap
[component_container_isolated-6] [INFO] [1791027973.658951192] [global_costmap.global_costmap]: Received request to clear entirely the global_costmap
[component_container_isolated-6] [WARN] [1791027974.619596969] [planner_server]: GridBased plugin failed to plan from (-2.00, -0.50) to (0.75, 1.84): "Failed to create plan with tolerance of: 0.500000"
[component_container_isolated-6] [WARN] [1791027974.619624718] [planner_server]: [compute_path_to_pose] [ActionServer] Aborting handle.
[component_container_isolated-6] [INFO] [1791027974.638948910] [global_costmap.global_costmap]: Received request to clear entirely the global_costmap
[component_container_isolated-6] [WARN] [1791027975.619445483] [planner_server]: GridBased plugin failed to plan from (-2.00, -0.50) to (0.75, 1.84): "Failed to create plan with tolerance of: 0.500000"
[component_container_isolated-6] [WARN] [1791027975.619476792] [planner_server]: [compute_path_to_pose] [ActionServer] Aborting handle.
[component_container_isolated-6] [INFO] [1791027975.639007057] [behavior_server]: Running spin
[component_container_isolated-6] [INFO] [1791027975.639043246] [behavior_server]: Turning 1.57 for spin behavior.
[component_container_isolated-6] [INFO] [1791027975.712613920] [collision_monitor]: Robot to approach for 1.200000 seconds away from collision
[component_container_isolated-6] [WARN] [1791027985.639119235] [behavior_server]: Exceeded time allowance before reaching the Spin goal - Exiting Spin
[component_container_isolated-6] [WARN] [1791027985.639139584] [behavior_server]: spin failed
[component_container_isolated-6] [WARN] [1791027985.639149443] [behavior_server]: [spin] [ActionServer] Aborting handle.
[component_container_isolated-6] [INFO] [1791027985.658869944] [behavior_server]: Running wait
[component_container_isolated-6] [INFO] [1791027986.002531544] [collision_monitor]: Robot to continue normal operation
[component_container_isolated-6] [INFO] [1791027990.658939742] [behavior_server]: wait completed successfully
[component_container_isolated-6] [WARN] [1791027990.679301285] [planner_server]: GridBased plugin failed to plan from (-2.00, -0.50) to (0.75, 1.84): "Failed to create plan with tolerance of: 0.500000"
[component_container_isolated-6] [WARN] [1791027990.679335204] [planner_server]: [compute_path_to_pose] [ActionServer] Aborting handle.
[component_container_isolated-6] [INFO] [1791027990.698962295] [global_costmap.global_costmap]: Received request to clear entirely the global_costmap
[component_container_isolated-6] [WARN] [1791027991.619405130] [planner_server]: GridBased plugin failed to plan from (-2.00, -0.50) to (0.75, 1.84): "Failed to create plan with tolerance of: 0.500000"
[component_container_isolated-6] [WARN] [1791027991.619434808] [planner_server]: [compute_path_to_pose] [ActionServer] Aborting handle.
[component_container_isolated-6] [WARN] [1791027991.648774840] [bt_navigator]: [navigate_to_pose] [ActionServer] Aborting handle.
[component_container_isolated-6] [ERROR] [1791027991.648858817] [bt_navigator]: Goal failed
[fault_injector-11] [INFO] [1791027991.752790251] [fault_injector]: costmap rollback: global: restored 0.009999999776482582; local: restored 0.009999999776482582
[component_container_isolated-6] [INFO] [1791027991.801674078] [global_costmap.global_costmap]: Received request to clear entirely the global_costmap
[component_container_isolated-6] [INFO] [1791027991.851971542] [local_costmap.local_costmap]: Received request to clear entirely the local_costmap
[component_container_isolated-6] [INFO] [1791027994.003140160] [bt_navigator]: Begin navigating from current location (-2.00, -0.50) to (0.75, 1.84)
[component_container_isolated-6] [INFO] [1791027994.023511128] [controller_server]: Received a goal, begin computing control effort.
[component_container_isolated-6] [INFO] [1791027995.073607326] [controller_server]: Passing new path to controller.
[component_container_isolated-6] [INFO] [1791027996.123604217] [controller_server]: Passing new path to controller.
[component_container_isolated-6] [INFO] [1791027997.123606353] [controller_server]: Passing new path to controller.
[component_container_isolated-6] [INFO] [1791027998.173605419] [controller_server]: Passing new path to controller.
[component_container_isolated-6] [INFO] [1791027999.173604793] [controller_server]: Passing new path to controller.
[component_container_isolated-6] [INFO] [1791028000.223605104] [controller_server]: Passing new path to controller.
[component_container_isolated-6] [INFO] [1791028001.223606176] [controller_server]: Passing new path to controller.
[component_container_isolated-6] [INFO] [1791028002.273604180] [controller_server]: Passing new path to controller.
[component_container_isolated-6] [INFO] [1791028003.273604149] [controller_server]: Passing new path to controller.
[component_container_isolated-6] [INFO] [1791028004.323605777] [controller_server]: Passing new path to controller.
[component_container_isolated-6] [INFO] [1791028005.323605823] [controller_server]: Passing new path to controller.
[component_container_isolated-6] [INFO] [1791028006.323604142] [controller_server]: Passing new path to controller.
[component_container_isolated-6] [INFO] [1791028007.373609015] [controller_server]: Passing new path to controller.
[component_container_isolated-6] [INFO] [1791028008.323625531] [controller_server]: Reached the goal!
[component_container_isolated-6] [INFO] [1791028008.324203910] [controller_server]: Optimizer reset
[component_container_isolated-6] [INFO] [1791028008.353339020] [bt_navigator]: Goal succeeded
[component_container_isolated-6] [INFO] [1791028008.809161014] [amcl]: initialPoseReceived
[component_container_isolated-6] [WARN] [1791028008.809210442] [amcl]: Failed to transform initial pose in time (Lookup would require extrapolation into the future.  Requested time 310.209000 but the latest data is at time 310.176000, when looking up transform from frame [base_footprint] to frame [odom])
[component_container_isolated-6] [INFO] [1791028008.809217642] [amcl]: Setting pose (310.209000): -2.000 -0.500 0.000
[episode_reset-9] [INFO] [1791028010.809466719] [episode_reset]: Episode reset to (-2.0, -0.5, 0.0).
[component_container_isolated-6] [INFO] [1791028010.945569381] [bt_navigator]: Begin navigating from current location (-1.96, -0.51) to (0.75, 1.84)
[component_container_isolated-6] [WARN] [1791028010.946453739] [planner_server]: GridBased plugin failed to plan from (-1.96, -0.51) to (0.75, 1.84): "Failed to create plan with tolerance of: 0.500000"
[component_container_isolated-6] [WARN] [1791028010.946483078] [planner_server]: [compute_path_to_pose] [ActionServer] Aborting handle.
[component_container_isolated-6] [INFO] [1791028010.965853803] [global_costmap.global_costmap]: Received request to clear entirely the global_costmap
[component_container_isolated-6] [WARN] [1791028011.616489883] [planner_server]: Planner loop missed its desired rate of 20.0000 Hz. Current loop rate is 1.5361 Hz
[component_container_isolated-6] [INFO] [1791028011.635932916] [controller_server]: Received a goal, begin computing control effort.
[component_container_isolated-6] [INFO] [1791028012.686032627] [controller_server]: Passing new path to controller.
[component_container_isolated-6] [INFO] [1791028013.736033780] [controller_server]: Passing new path to controller.
[component_container_isolated-6] [INFO] [1791028014.736029163] [controller_server]: Passing new path to controller.
[component_container_isolated-6] [INFO] [1791028015.786029535] [controller_server]: Passing new path to controller.
[component_container_isolated-6] [INFO] [1791028016.786031902] [controller_server]: Passing new path to controller.
[component_container_isolated-6] [INFO] [1791028017.836032964] [controller_server]: Passing new path to controller.
[component_container_isolated-6] [INFO] [1791028018.836031845] [controller_server]: Passing new path to controller.
[component_container_isolated-6] [INFO] [1791028019.886031397] [controller_server]: Passing new path to controller.
[component_container_isolated-6] [INFO] [1791028020.885988122] [controller_server]: Passing new path to controller.
[component_container_isolated-6] [INFO] [1791028021.936032721] [controller_server]: Passing new path to controller.
[component_container_isolated-6] [INFO] [1791028022.936030777] [controller_server]: Passing new path to controller.
[component_container_isolated-6] [INFO] [1791028023.986029936] [controller_server]: Passing new path to controller.
[component_container_isolated-6] [INFO] [1791028024.985989526] [controller_server]: Passing new path to controller.
[component_container_isolated-6] [INFO] [1791028025.736046274] [controller_server]: Reached the goal!
[component_container_isolated-6] [INFO] [1791028025.736274006] [controller_server]: Optimizer reset
[component_container_isolated-6] [INFO] [1791028025.765743524] [bt_navigator]: Goal succeeded
[component_container_isolated-6] [INFO] [1791028026.224314282] [amcl]: initialPoseReceived
[component_container_isolated-6] [WARN] [1791028026.224362271] [amcl]: Failed to transform initial pose in time (Lookup would require extrapolation into the future.  Requested time 1791028026.224210 but the latest data is at time 328.402000, when looking up transform from frame [odom] to frame [base_footprint])
[component_container_isolated-6] [INFO] [1791028026.224369080] [amcl]: Setting pose (327.528000): -2.000 -0.500 0.000
[episode_reset-9] [INFO] [1791028028.224733909] [episode_reset]: Episode reset to (-2.0, -0.5, 0.0).
[component_container_isolated-6] [ERROR] [1791028028.308284758] [global_costmap.global_costmap]: The configured inflation radius (0.700) is smaller than the computed inscribed radius (2.212) of your footprint, it is highly recommended to set inflation radius to be at least as big as the inscribed radius to avoid collisions
[component_container_isolated-6] [ERROR] [1791028028.408849825] [local_costmap.local_costmap]: The configured inflation radius (0.700) is smaller than the computed inscribed radius (2.212) of your footprint, it is highly recommended to set inflation radius to be at least as big as the inscribed radius to avoid collisions
[fault_injector-11] [INFO] [1791028028.459278799] [fault_injector]: costmap inject: global: footprint_padding=0.009999999776482582 -> footprint_padding=2.0 (); local: footprint_padding=0.009999999776482582 -> footprint_padding=2.0 ()
[component_container_isolated-6] [INFO] [1791028031.762903391] [bt_navigator]: Begin navigating from current location (-1.96, -0.50) to (0.75, 1.84)
[component_container_isolated-6] [WARN] [1791028031.763576857] [planner_server]: GridBased plugin failed to plan from (-1.96, -0.50) to (0.75, 1.84): "Failed to create plan with tolerance of: 0.500000"
[component_container_isolated-6] [WARN] [1791028031.763602347] [planner_server]: [compute_path_to_pose] [ActionServer] Aborting handle.
[component_container_isolated-6] [INFO] [1791028031.783180898] [global_costmap.global_costmap]: Received request to clear entirely the global_costmap
[component_container_isolated-6] [WARN] [1791028032.613730159] [planner_server]: GridBased plugin failed to plan from (-1.96, -0.50) to (0.75, 1.84): "Failed to create plan with tolerance of: 0.500000"
[component_container_isolated-6] [WARN] [1791028032.613760618] [planner_server]: [compute_path_to_pose] [ActionServer] Aborting handle.
[component_container_isolated-6] [INFO] [1791028032.633224004] [local_costmap.local_costmap]: Received request to clear entirely the local_costmap
[component_container_isolated-6] [INFO] [1791028032.633354410] [global_costmap.global_costmap]: Received request to clear entirely the global_costmap
[component_container_isolated-6] [WARN] [1791028033.613986067] [planner_server]: GridBased plugin failed to plan from (-1.96, -0.50) to (0.75, 1.84): "Failed to create plan with tolerance of: 0.500000"
[component_container_isolated-6] [WARN] [1791028033.614013836] [planner_server]: [compute_path_to_pose] [ActionServer] Aborting handle.
[component_container_isolated-6] [INFO] [1791028033.633193803] [global_costmap.global_costmap]: Received request to clear entirely the global_costmap
[component_container_isolated-6] [WARN] [1791028034.613717761] [planner_server]: GridBased plugin failed to plan from (-1.96, -0.50) to (0.75, 1.84): "Failed to create plan with tolerance of: 0.500000"
[component_container_isolated-6] [WARN] [1791028034.613747880] [planner_server]: [compute_path_to_pose] [ActionServer] Aborting handle.
[component_container_isolated-6] [INFO] [1791028034.633278086] [behavior_server]: Running spin
[component_container_isolated-6] [INFO] [1791028034.633325085] [behavior_server]: Turning 1.57 for spin behavior.
[component_container_isolated-6] [INFO] [1791028034.692481585] [collision_monitor]: Robot to approach for 1.200000 seconds away from collision
[component_container_isolated-6] [WARN] [1791028044.733416628] [behavior_server]: Exceeded time allowance before reaching the Spin goal - Exiting Spin
[component_container_isolated-6] [WARN] [1791028044.733444497] [behavior_server]: spin failed
[component_container_isolated-6] [WARN] [1791028044.733453106] [behavior_server]: [spin] [ActionServer] Aborting handle.
[component_container_isolated-6] [INFO] [1791028044.753083571] [behavior_server]: Running wait
[component_container_isolated-6] [INFO] [1791028045.092476569] [collision_monitor]: Robot to continue normal operation
[component_container_isolated-6] [INFO] [1791028049.753171196] [behavior_server]: wait completed successfully
[component_container_isolated-6] [WARN] [1791028049.773538761] [planner_server]: GridBased plugin failed to plan from (-1.96, -0.50) to (0.75, 1.84): "Failed to create plan with tolerance of: 0.500000"
[component_container_isolated-6] [WARN] [1791028049.773564001] [planner_server]: [compute_path_to_pose] [ActionServer] Aborting handle.
[component_container_isolated-6] [INFO] [1791028049.793190791] [global_costmap.global_costmap]: Received request to clear entirely the global_costmap
[component_container_isolated-6] [WARN] [1791028050.613829525] [planner_server]: GridBased plugin failed to plan from (-1.96, -0.50) to (0.75, 1.84): "Failed to create plan with tolerance of: 0.500000"
[component_container_isolated-6] [WARN] [1791028050.613860274] [planner_server]: [compute_path_to_pose] [ActionServer] Aborting handle.
[component_container_isolated-6] [INFO] [1791028050.633244033] [behavior_server]: Running backup
[component_container_isolated-6] [WARN] [1791028050.633311111] [behavior_server]: Collision Ahead - Exiting DriveOnHeading
[component_container_isolated-6] [WARN] [1791028050.633317581] [behavior_server]: backup failed
[component_container_isolated-6] [WARN] [1791028050.633321001] [behavior_server]: [backup] [ActionServer] Aborting handle.
[component_container_isolated-6] [INFO] [1791028050.653064748] [local_costmap.local_costmap]: Received request to clear entirely the local_costmap
[component_container_isolated-6] [INFO] [1791028050.653187784] [global_costmap.global_costmap]: Received request to clear entirely the global_costmap
[component_container_isolated-6] [WARN] [1791028051.613865904] [planner_server]: GridBased plugin failed to plan from (-1.96, -0.50) to (0.75, 1.84): "Failed to create plan with tolerance of: 0.500000"
[component_container_isolated-6] [WARN] [1791028051.613898563] [planner_server]: [compute_path_to_pose] [ActionServer] Aborting handle.
[component_container_isolated-6] [INFO] [1791028051.633195896] [global_costmap.global_costmap]: Received request to clear entirely the global_costmap
[component_container_isolated-6] [WARN] [1791028052.613699047] [planner_server]: GridBased plugin failed to plan from (-1.96, -0.50) to (0.75, 1.84): "Failed to create plan with tolerance of: 0.500000"
[component_container_isolated-6] [WARN] [1791028052.613728966] [planner_server]: [compute_path_to_pose] [ActionServer] Aborting handle.
[component_container_isolated-6] [INFO] [1791028052.633263882] [behavior_server]: Running spin
[component_container_isolated-6] [INFO] [1791028052.633310341] [behavior_server]: Turning 1.57 for spin behavior.
[component_container_isolated-6] [INFO] [1791028052.692444762] [collision_monitor]: Robot to approach for 1.200000 seconds away from collision
[component_container_isolated-6] [WARN] [1791028062.733394014] [behavior_server]: Exceeded time allowance before reaching the Spin goal - Exiting Spin
[component_container_isolated-6] [WARN] [1791028062.733417523] [behavior_server]: spin failed
[component_container_isolated-6] [WARN] [1791028062.733423773] [behavior_server]: [spin] [ActionServer] Aborting handle.
[component_container_isolated-6] [INFO] [1791028062.753100726] [behavior_server]: Running wait
[component_container_isolated-6] [INFO] [1791028063.092474527] [collision_monitor]: Robot to continue normal operation
[component_container_isolated-6] [INFO] [1791028067.753172700] [behavior_server]: wait completed successfully
[component_container_isolated-6] [WARN] [1791028067.773596343] [planner_server]: GridBased plugin failed to plan from (-1.96, -0.50) to (0.75, 1.84): "Failed to create plan with tolerance of: 0.500000"
[component_container_isolated-6] [WARN] [1791028067.773623543] [planner_server]: [compute_path_to_pose] [ActionServer] Aborting handle.
[component_container_isolated-6] [INFO] [1791028067.793178235] [global_costmap.global_costmap]: Received request to clear entirely the global_costmap
[component_container_isolated-6] [WARN] [1791028068.613676394] [planner_server]: GridBased plugin failed to plan from (-1.96, -0.50) to (0.75, 1.84): "Failed to create plan with tolerance of: 0.500000"
[component_container_isolated-6] [WARN] [1791028068.613707963] [planner_server]: [compute_path_to_pose] [ActionServer] Aborting handle.
[component_container_isolated-6] [INFO] [1791028068.633256116] [behavior_server]: Running backup
[component_container_isolated-6] [WARN] [1791028068.633324214] [behavior_server]: Collision Ahead - Exiting DriveOnHeading
[component_container_isolated-6] [WARN] [1791028068.633330374] [behavior_server]: backup failed
[component_container_isolated-6] [WARN] [1791028068.633333724] [behavior_server]: [backup] [ActionServer] Aborting handle.
[component_container_isolated-6] [INFO] [1791028068.653076181] [local_costmap.local_costmap]: Received request to clear entirely the local_costmap
[component_container_isolated-6] [INFO] [1791028068.653210006] [global_costmap.global_costmap]: Received request to clear entirely the global_costmap
[component_container_isolated-6] [WARN] [1791028069.613794809] [planner_server]: GridBased plugin failed to plan from (-1.96, -0.50) to (0.75, 1.84): "Failed to create plan with tolerance of: 0.500000"
[component_container_isolated-6] [WARN] [1791028069.613821738] [planner_server]: [compute_path_to_pose] [ActionServer] Aborting handle.
[component_container_isolated-6] [INFO] [1791028069.633184268] [global_costmap.global_costmap]: Received request to clear entirely the global_costmap
[component_container_isolated-6] [WARN] [1791028070.613734144] [planner_server]: GridBased plugin failed to plan from (-1.96, -0.50) to (0.75, 1.84): "Failed to create plan with tolerance of: 0.500000"
[component_container_isolated-6] [WARN] [1791028070.613766283] [planner_server]: [compute_path_to_pose] [ActionServer] Aborting handle.
[component_container_isolated-6] [INFO] [1791028070.633264330] [behavior_server]: Running spin
[component_container_isolated-6] [INFO] [1791028070.633308458] [behavior_server]: Turning 1.57 for spin behavior.
[component_container_isolated-6] [INFO] [1791028070.692473448] [collision_monitor]: Robot to approach for 1.200000 seconds away from collision
[component_container_isolated-6] [WARN] [1791028080.733388284] [behavior_server]: Exceeded time allowance before reaching the Spin goal - Exiting Spin
[component_container_isolated-6] [WARN] [1791028080.733412493] [behavior_server]: spin failed
[component_container_isolated-6] [WARN] [1791028080.733419013] [behavior_server]: [spin] [ActionServer] Aborting handle.
[component_container_isolated-6] [INFO] [1791028080.753112524] [behavior_server]: Running wait
[component_container_isolated-6] [INFO] [1791028081.092448208] [collision_monitor]: Robot to continue normal operation
[component_container_isolated-6] [INFO] [1791028085.753173712] [behavior_server]: wait completed successfully
[component_container_isolated-6] [WARN] [1791028085.773595706] [planner_server]: GridBased plugin failed to plan from (-1.96, -0.50) to (0.75, 1.84): "Failed to create plan with tolerance of: 0.500000"
[component_container_isolated-6] [WARN] [1791028085.773622455] [planner_server]: [compute_path_to_pose] [ActionServer] Aborting handle.
[component_container_isolated-6] [INFO] [1791028085.793191046] [global_costmap.global_costmap]: Received request to clear entirely the global_costmap
[component_container_isolated-6] [WARN] [1791028086.613733256] [planner_server]: GridBased plugin failed to plan from (-1.96, -0.50) to (0.75, 1.84): "Failed to create plan with tolerance of: 0.500000"
[component_container_isolated-6] [WARN] [1791028086.613764445] [planner_server]: [compute_path_to_pose] [ActionServer] Aborting handle.
[component_container_isolated-6] [WARN] [1791028086.643024630] [bt_navigator]: [navigate_to_pose] [ActionServer] Aborting handle.
[component_container_isolated-6] [ERROR] [1791028086.643124597] [bt_navigator]: Goal failed
[fault_injector-11] [INFO] [1791028086.745116384] [fault_injector]: costmap rollback: global: restored 0.009999999776482582; local: restored 0.009999999776482582
[component_container_isolated-6] [INFO] [1791028086.794229912] [global_costmap.global_costmap]: Received request to clear entirely the global_costmap
[component_container_isolated-6] [INFO] [1791028086.844520373] [local_costmap.local_costmap]: Received request to clear entirely the local_costmap
[component_container_isolated-6] [INFO] [1791028088.995695362] [bt_navigator]: Begin navigating from current location (-1.96, -0.50) to (0.75, 1.84)
[component_container_isolated-6] [INFO] [1791028089.016040332] [controller_server]: Received a goal, begin computing control effort.
[component_container_isolated-6] [INFO] [1791028090.066110679] [controller_server]: Passing new path to controller.
[component_container_isolated-6] [INFO] [1791028091.066132181] [controller_server]: Passing new path to controller.
[component_container_isolated-6] [INFO] [1791028092.116137121] [controller_server]: Passing new path to controller.
[component_container_isolated-6] [INFO] [1791028093.166136320] [controller_server]: Passing new path to controller.
[component_container_isolated-6] [INFO] [1791028094.166138334] [controller_server]: Passing new path to controller.
[component_container_isolated-6] [INFO] [1791028095.216133584] [controller_server]: Passing new path to controller.
[component_container_isolated-6] [INFO] [1791028096.216093846] [controller_server]: Passing new path to controller.
[component_container_isolated-6] [INFO] [1791028097.266138336] [controller_server]: Passing new path to controller.
[component_container_isolated-6] [INFO] [1791028098.266104193] [controller_server]: Passing new path to controller.
[component_container_isolated-6] [INFO] [1791028099.316098555] [controller_server]: Passing new path to controller.
[component_container_isolated-6] [INFO] [1791028100.316135296] [controller_server]: Passing new path to controller.
[component_container_isolated-6] [INFO] [1791028101.366135208] [controller_server]: Passing new path to controller.
[component_container_isolated-6] [INFO] [1791028102.366134245] [controller_server]: Passing new path to controller.
[component_container_isolated-6] [INFO] [1791028102.916165940] [controller_server]: Reached the goal!
[component_container_isolated-6] [INFO] [1791028102.916411842] [controller_server]: Optimizer reset
[component_container_isolated-6] [INFO] [1791028102.945846646] [bt_navigator]: Goal succeeded
[component_container_isolated-6] [INFO] [1791028106.543542598] [amcl]: initialPoseReceived
[component_container_isolated-6] [WARN] [1791028106.543592197] [amcl]: Failed to transform initial pose in time (Lookup would require extrapolation into the future.  Requested time 407.751000 but the latest data is at time 407.736000, when looking up transform from frame [base_footprint] to frame [odom])
[component_container_isolated-6] [INFO] [1791028106.543598817] [amcl]: Setting pose (407.751000): -2.000 -0.500 0.000
[episode_reset-9] [INFO] [1791028108.543947537] [episode_reset]: Episode reset to (-2.0, -0.5, 0.0).
[component_container_isolated-6] [INFO] [1791028108.680599703] [bt_navigator]: Begin navigating from current location (-1.97, -0.48) to (0.75, 1.84)
[component_container_isolated-6] [WARN] [1791028108.681215704] [planner_server]: GridBased plugin failed to plan from (-1.97, -0.48) to (0.75, 1.84): "Failed to create plan with tolerance of: 0.500000"
[component_container_isolated-6] [WARN] [1791028108.681242574] [planner_server]: [compute_path_to_pose] [ActionServer] Aborting handle.
[component_container_isolated-6] [INFO] [1791028108.700877045] [global_costmap.global_costmap]: Received request to clear entirely the global_costmap
[component_container_isolated-6] [WARN] [1791028109.621729682] [planner_server]: Planner loop missed its desired rate of 20.0000 Hz. Current loop rate is 1.0858 Hz
[component_container_isolated-6] [INFO] [1791028109.640963447] [controller_server]: Received a goal, begin computing control effort.
[component_container_isolated-6] [INFO] [1791028110.691059772] [controller_server]: Passing new path to controller.
[component_container_isolated-6] [INFO] [1791028111.741058795] [controller_server]: Passing new path to controller.
[component_container_isolated-6] [INFO] [1791028112.741059747] [controller_server]: Passing new path to controller.
[component_container_isolated-6] [INFO] [1791028113.791060148] [controller_server]: Passing new path to controller.
[component_container_isolated-6] [INFO] [1791028114.791058612] [controller_server]: Passing new path to controller.
[component_container_isolated-6] [INFO] [1791028115.841058250] [controller_server]: Passing new path to controller.
[component_container_isolated-6] [INFO] [1791028116.841059406] [controller_server]: Passing new path to controller.
[component_container_isolated-6] [INFO] [1791028117.891059051] [controller_server]: Passing new path to controller.
[component_container_isolated-6] [INFO] [1791028118.891014460] [controller_server]: Passing new path to controller.
[component_container_isolated-6] [INFO] [1791028119.941057740] [controller_server]: Passing new path to controller.
[component_container_isolated-6] [INFO] [1791028120.941057939] [controller_server]: Passing new path to controller.
[component_container_isolated-6] [INFO] [1791028121.991058597] [controller_server]: Passing new path to controller.
[component_container_isolated-6] [INFO] [1791028122.991059766] [controller_server]: Passing new path to controller.
[component_container_isolated-6] [INFO] [1791028124.041058511] [controller_server]: Passing new path to controller.
[component_container_isolated-6] [INFO] [1791028124.041150288] [controller_server]: Reached the goal!
[component_container_isolated-6] [INFO] [1791028124.041431740] [controller_server]: Optimizer reset
[component_container_isolated-6] [INFO] [1791028124.080813541] [bt_navigator]: Goal succeeded
[component_container_isolated-6] [INFO] [1791028124.547883222] [amcl]: initialPoseReceived
[component_container_isolated-6] [WARN] [1791028124.547930991] [amcl]: Failed to transform initial pose in time (Lookup would require extrapolation into the future.  Requested time 425.658000 but the latest data is at time 425.628000, when looking up transform from frame [base_footprint] to frame [odom])
[component_container_isolated-6] [INFO] [1791028124.547936991] [amcl]: Setting pose (425.658000): -2.000 -0.500 0.000
[episode_reset-9] [INFO] [1791028126.548265169] [episode_reset]: Episode reset to (-2.0, -0.5, 0.0).
[component_container_isolated-6] [WARN] [1791028126.613257767] [controller_server]: Parameter min_x_velocity_threshold not found
[component_container_isolated-6] [INFO] [1791028126.614478211] [controller_server]: Optimizer reset
[fault_injector-11] [INFO] [1791028126.713962539] [fault_injector]: control inject: min_x_velocity_threshold: min_x_velocity_threshold=0.001 -> min_x_velocity_threshold=10.0
[component_container_isolated-6] [INFO] [1791028130.017958461] [bt_navigator]: Begin navigating from current location (-1.98, -0.52) to (0.75, 1.84)
[component_container_isolated-6] [INFO] [1791028130.038403900] [controller_server]: Received a goal, begin computing control effort.
[component_container_isolated-6] [INFO] [1791028131.088462013] [controller_server]: Passing new path to controller.
[component_container_isolated-6] [INFO] [1791028132.138491791] [controller_server]: Passing new path to controller.
[component_container_isolated-6] [INFO] [1791028133.138505363] [controller_server]: Passing new path to controller.
[component_container_isolated-6] [INFO] [1791028134.188478886] [controller_server]: Passing new path to controller.
[component_container_isolated-6] [INFO] [1791028135.188505416] [controller_server]: Passing new path to controller.
[component_container_isolated-6] [INFO] [1791028136.238506080] [controller_server]: Passing new path to controller.
[component_container_isolated-6] [INFO] [1791028137.238504680] [controller_server]: Passing new path to controller.
[component_container_isolated-6] [INFO] [1791028138.288460008] [controller_server]: Passing new path to controller.
[component_container_isolated-6] [INFO] [1791028139.288506704] [controller_server]: Passing new path to controller.
[component_container_isolated-6] [INFO] [1791028140.338507613] [controller_server]: Passing new path to controller.
[component_container_isolated-6] [INFO] [1791028141.338506188] [controller_server]: Passing new path to controller.
[component_container_isolated-6] [INFO] [1791028142.388506159] [controller_server]: Passing new path to controller.
[component_container_isolated-6] [INFO] [1791028143.388506800] [controller_server]: Passing new path to controller.
[component_container_isolated-6] [INFO] [1791028144.438504523] [controller_server]: Passing new path to controller.
[component_container_isolated-6] [INFO] [1791028145.438503940] [controller_server]: Passing new path to controller.
[component_container_isolated-6] [INFO] [1791028146.488506324] [controller_server]: Passing new path to controller.
[component_container_isolated-6] [INFO] [1791028147.488505177] [controller_server]: Passing new path to controller.
[component_container_isolated-6] [INFO] [1791028148.538506251] [controller_server]: Passing new path to controller.
[component_container_isolated-6] [INFO] [1791028149.538506491] [controller_server]: Passing new path to controller.
[component_container_isolated-6] [INFO] [1791028150.588506305] [controller_server]: Passing new path to controller.
[component_container_isolated-6] [INFO] [1791028151.588503810] [controller_server]: Passing new path to controller.
[component_container_isolated-6] [INFO] [1791028152.638503453] [controller_server]: Passing new path to controller.
[component_container_isolated-6] [INFO] [1791028153.638505533] [controller_server]: Passing new path to controller.
[component_container_isolated-6] [INFO] [1791028154.688505956] [controller_server]: Passing new path to controller.
[component_container_isolated-6] [INFO] [1791028155.688505031] [controller_server]: Passing new path to controller.
[component_container_isolated-6] [INFO] [1791028156.738507653] [controller_server]: Passing new path to controller.
[component_container_isolated-6] [INFO] [1791028157.738464113] [controller_server]: Passing new path to controller.
[component_container_isolated-6] [INFO] [1791028158.788509633] [controller_server]: Passing new path to controller.
[component_container_isolated-6] [INFO] [1791028159.788505975] [controller_server]: Passing new path to controller.
[component_container_isolated-6] [INFO] [1791028160.838506374] [controller_server]: Passing new path to controller.
[component_container_isolated-6] [INFO] [1791028161.838506220] [controller_server]: Passing new path to controller.
[component_container_isolated-6] [INFO] [1791028162.888508537] [controller_server]: Passing new path to controller.
[component_container_isolated-6] [INFO] [1791028163.888517365] [controller_server]: Passing new path to controller.
[component_container_isolated-6] [WARN] [1791028164.878582155] [planner_server]: GridBased plugin failed to plan from (1.05, -1.46) to (0.75, 1.84): "Failed to create plan with tolerance of: 0.500000"
[component_container_isolated-6] [WARN] [1791028164.878626174] [planner_server]: [compute_path_to_pose] [ActionServer] Aborting handle.
[component_container_isolated-6] [INFO] [1791028164.898221500] [global_costmap.global_costmap]: Received request to clear entirely the global_costmap
[component_container_isolated-6] [WARN] [1791028165.618693115] [planner_server]: GridBased plugin failed to plan from (1.10, -1.44) to (0.75, 1.84): "Failed to create plan with tolerance of: 0.500000"
[component_container_isolated-6] [WARN] [1791028165.618718194] [planner_server]: [compute_path_to_pose] [ActionServer] Aborting handle.
[component_container_isolated-6] [INFO] [1791028165.638503095] [controller_server]: Cancellation was successful. Stopping the robot.
[component_container_isolated-6] [INFO] [1791028165.638520235] [controller_server]: [follow_path] [ActionServer] Client requested to cancel the goal. Cancelling.
[component_container_isolated-6] [INFO] [1791028165.638641991] [local_costmap.local_costmap]: Received request to clear entirely the local_costmap
[component_container_isolated-6] [INFO] [1791028165.638806647] [global_costmap.global_costmap]: Received request to clear entirely the global_costmap
[component_container_isolated-6] [INFO] [1791028165.639150717] [controller_server]: Optimizer reset
[component_container_isolated-6] [WARN] [1791028166.619503745] [planner_server]: GridBased plugin failed to plan from (1.11, -1.44) to (0.75, 1.84): "Failed to create plan with tolerance of: 0.500000"
[component_container_isolated-6] [WARN] [1791028166.619532044] [planner_server]: [compute_path_to_pose] [ActionServer] Aborting handle.
[component_container_isolated-6] [INFO] [1791028166.638219746] [global_costmap.global_costmap]: Received request to clear entirely the global_costmap
[component_container_isolated-6] [WARN] [1791028167.618689674] [planner_server]: GridBased plugin failed to plan from (1.11, -1.44) to (0.75, 1.84): "Failed to create plan with tolerance of: 0.500000"
[component_container_isolated-6] [WARN] [1791028167.618716864] [planner_server]: [compute_path_to_pose] [ActionServer] Aborting handle.
[component_container_isolated-6] [INFO] [1791028167.638293922] [behavior_server]: Running spin
[component_container_isolated-6] [INFO] [1791028167.638335671] [behavior_server]: Turning 1.57 for spin behavior.
[component_container_isolated-6] [INFO] [1791028169.538434186] [behavior_server]: spin completed successfully
[component_container_isolated-6] [WARN] [1791028169.558574530] [planner_server]: GridBased plugin failed to plan from (1.12, -1.28) to (0.75, 1.84): "Failed to create plan with tolerance of: 0.500000"
[component_container_isolated-6] [WARN] [1791028169.558603080] [planner_server]: [compute_path_to_pose] [ActionServer] Aborting handle.
[component_container_isolated-6] [INFO] [1791028169.578198780] [global_costmap.global_costmap]: Received request to clear entirely the global_costmap
[component_container_isolated-6] [WARN] [1791028169.618752482] [planner_server]: GridBased plugin failed to plan from (1.12, -1.28) to (0.75, 1.84): "Failed to create plan with tolerance of: 0.500000"
[component_container_isolated-6] [WARN] [1791028169.618781971] [planner_server]: [compute_path_to_pose] [ActionServer] Aborting handle.
[component_container_isolated-6] [INFO] [1791028169.638266744] [behavior_server]: Running wait
[component_container_isolated-6] [INFO] [1791028174.638378209] [behavior_server]: wait completed successfully
[component_container_isolated-6] [INFO] [1791028174.678278988] [controller_server]: Received a goal, begin computing control effort.
[component_container_isolated-6] [INFO] [1791028175.728373508] [controller_server]: Passing new path to controller.
[component_container_isolated-6] [INFO] [1791028176.778373148] [controller_server]: Passing new path to controller.
[component_container_isolated-6] [INFO] [1791028177.778375477] [controller_server]: Passing new path to controller.
[component_container_isolated-6] [WARN] [1791028178.768591307] [planner_server]: GridBased plugin failed to plan from (1.03, -0.37) to (0.75, 1.84): "Failed to create plan with tolerance of: 0.500000"
[component_container_isolated-6] [WARN] [1791028178.768621306] [planner_server]: [compute_path_to_pose] [ActionServer] Aborting handle.
[component_container_isolated-6] [INFO] [1791028178.788232953] [global_costmap.global_costmap]: Received request to clear entirely the global_costmap
[component_container_isolated-6] [WARN] [1791028179.618982202] [planner_server]: Planner loop missed its desired rate of 20.0000 Hz. Current loop rate is 1.2034 Hz
[component_container_isolated-6] [INFO] [1791028179.678373041] [controller_server]: Passing new path to controller.
[component_container_isolated-6] [INFO] [1791028180.678372968] [controller_server]: Passing new path to controller.
[component_container_isolated-6] [INFO] [1791028181.728374017] [controller_server]: Passing new path to controller.
[component_container_isolated-6] [INFO] [1791028182.728337845] [controller_server]: Passing new path to controller.
[component_container_isolated-6] [INFO] [1791028183.778373247] [controller_server]: Passing new path to controller.
[component_container_isolated-6] [ERROR] [1791028184.728387508] [controller_server]: Failed to make progress
[component_container_isolated-6] [INFO] [1791028184.728681240] [controller_server]: Optimizer reset
[component_container_isolated-6] [WARN] [1791028184.728695020] [controller_server]: [follow_path] [ActionServer] Aborting handle.
[component_container_isolated-6] [INFO] [1791028184.748284023] [local_costmap.local_costmap]: Received request to clear entirely the local_costmap
[component_container_isolated-6] [INFO] [1791028184.748497847] [controller_server]: Received a goal, begin computing control effort.
[component_container_isolated-6] [INFO] [1791028184.808538052] [controller_server]: Passing new path to controller.
[component_container_isolated-6] [WARN] [1791028184.811375125] [controller_server]: Control loop missed its desired rate of 20.0000 Hz. Current loop rate is 15.8730 Hz.
[component_container_isolated-6] [INFO] [1791028185.811457674] [controller_server]: Passing new path to controller.
[component_container_isolated-6] [WARN] [1791028186.798541525] [planner_server]: GridBased plugin failed to plan from (1.03, -0.37) to (0.75, 1.84): "Failed to create plan with tolerance of: 0.500000"
[component_container_isolated-6] [WARN] [1791028186.798568914] [planner_server]: [compute_path_to_pose] [ActionServer] Aborting handle.
[component_container_isolated-6] [INFO] [1791028186.818249867] [global_costmap.global_costmap]: Received request to clear entirely the global_costmap
[component_container_isolated-6] [WARN] [1791028187.618893612] [planner_server]: Planner loop missed its desired rate of 20.0000 Hz. Current loop rate is 1.2531 Hz
[component_container_isolated-6] [INFO] [1791028187.661458102] [controller_server]: Passing new path to controller.
[component_container_isolated-6] [INFO] [1791028188.711453260] [controller_server]: Passing new path to controller.
[component_container_isolated-6] [INFO] [1791028189.711453010] [controller_server]: Passing new path to controller.
[component_container_isolated-6] [INFO] [1791028190.111413491] [controller_server]: Cancellation was successful. Stopping the robot.
[component_container_isolated-6] [INFO] [1791028190.111434970] [controller_server]: [follow_path] [ActionServer] Client requested to cancel the goal. Cancelling.
[component_container_isolated-6] [INFO] [1791028190.111513428] [bt_navigator]: [navigate_to_pose] [ActionServer] Client requested to cancel the goal. Cancelling.
[component_container_isolated-6] [INFO] [1791028190.111677414] [bt_navigator]: Goal canceled
[component_container_isolated-6] [INFO] [1791028190.111732082] [controller_server]: Optimizer reset
[component_container_isolated-6] [WARN] [1791028190.153667045] [controller_server]: Parameter min_x_velocity_threshold not found
[component_container_isolated-6] [INFO] [1791028190.155119616] [controller_server]: Optimizer reset
[fault_injector-11] [INFO] [1791028190.254429820] [fault_injector]: control rollback: min_x_velocity_threshold: restored min_x_velocity_threshold=0.001
[component_container_isolated-6] [INFO] [1791028190.303627559] [global_costmap.global_costmap]: Received request to clear entirely the global_costmap
[component_container_isolated-6] [INFO] [1791028190.353891840] [local_costmap.local_costmap]: Received request to clear entirely the local_costmap
[component_container_isolated-6] [INFO] [1791028192.505011940] [bt_navigator]: Begin navigating from current location (1.04, -0.38) to (0.75, 1.84)
[component_container_isolated-6] [INFO] [1791028192.525340980] [controller_server]: Received a goal, begin computing control effort.
[component_container_isolated-6] [WARN] [1791028193.535792116] [planner_server]: GridBased plugin failed to plan from (1.01, -0.36) to (0.75, 1.84): "Failed to create plan with tolerance of: 0.500000"
[component_container_isolated-6] [WARN] [1791028193.535819945] [planner_server]: [compute_path_to_pose] [ActionServer] Aborting handle.
[component_container_isolated-6] [INFO] [1791028193.555218951] [global_costmap.global_costmap]: Received request to clear entirely the global_costmap
[component_container_isolated-6] [WARN] [1791028193.615827374] [planner_server]: GridBased plugin failed to plan from (1.01, -0.36) to (0.75, 1.84): "Failed to create plan with tolerance of: 0.500000"
[component_container_isolated-6] [WARN] [1791028193.615862623] [planner_server]: [compute_path_to_pose] [ActionServer] Aborting handle.
[component_container_isolated-6] [ERROR] [1791028193.655394375] [bt_navigator_navigate_to_pose_rclcpp_node]: Failed to get result for follow_path in node halt!
[component_container_isolated-6] [INFO] [1791028193.655525821] [local_costmap.local_costmap]: Received request to clear entirely the local_costmap
[component_container_isolated-6] [INFO] [1791028193.655650658] [global_costmap.global_costmap]: Received request to clear entirely the global_costmap
[component_container_isolated-6] [INFO] [1791028193.675421884] [controller_server]: Cancellation was successful. Stopping the robot.
[component_container_isolated-6] [INFO] [1791028193.675450043] [controller_server]: [follow_path] [ActionServer] Client requested to cancel the goal. Cancelling.
[component_container_isolated-6] [INFO] [1791028193.676763668] [controller_server]: Optimizer reset
[component_container_isolated-6] [WARN] [1791028194.616334760] [planner_server]: GridBased plugin failed to plan from (1.02, -0.36) to (0.75, 1.84): "Failed to create plan with tolerance of: 0.500000"
[component_container_isolated-6] [WARN] [1791028194.616365440] [planner_server]: [compute_path_to_pose] [ActionServer] Aborting handle.
[component_container_isolated-6] [INFO] [1791028194.626534500] [global_costmap.global_costmap]: Received request to clear entirely the global_costmap
[component_container_isolated-6] [WARN] [1791028195.617047574] [planner_server]: GridBased plugin failed to plan from (1.02, -0.36) to (0.75, 1.84): "Failed to create plan with tolerance of: 0.500000"
[component_container_isolated-6] [WARN] [1791028195.617079773] [planner_server]: [compute_path_to_pose] [ActionServer] Aborting handle.
[component_container_isolated-6] [INFO] [1791028195.636641066] [behavior_server]: Running spin
[component_container_isolated-6] [INFO] [1791028195.636685755] [behavior_server]: Turning 1.57 for spin behavior.
[component_container_isolated-6] [WARN] [1791028197.436759807] [behavior_server]: Collision Ahead - Exiting Spin
[component_container_isolated-6] [WARN] [1791028197.436778656] [behavior_server]: spin failed
[component_container_isolated-6] [WARN] [1791028197.436783686] [behavior_server]: [spin] [ActionServer] Aborting handle.
[component_container_isolated-6] [INFO] [1791028197.456470948] [behavior_server]: Running wait
[component_container_isolated-6] [INFO] [1791028202.556571570] [behavior_server]: wait completed successfully
[component_container_isolated-6] [WARN] [1791028202.576854710] [planner_server]: GridBased plugin failed to plan from (1.25, -0.01) to (0.75, 1.84): "Failed to create plan with tolerance of: 0.500000"
[component_container_isolated-6] [WARN] [1791028202.576880819] [planner_server]: [compute_path_to_pose] [ActionServer] Aborting handle.
[component_container_isolated-6] [INFO] [1791028202.596539345] [global_costmap.global_costmap]: Received request to clear entirely the global_costmap
[component_container_isolated-6] [WARN] [1791028202.617039779] [planner_server]: GridBased plugin failed to plan from (1.25, -0.01) to (0.75, 1.84): "Failed to create plan with tolerance of: 0.500000"
[component_container_isolated-6] [WARN] [1791028202.617065119] [planner_server]: [compute_path_to_pose] [ActionServer] Aborting handle.
[component_container_isolated-6] [INFO] [1791028202.636601848] [behavior_server]: Running backup
[component_container_isolated-6] [WARN] [1791028202.636666797] [behavior_server]: Collision Ahead - Exiting DriveOnHeading
[component_container_isolated-6] [WARN] [1791028202.636673066] [behavior_server]: backup failed
[component_container_isolated-6] [WARN] [1791028202.636676366] [behavior_server]: [backup] [ActionServer] Aborting handle.
[component_container_isolated-6] [INFO] [1791028202.656412990] [local_costmap.local_costmap]: Received request to clear entirely the local_costmap
[component_container_isolated-6] [INFO] [1791028202.656535387] [global_costmap.global_costmap]: Received request to clear entirely the global_costmap
[component_container_isolated-6] [WARN] [1791028203.617165837] [planner_server]: GridBased plugin failed to plan from (1.25, -0.01) to (0.75, 1.84): "Failed to create plan with tolerance of: 0.500000"
[component_container_isolated-6] [WARN] [1791028203.617195016] [planner_server]: [compute_path_to_pose] [ActionServer] Aborting handle.
[component_container_isolated-6] [INFO] [1791028203.636538681] [global_costmap.global_costmap]: Received request to clear entirely the global_costmap
[component_container_isolated-6] [WARN] [1791028204.617038873] [planner_server]: GridBased plugin failed to plan from (1.25, -0.01) to (0.75, 1.84): "Failed to create plan with tolerance of: 0.500000"
[component_container_isolated-6] [WARN] [1791028204.617067802] [planner_server]: [compute_path_to_pose] [ActionServer] Aborting handle.
[component_container_isolated-6] [INFO] [1791028204.636608203] [behavior_server]: Running spin
[component_container_isolated-6] [INFO] [1791028204.636648352] [behavior_server]: Turning 1.57 for spin behavior.
[component_container_isolated-6] [WARN] [1791028205.336756327] [behavior_server]: Collision Ahead - Exiting Spin
[component_container_isolated-6] [WARN] [1791028205.336775386] [behavior_server]: spin failed
[component_container_isolated-6] [WARN] [1791028205.336779806] [behavior_server]: [spin] [ActionServer] Aborting handle.
[component_container_isolated-6] [INFO] [1791028205.342447929] [collision_monitor]: Robot to approach for 1.200000 seconds away from collision
[component_container_isolated-6] [INFO] [1791028205.356467554] [behavior_server]: Running wait
[component_container_isolated-6] [INFO] [1791028205.702561303] [collision_monitor]: Robot to continue normal operation
[component_container_isolated-6] [INFO] [1791028210.356582283] [behavior_server]: wait completed successfully
[component_container_isolated-6] [WARN] [1791028210.376933738] [planner_server]: GridBased plugin failed to plan from (1.36, 0.10) to (0.75, 1.84): "Failed to create plan with tolerance of: 0.500000"
[component_container_isolated-6] [WARN] [1791028210.376959787] [planner_server]: [compute_path_to_pose] [ActionServer] Aborting handle.
[component_container_isolated-6] [INFO] [1791028210.396553201] [global_costmap.global_costmap]: Received request to clear entirely the global_costmap
[component_container_isolated-6] [WARN] [1791028210.617127290] [planner_server]: GridBased plugin failed to plan from (1.36, 0.10) to (0.75, 1.84): "Failed to create plan with tolerance of: 0.500000"
[component_container_isolated-6] [WARN] [1791028210.617162309] [planner_server]: [compute_path_to_pose] [ActionServer] Aborting handle.
[component_container_isolated-6] [INFO] [1791028210.636587448] [behavior_server]: Running backup
[component_container_isolated-6] [WARN] [1791028210.636671006] [behavior_server]: Collision Ahead - Exiting DriveOnHeading
[component_container_isolated-6] [WARN] [1791028210.636680076] [behavior_server]: backup failed
[component_container_isolated-6] [WARN] [1791028210.636684926] [behavior_server]: [backup] [ActionServer] Aborting handle.
[component_container_isolated-6] [INFO] [1791028210.656422866] [local_costmap.local_costmap]: Received request to clear entirely the local_costmap
[component_container_isolated-6] [INFO] [1791028210.656555483] [global_costmap.global_costmap]: Received request to clear entirely the global_costmap
[component_container_isolated-6] [WARN] [1791028211.617246560] [planner_server]: GridBased plugin failed to plan from (1.36, 0.10) to (0.75, 1.84): "Failed to create plan with tolerance of: 0.500000"
[component_container_isolated-6] [WARN] [1791028211.617277679] [planner_server]: [compute_path_to_pose] [ActionServer] Aborting handle.
[component_container_isolated-6] [INFO] [1791028211.636547873] [global_costmap.global_costmap]: Received request to clear entirely the global_costmap
[component_container_isolated-6] [WARN] [1791028212.617256145] [planner_server]: GridBased plugin failed to plan from (1.36, 0.10) to (0.75, 1.84): "Failed to create plan with tolerance of: 0.500000"
[component_container_isolated-6] [WARN] [1791028212.617285434] [planner_server]: [compute_path_to_pose] [ActionServer] Aborting handle.
[component_container_isolated-6] [INFO] [1791028212.636637876] [behavior_server]: Running spin
[component_container_isolated-6] [INFO] [1791028212.636684225] [behavior_server]: Turning 1.57 for spin behavior.
[component_container_isolated-6] [INFO] [1791028212.682422299] [collision_monitor]: Robot to approach for 1.200000 seconds away from collision
[component_container_isolated-6] [WARN] [1791028216.736793399] [behavior_server]: Collision Ahead - Exiting Spin
[component_container_isolated-6] [WARN] [1791028216.736812458] [behavior_server]: spin failed
[component_container_isolated-6] [WARN] [1791028216.736817678] [behavior_server]: [spin] [ActionServer] Aborting handle.
[component_container_isolated-6] [INFO] [1791028216.756474846] [behavior_server]: Running wait
[component_container_isolated-6] [INFO] [1791028217.082412650] [collision_monitor]: Robot to continue normal operation
[component_container_isolated-6] [INFO] [1791028221.756573886] [behavior_server]: wait completed successfully
[component_container_isolated-6] [WARN] [1791028221.776901461] [planner_server]: GridBased plugin failed to plan from (1.36, 0.10) to (0.75, 1.84): "Failed to create plan with tolerance of: 0.500000"
[component_container_isolated-6] [WARN] [1791028221.776929240] [planner_server]: [compute_path_to_pose] [ActionServer] Aborting handle.
[component_container_isolated-6] [INFO] [1791028221.796527853] [global_costmap.global_costmap]: Received request to clear entirely the global_costmap
[component_container_isolated-6] [WARN] [1791028222.617105684] [planner_server]: GridBased plugin failed to plan from (1.36, 0.10) to (0.75, 1.84): "Failed to create plan with tolerance of: 0.500000"
[component_container_isolated-6] [WARN] [1791028222.617137713] [planner_server]: [compute_path_to_pose] [ActionServer] Aborting handle.
[component_container_isolated-6] [WARN] [1791028222.646365134] [bt_navigator]: [navigate_to_pose] [ActionServer] Aborting handle.
[component_container_isolated-6] [ERROR] [1791028222.646443032] [bt_navigator]: Goal failed
[component_container_isolated-6] [INFO] [1791028223.090803738] [amcl]: initialPoseReceived
[component_container_isolated-6] [WARN] [1791028223.090865936] [amcl]: Failed to transform initial pose in time (Lookup would require extrapolation into the future.  Requested time 524.103000 but the latest data is at time 524.088000, when looking up transform from frame [base_footprint] to frame [odom])
[component_container_isolated-6] [INFO] [1791028223.090874366] [amcl]: Setting pose (524.103000): -2.000 -0.500 0.000
[episode_reset-9] [INFO] [1791028225.091264070] [episode_reset]: Episode reset to (-2.0, -0.5, 0.0).
[component_container_isolated-6] [INFO] [1791028225.226941322] [bt_navigator]: Begin navigating from current location (-2.06, -0.51) to (0.75, 1.84)
[component_container_isolated-6] [INFO] [1791028225.247299569] [controller_server]: Received a goal, begin computing control effort.
[component_container_isolated-6] [INFO] [1791028225.251708908] [controller_server]: Optimizer reset
[component_container_isolated-6] [INFO] [1791028225.257134492] [controller_server]: Optimizer reset
[component_container_isolated-6] [WARN] [1791028225.257179250] [controller_server]: Optimizer fail to compute path
[component_container_isolated-6] [INFO] [1791028225.300488079] [controller_server]: Optimizer reset
[component_container_isolated-6] [INFO] [1791028225.304907578] [controller_server]: Optimizer reset
[component_container_isolated-6] [WARN] [1791028225.304941887] [controller_server]: Optimizer fail to compute path
[component_container_isolated-6] [INFO] [1791028225.350450691] [controller_server]: Optimizer reset
[component_container_isolated-6] [INFO] [1791028225.354346633] [controller_server]: Optimizer reset
[component_container_isolated-6] [WARN] [1791028225.354374812] [controller_server]: Optimizer fail to compute path
[component_container_isolated-6] [INFO] [1791028225.400321705] [controller_server]: Optimizer reset
[component_container_isolated-6] [INFO] [1791028225.404016741] [controller_server]: Optimizer reset
[component_container_isolated-6] [WARN] [1791028225.404044101] [controller_server]: Optimizer fail to compute path
[component_container_isolated-6] [INFO] [1791028225.450362424] [controller_server]: Optimizer reset
[component_container_isolated-6] [INFO] [1791028225.454218697] [controller_server]: Optimizer reset
[component_container_isolated-6] [WARN] [1791028225.454248866] [controller_server]: Optimizer fail to compute path
[component_container_isolated-6] [INFO] [1791028225.500237238] [controller_server]: Optimizer reset
[component_container_isolated-6] [INFO] [1791028225.503850437] [controller_server]: Optimizer reset
[component_container_isolated-6] [WARN] [1791028225.503878286] [controller_server]: Optimizer fail to compute path
[component_container_isolated-6] [INFO] [1791028225.550223978] [controller_server]: Optimizer reset
[component_container_isolated-6] [INFO] [1791028225.553976224] [controller_server]: Optimizer reset
[component_container_isolated-6] [WARN] [1791028225.554001313] [controller_server]: Optimizer fail to compute path
[component_container_isolated-6] [ERROR] [1791028225.554012813] [controller_server]: Controller patience exceeded
[component_container_isolated-6] [INFO] [1791028225.555175634] [controller_server]: Optimizer reset
[component_container_isolated-6] [WARN] [1791028225.555186453] [controller_server]: [follow_path] [ActionServer] Aborting handle.
[component_container_isolated-6] [INFO] [1791028225.567230030] [local_costmap.local_costmap]: Received request to clear entirely the local_costmap
[component_container_isolated-6] [INFO] [1791028225.567427935] [controller_server]: Received a goal, begin computing control effort.
[component_container_isolated-6] [INFO] [1791028225.610400522] [controller_server]: Optimizer reset
[component_container_isolated-6] [INFO] [1791028225.614248995] [controller_server]: Optimizer reset
[component_container_isolated-6] [WARN] [1791028225.614280525] [controller_server]: Optimizer fail to compute path
[component_container_isolated-6] [INFO] [1791028225.620407560] [controller_server]: Optimizer reset
[component_container_isolated-6] [INFO] [1791028225.624243884] [controller_server]: Optimizer reset
[component_container_isolated-6] [WARN] [1791028225.624270033] [controller_server]: Optimizer fail to compute path
[component_container_isolated-6] [INFO] [1791028225.670356862] [controller_server]: Optimizer reset
[component_container_isolated-6] [INFO] [1791028225.674243144] [controller_server]: Optimizer reset
[component_container_isolated-6] [WARN] [1791028225.674272173] [controller_server]: Optimizer fail to compute path
[component_container_isolated-6] [INFO] [1791028225.720335403] [controller_server]: Optimizer reset
[component_container_isolated-6] [INFO] [1791028225.724039120] [controller_server]: Optimizer reset
[component_container_isolated-6] [WARN] [1791028225.724068039] [controller_server]: Optimizer fail to compute path
[component_container_isolated-6] [INFO] [1791028225.770950258] [controller_server]: Optimizer reset
[component_container_isolated-6] [INFO] [1791028225.774668984] [controller_server]: Optimizer reset
[component_container_isolated-6] [WARN] [1791028225.774696164] [controller_server]: Optimizer fail to compute path
[component_container_isolated-6] [INFO] [1791028225.820773603] [controller_server]: Optimizer reset
[component_container_isolated-6] [INFO] [1791028225.824676265] [controller_server]: Optimizer reset
[component_container_isolated-6] [WARN] [1791028225.824711824] [controller_server]: Optimizer fail to compute path
[component_container_isolated-6] [INFO] [1791028225.870342624] [controller_server]: Optimizer reset
[component_container_isolated-6] [INFO] [1791028225.874198377] [controller_server]: Optimizer reset
[component_container_isolated-6] [WARN] [1791028225.874225086] [controller_server]: Optimizer fail to compute path
[component_container_isolated-6] [ERROR] [1791028225.874236066] [controller_server]: Controller patience exceeded
[component_container_isolated-6] [INFO] [1791028225.875400597] [controller_server]: Optimizer reset
[component_container_isolated-6] [WARN] [1791028225.875408317] [controller_server]: [follow_path] [ActionServer] Aborting handle.
[component_container_isolated-6] [INFO] [1791028225.887237689] [local_costmap.local_costmap]: Received request to clear entirely the local_costmap
[component_container_isolated-6] [INFO] [1791028225.887372305] [global_costmap.global_costmap]: Received request to clear entirely the global_costmap
[component_container_isolated-6] [WARN] [1791028226.618105172] [planner_server]: Planner loop missed its desired rate of 20.0000 Hz. Current loop rate is 1.3661 Hz
[component_container_isolated-6] [INFO] [1791028226.637306569] [controller_server]: Received a goal, begin computing control effort.
[component_container_isolated-6] [INFO] [1791028226.640692494] [controller_server]: Optimizer reset
[component_container_isolated-6] [INFO] [1791028226.645034514] [controller_server]: Optimizer reset
[component_container_isolated-6] [WARN] [1791028226.645066794] [controller_server]: Optimizer fail to compute path
[component_container_isolated-6] [INFO] [1791028226.690352395] [controller_server]: Optimizer reset
[component_container_isolated-6] [INFO] [1791028226.694111530] [controller_server]: Optimizer reset
[component_container_isolated-6] [WARN] [1791028226.694139090] [controller_server]: Optimizer fail to compute path
[component_container_isolated-6] [INFO] [1791028226.740364497] [controller_server]: Optimizer reset
[component_container_isolated-6] [INFO] [1791028226.744217870] [controller_server]: Optimizer reset
[component_container_isolated-6] [WARN] [1791028226.744246379] [controller_server]: Optimizer fail to compute path
[component_container_isolated-6] [INFO] [1791028226.790250992] [controller_server]: Optimizer reset
[component_container_isolated-6] [INFO] [1791028226.794185873] [controller_server]: Optimizer reset
[component_container_isolated-6] [WARN] [1791028226.794217492] [controller_server]: Optimizer fail to compute path
[component_container_isolated-6] [INFO] [1791028226.840486779] [controller_server]: Optimizer reset
[component_container_isolated-6] [INFO] [1791028226.844211405] [controller_server]: Optimizer reset
[component_container_isolated-6] [WARN] [1791028226.844243934] [controller_server]: Optimizer fail to compute path
[component_container_isolated-6] [INFO] [1791028226.890409003] [controller_server]: Optimizer reset
[component_container_isolated-6] [INFO] [1791028226.894031032] [controller_server]: Optimizer reset
[component_container_isolated-6] [WARN] [1791028226.894059901] [controller_server]: Optimizer fail to compute path
[component_container_isolated-6] [INFO] [1791028226.940275579] [controller_server]: Optimizer reset
[component_container_isolated-6] [INFO] [1791028226.943972786] [controller_server]: Optimizer reset
[component_container_isolated-6] [WARN] [1791028226.944002225] [controller_server]: Optimizer fail to compute path
[component_container_isolated-6] [ERROR] [1791028226.944014815] [controller_server]: Controller patience exceeded
[component_container_isolated-6] [INFO] [1791028226.945425649] [controller_server]: Optimizer reset
[component_container_isolated-6] [WARN] [1791028226.945440809] [controller_server]: [follow_path] [ActionServer] Aborting handle.
[component_container_isolated-6] [INFO] [1791028226.957234072] [local_costmap.local_costmap]: Received request to clear entirely the local_costmap
[component_container_isolated-6] [INFO] [1791028226.957420738] [controller_server]: Received a goal, begin computing control effort.
[component_container_isolated-6] [INFO] [1791028227.010760676] [controller_server]: Optimizer reset
[component_container_isolated-6] [INFO] [1791028227.015295502] [controller_server]: Optimizer reset
[component_container_isolated-6] [WARN] [1791028227.015324232] [controller_server]: Optimizer fail to compute path
[component_container_isolated-6] [WARN] [1791028227.015358181] [controller_server]: Control loop missed its desired rate of 20.0000 Hz. Current loop rate is 17.5439 Hz.
[component_container_isolated-6] [INFO] [1791028227.019289832] [controller_server]: Optimizer reset
[component_container_isolated-6] [INFO] [1791028227.023166155] [controller_server]: Optimizer reset
[component_container_isolated-6] [WARN] [1791028227.023184804] [controller_server]: Optimizer fail to compute path
[component_container_isolated-6] [INFO] [1791028227.068326391] [controller_server]: Optimizer reset
[component_container_isolated-6] [INFO] [1791028227.072384859] [controller_server]: Optimizer reset
[component_container_isolated-6] [WARN] [1791028227.072417828] [controller_server]: Optimizer fail to compute path
[component_container_isolated-6] [INFO] [1791028227.118254417] [controller_server]: Optimizer reset
[component_container_isolated-6] [INFO] [1791028227.122158759] [controller_server]: Optimizer reset
[component_container_isolated-6] [WARN] [1791028227.122185888] [controller_server]: Optimizer fail to compute path
[component_container_isolated-6] [INFO] [1791028227.168428667] [controller_server]: Optimizer reset
[component_container_isolated-6] [INFO] [1791028227.172339039] [controller_server]: Optimizer reset
[component_container_isolated-6] [WARN] [1791028227.172369798] [controller_server]: Optimizer fail to compute path
[component_container_isolated-6] [INFO] [1791028227.218289645] [controller_server]: Optimizer reset
[component_container_isolated-6] [INFO] [1791028227.221980462] [controller_server]: Optimizer reset
[component_container_isolated-6] [WARN] [1791028227.222008722] [controller_server]: Optimizer fail to compute path
[component_container_isolated-6] [INFO] [1791028227.268901364] [controller_server]: Optimizer reset
[component_container_isolated-6] [INFO] [1791028227.273075349] [controller_server]: Optimizer reset
[component_container_isolated-6] [WARN] [1791028227.273103539] [controller_server]: Optimizer fail to compute path
[component_container_isolated-6] [ERROR] [1791028227.273119088] [controller_server]: Controller patience exceeded
[component_container_isolated-6] [INFO] [1791028227.274373357] [controller_server]: Optimizer reset
[component_container_isolated-6] [WARN] [1791028227.274386506] [controller_server]: [follow_path] [ActionServer] Aborting handle.
[component_container_isolated-6] [INFO] [1791028227.287294722] [behavior_server]: Running spin
[component_container_isolated-6] [INFO] [1791028227.287327301] [behavior_server]: Turning 1.57 for spin behavior.
[component_container_isolated-6] [INFO] [1791028227.332410489] [collision_monitor]: Robot to approach for 1.200000 seconds away from collision
[component_container_isolated-6] [WARN] [1791028229.387445996] [behavior_server]: Collision Ahead - Exiting Spin
[component_container_isolated-6] [WARN] [1791028229.387466105] [behavior_server]: spin failed
[component_container_isolated-6] [WARN] [1791028229.387471425] [behavior_server]: [spin] [ActionServer] Aborting handle.
[component_container_isolated-6] [INFO] [1791028229.407136583] [behavior_server]: Running wait
[component_container_isolated-6] [INFO] [1791028229.742471579] [collision_monitor]: Robot to continue normal operation
[component_container_isolated-6] [INFO] [1791028234.407243930] [behavior_server]: wait completed successfully
[component_container_isolated-6] [INFO] [1791028234.447301246] [controller_server]: Received a goal, begin computing control effort.
[component_container_isolated-6] [INFO] [1791028234.492468494] [collision_monitor]: Robot to approach for 1.200000 seconds away from collision
[component_container_isolated-6] [INFO] [1791028235.497399898] [controller_server]: Passing new path to controller.
[component_container_isolated-6] [INFO] [1791028236.547404766] [controller_server]: Passing new path to controller.
[component_container_isolated-6] [INFO] [1791028237.547402263] [controller_server]: Passing new path to controller.
[component_container_isolated-6] [INFO] [1791028238.597403185] [controller_server]: Passing new path to controller.
[component_container_isolated-6] [INFO] [1791028239.597403932] [controller_server]: Passing new path to controller.
[component_container_isolated-6] [INFO] [1791028240.647373449] [controller_server]: Passing new path to controller.
[component_container_isolated-6] [INFO] [1791028241.647399645] [controller_server]: Passing new path to controller.
[component_container_isolated-6] [INFO] [1791028242.697401615] [controller_server]: Passing new path to controller.
[component_container_isolated-6] [INFO] [1791028243.697402531] [controller_server]: Passing new path to controller.
[component_container_isolated-6] [ERROR] [1791028244.447394238] [controller_server]: Failed to make progress
[component_container_isolated-6] [INFO] [1791028244.447688531] [controller_server]: Optimizer reset
[component_container_isolated-6] [WARN] [1791028244.447700691] [controller_server]: [follow_path] [ActionServer] Aborting handle.
[component_container_isolated-6] [INFO] [1791028244.467231853] [local_costmap.local_costmap]: Received request to clear entirely the local_costmap
[component_container_isolated-6] [INFO] [1791028244.467413609] [controller_server]: Received a goal, begin computing control effort.
[component_container_isolated-6] [INFO] [1791028244.532429040] [collision_monitor]: Robot to continue normal operation
[component_container_isolated-6] [WARN] [1791028244.610860282] [controller_server]: Control loop missed its desired rate of 20.0000 Hz. Current loop rate is 6.9444 Hz.
[component_container_isolated-6] [INFO] [1791028244.642476940] [collision_monitor]: Robot to approach for 1.200000 seconds away from collision
[component_container_isolated-6] [INFO] [1791028244.710943936] [controller_server]: Passing new path to controller.
[component_container_isolated-6] [INFO] [1791028245.760944431] [controller_server]: Passing new path to controller.
[component_container_isolated-6] [INFO] [1791028246.052550976] [collision_monitor]: Robot to continue normal operation
[component_container_isolated-6] [INFO] [1791028246.810899198] [controller_server]: Passing new path to controller.
[component_container_isolated-6] [INFO] [1791028247.810944733] [controller_server]: Passing new path to controller.
[component_container_isolated-6] [INFO] [1791028248.860949032] [controller_server]: Passing new path to controller.
[component_container_isolated-6] [INFO] [1791028249.860947186] [controller_server]: Passing new path to controller.
[component_container_isolated-6] [INFO] [1791028250.910949068] [controller_server]: Passing new path to controller.
[component_container_isolated-6] [INFO] [1791028251.910944401] [controller_server]: Passing new path to controller.
[component_container_isolated-6] [INFO] [1791028252.960944414] [controller_server]: Passing new path to controller.
[component_container_isolated-6] [INFO] [1791028253.960945425] [controller_server]: Passing new path to controller.
[component_container_isolated-6] [INFO] [1791028255.010944091] [controller_server]: Passing new path to controller.
[component_container_isolated-6] [INFO] [1791028256.010898170] [controller_server]: Passing new path to controller.
[component_container_isolated-6] [INFO] [1791028257.060945447] [controller_server]: Passing new path to controller.
[component_container_isolated-6] [INFO] [1791028258.060945923] [controller_server]: Passing new path to controller.
[component_container_isolated-6] [INFO] [1791028259.060944367] [controller_server]: Passing new path to controller.
[component_container_isolated-6] [INFO] [1791028260.110946276] [controller_server]: Passing new path to controller.
[component_container_isolated-6] [INFO] [1791028260.660961407] [controller_server]: Reached the goal!
[component_container_isolated-6] [INFO] [1791028260.661207231] [controller_server]: Optimizer reset
[component_container_isolated-6] [INFO] [1791028260.687127783] [bt_navigator]: Goal succeeded
[component_container_isolated-6] [INFO] [1791028261.118414558] [amcl]: initialPoseReceived
[component_container_isolated-6] [WARN] [1791028261.118464057] [amcl]: Failed to transform initial pose in time (Lookup would require extrapolation into the future.  Requested time 562.035000 but the latest data is at time 562.032000, when looking up transform from frame [base_footprint] to frame [odom])
[component_container_isolated-6] [INFO] [1791028261.118470807] [amcl]: Setting pose (562.035000): -2.000 -0.500 0.000
[episode_reset-9] [INFO] [1791028263.118828492] [episode_reset]: Episode reset to (-2.0, -0.5, 0.0).
[component_container_isolated-6] [WARN] [1791028263.202695022] [controller_server]: Parameter min_x_velocity_threshold not found
[component_container_isolated-6] [INFO] [1791028263.204046060] [controller_server]: Optimizer reset
[fault_injector-11] [INFO] [1791028263.303364824] [fault_injector]: control inject: min_x_velocity_threshold: min_x_velocity_threshold=0.001 -> min_x_velocity_threshold=10.0
[component_container_isolated-6] [INFO] [1791028266.607076183] [bt_navigator]: Begin navigating from current location (-1.98, -0.49) to (0.75, 1.84)
[component_container_isolated-6] [INFO] [1791028266.627434553] [controller_server]: Received a goal, begin computing control effort.
[component_container_isolated-6] [INFO] [1791028267.677532615] [controller_server]: Passing new path to controller.
[component_container_isolated-6] [INFO] [1791028268.727529979] [controller_server]: Passing new path to controller.
[component_container_isolated-6] [INFO] [1791028269.727531930] [controller_server]: Passing new path to controller.
[component_container_isolated-6] [INFO] [1791028270.777530914] [controller_server]: Passing new path to controller.
[component_container_isolated-6] [INFO] [1791028271.777529200] [controller_server]: Passing new path to controller.
[component_container_isolated-6] [INFO] [1791028272.827528693] [controller_server]: Passing new path to controller.
[component_container_isolated-6] [INFO] [1791028273.827533053] [controller_server]: Passing new path to controller.
[component_container_isolated-6] [INFO] [1791028274.877529745] [controller_server]: Passing new path to controller.
[component_container_isolated-6] [INFO] [1791028275.877528910] [controller_server]: Passing new path to controller.
[component_container_isolated-6] [INFO] [1791028276.927529310] [controller_server]: Passing new path to controller.
[component_container_isolated-6] [INFO] [1791028277.927528690] [controller_server]: Passing new path to controller.
[component_container_isolated-6] [INFO] [1791028278.977533118] [controller_server]: Passing new path to controller.
[component_container_isolated-6] [INFO] [1791028279.977531882] [controller_server]: Passing new path to controller.
[component_container_isolated-6] [INFO] [1791028281.027534028] [controller_server]: Passing new path to controller.
[component_container_isolated-6] [INFO] [1791028282.027530066] [controller_server]: Passing new path to controller.
[component_container_isolated-6] [INFO] [1791028283.077527581] [controller_server]: Passing new path to controller.
[component_container_isolated-6] [INFO] [1791028284.077531752] [controller_server]: Passing new path to controller.
[component_container_isolated-6] [INFO] [1791028285.127529844] [controller_server]: Passing new path to controller.
[component_container_isolated-6] [INFO] [1791028286.127529759] [controller_server]: Passing new path to controller.
[component_container_isolated-6] [INFO] [1791028287.177480208] [controller_server]: Passing new path to controller.
[component_container_isolated-6] [INFO] [1791028288.177530205] [controller_server]: Passing new path to controller.
[component_container_isolated-6] [INFO] [1791028289.227532269] [controller_server]: Passing new path to controller.
[component_container_isolated-6] [INFO] [1791028290.227529520] [controller_server]: Passing new path to controller.
[component_container_isolated-6] [WARN] [1791028291.217709929] [planner_server]: GridBased plugin failed to plan from (-1.31, 1.35) to (0.75, 1.84): "Failed to create plan with tolerance of: 0.500000"
[component_container_isolated-6] [WARN] [1791028291.217742448] [planner_server]: [compute_path_to_pose] [ActionServer] Aborting handle.
[component_container_isolated-6] [INFO] [1791028291.237377832] [global_costmap.global_costmap]: Received request to clear entirely the global_costmap
[component_container_isolated-6] [WARN] [1791028291.617904712] [planner_server]: GridBased plugin failed to plan from (-1.27, 1.34) to (0.75, 1.84): "Failed to create plan with tolerance of: 0.500000"
[component_container_isolated-6] [WARN] [1791028291.617936571] [planner_server]: [compute_path_to_pose] [ActionServer] Aborting handle.
[component_container_isolated-6] [ERROR] [1791028291.657429504] [bt_navigator_navigate_to_pose_rclcpp_node]: Failed to get result for follow_path in node halt!
[component_container_isolated-6] [INFO] [1791028291.657545972] [local_costmap.local_costmap]: Received request to clear entirely the local_costmap
[component_container_isolated-6] [INFO] [1791028291.657675189] [global_costmap.global_costmap]: Received request to clear entirely the global_costmap
[component_container_isolated-6] [INFO] [1791028291.677529258] [controller_server]: Cancellation was successful. Stopping the robot.
[component_container_isolated-6] [INFO] [1791028291.677546787] [controller_server]: [follow_path] [ActionServer] Client requested to cancel the goal. Cancelling.
[component_container_isolated-6] [INFO] [1791028291.678581384] [controller_server]: Optimizer reset
[component_container_isolated-6] [WARN] [1791028292.618316747] [planner_server]: GridBased plugin failed to plan from (-1.26, 1.35) to (0.75, 1.84): "Failed to create plan with tolerance of: 0.500000"
[component_container_isolated-6] [WARN] [1791028292.618346877] [planner_server]: [compute_path_to_pose] [ActionServer] Aborting handle.
[component_container_isolated-6] [INFO] [1791028292.628446578] [global_costmap.global_costmap]: Received request to clear entirely the global_costmap
[component_container_isolated-6] [WARN] [1791028293.619008022] [planner_server]: GridBased plugin failed to plan from (-1.26, 1.35) to (0.75, 1.84): "Failed to create plan with tolerance of: 0.500000"
[component_container_isolated-6] [WARN] [1791028293.619036331] [planner_server]: [compute_path_to_pose] [ActionServer] Aborting handle.
[component_container_isolated-6] [INFO] [1791028293.638576879] [behavior_server]: Running spin
[component_container_isolated-6] [INFO] [1791028293.638622098] [behavior_server]: Turning 1.57 for spin behavior.
[component_container_isolated-6] [WARN] [1791028295.238747299] [behavior_server]: Collision Ahead - Exiting Spin
[component_container_isolated-6] [WARN] [1791028295.238770288] [behavior_server]: spin failed
[component_container_isolated-6] [WARN] [1791028295.238776988] [behavior_server]: [spin] [ActionServer] Aborting handle.
[component_container_isolated-6] [INFO] [1791028295.258386486] [behavior_server]: Running wait
[component_container_isolated-6] [INFO] [1791028300.258493626] [behavior_server]: wait completed successfully
[component_container_isolated-6] [WARN] [1791028300.278820091] [planner_server]: GridBased plugin failed to plan from (-1.20, 1.35) to (0.75, 1.84): "Failed to create plan with tolerance of: 0.500000"
[component_container_isolated-6] [WARN] [1791028300.278844800] [planner_server]: [compute_path_to_pose] [ActionServer] Aborting handle.
[component_container_isolated-6] [INFO] [1791028300.298481941] [global_costmap.global_costmap]: Received request to clear entirely the global_costmap
[component_container_isolated-6] [WARN] [1791028300.619009973] [planner_server]: GridBased plugin failed to plan from (-1.20, 1.35) to (0.75, 1.84): "Failed to create plan with tolerance of: 0.500000"
[component_container_isolated-6] [WARN] [1791028300.619040942] [planner_server]: [compute_path_to_pose] [ActionServer] Aborting handle.
[component_container_isolated-6] [INFO] [1791028300.638518367] [behavior_server]: Running backup
[component_container_isolated-6] [WARN] [1791028300.638585415] [behavior_server]: Collision Ahead - Exiting DriveOnHeading
[component_container_isolated-6] [WARN] [1791028300.638591455] [behavior_server]: backup failed
[component_container_isolated-6] [WARN] [1791028300.638594805] [behavior_server]: [backup] [ActionServer] Aborting handle.
[component_container_isolated-6] [INFO] [1791028300.658337483] [local_costmap.local_costmap]: Received request to clear entirely the local_costmap
[component_container_isolated-6] [INFO] [1791028300.658450000] [global_costmap.global_costmap]: Received request to clear entirely the global_costmap
[component_container_isolated-6] [WARN] [1791028301.619058132] [planner_server]: GridBased plugin failed to plan from (-1.20, 1.35) to (0.75, 1.84): "Failed to create plan with tolerance of: 0.500000"
[component_container_isolated-6] [WARN] [1791028301.619084681] [planner_server]: [compute_path_to_pose] [ActionServer] Aborting handle.
[component_container_isolated-6] [INFO] [1791028301.638418919] [global_costmap.global_costmap]: Received request to clear entirely the global_costmap
[component_container_isolated-6] [WARN] [1791028302.618905019] [planner_server]: GridBased plugin failed to plan from (-1.20, 1.35) to (0.75, 1.84): "Failed to create plan with tolerance of: 0.500000"
[component_container_isolated-6] [WARN] [1791028302.618933428] [planner_server]: [compute_path_to_pose] [ActionServer] Aborting handle.
[component_container_isolated-6] [INFO] [1791028302.638529111] [behavior_server]: Running spin
[component_container_isolated-6] [INFO] [1791028302.638576080] [behavior_server]: Turning 1.57 for spin behavior.
[component_container_isolated-6] [INFO] [1791028303.132421330] [collision_monitor]: Robot to approach for 1.200000 seconds away from collision
[component_container_isolated-6] [WARN] [1791028303.238691082] [behavior_server]: Collision Ahead - Exiting Spin
[component_container_isolated-6] [WARN] [1791028303.238712631] [behavior_server]: spin failed
[component_container_isolated-6] [WARN] [1791028303.238717981] [behavior_server]: [spin] [ActionServer] Aborting handle.
[component_container_isolated-6] [INFO] [1791028303.258388453] [behavior_server]: Running wait
[component_container_isolated-6] [INFO] [1791028303.602511653] [collision_monitor]: Robot to continue normal operation
[component_container_isolated-6] [INFO] [1791028308.358483744] [behavior_server]: wait completed successfully
[component_container_isolated-6] [WARN] [1791028308.378813885] [planner_server]: GridBased plugin failed to plan from (-1.18, 1.34) to (0.75, 1.84): "Failed to create plan with tolerance of: 0.500000"
[component_container_isolated-6] [WARN] [1791028308.378841134] [planner_server]: [compute_path_to_pose] [ActionServer] Aborting handle.
[component_container_isolated-6] [INFO] [1791028308.398464840] [global_costmap.global_costmap]: Received request to clear entirely the global_costmap
[component_container_isolated-6] [WARN] [1791028308.618963793] [planner_server]: GridBased plugin failed to plan from (-1.18, 1.34) to (0.75, 1.84): "Failed to create plan with tolerance of: 0.500000"
[component_container_isolated-6] [WARN] [1791028308.618992663] [planner_server]: [compute_path_to_pose] [ActionServer] Aborting handle.
[component_container_isolated-6] [INFO] [1791028308.638511421] [behavior_server]: Running backup
[component_container_isolated-6] [WARN] [1791028308.638574919] [behavior_server]: Collision Ahead - Exiting DriveOnHeading
[component_container_isolated-6] [WARN] [1791028308.638580999] [behavior_server]: backup failed
[component_container_isolated-6] [WARN] [1791028308.638584899] [behavior_server]: [backup] [ActionServer] Aborting handle.
[component_container_isolated-6] [INFO] [1791028308.658368762] [local_costmap.local_costmap]: Received request to clear entirely the local_costmap
[component_container_isolated-6] [INFO] [1791028308.658520028] [global_costmap.global_costmap]: Received request to clear entirely the global_costmap
[component_container_isolated-6] [WARN] [1791028309.619172893] [planner_server]: GridBased plugin failed to plan from (-1.18, 1.34) to (0.75, 1.84): "Failed to create plan with tolerance of: 0.500000"
[component_container_isolated-6] [WARN] [1791028309.619201442] [planner_server]: [compute_path_to_pose] [ActionServer] Aborting handle.
[component_container_isolated-6] [INFO] [1791028309.638411008] [global_costmap.global_costmap]: Received request to clear entirely the global_costmap
[component_container_isolated-6] [WARN] [1791028310.618938656] [planner_server]: GridBased plugin failed to plan from (-1.18, 1.34) to (0.75, 1.84): "Failed to create plan with tolerance of: 0.500000"
[component_container_isolated-6] [WARN] [1791028310.618967135] [planner_server]: [compute_path_to_pose] [ActionServer] Aborting handle.
[component_container_isolated-6] [INFO] [1791028310.638510755] [behavior_server]: Running spin
[component_container_isolated-6] [INFO] [1791028310.638552404] [behavior_server]: Turning 1.57 for spin behavior.
[component_container_isolated-6] [INFO] [1791028310.732430464] [collision_monitor]: Robot to approach for 1.200000 seconds away from collision
[component_container_isolated-6] [INFO] [1791028313.932438553] [collision_monitor]: Robot to continue normal operation
[component_container_isolated-6] [INFO] [1791028314.152492089] [collision_monitor]: Robot to approach for 1.200000 seconds away from collision
[component_container_isolated-6] [WARN] [1791028315.538658031] [behavior_server]: Collision Ahead - Exiting Spin
[component_container_isolated-6] [WARN] [1791028315.538678951] [behavior_server]: spin failed
[component_container_isolated-6] [WARN] [1791028315.538685140] [behavior_server]: [spin] [ActionServer] Aborting handle.
[component_container_isolated-6] [INFO] [1791028315.558442128] [behavior_server]: Running wait
[component_container_isolated-6] [INFO] [1791028315.732440921] [collision_monitor]: Robot to continue normal operation
[component_container_isolated-6] [INFO] [1791028320.658553904] [behavior_server]: wait completed successfully
[component_container_isolated-6] [WARN] [1791028320.678831654] [planner_server]: GridBased plugin failed to plan from (-1.15, 1.31) to (0.75, 1.84): "Failed to create plan with tolerance of: 0.500000"
[component_container_isolated-6] [WARN] [1791028320.678862333] [planner_server]: [compute_path_to_pose] [ActionServer] Aborting handle.
[component_container_isolated-6] [INFO] [1791028320.698471527] [global_costmap.global_costmap]: Received request to clear entirely the global_costmap
[component_container_isolated-6] [WARN] [1791028321.618981402] [planner_server]: GridBased plugin failed to plan from (-1.15, 1.31) to (0.75, 1.84): "Failed to create plan with tolerance of: 0.500000"
[component_container_isolated-6] [WARN] [1791028321.619011901] [planner_server]: [compute_path_to_pose] [ActionServer] Aborting handle.
[component_container_isolated-6] [WARN] [1791028321.648291136] [bt_navigator]: [navigate_to_pose] [ActionServer] Aborting handle.
[component_container_isolated-6] [ERROR] [1791028321.648392654] [bt_navigator]: Goal failed
[component_container_isolated-6] [WARN] [1791028321.690174228] [controller_server]: Parameter min_x_velocity_threshold not found
[component_container_isolated-6] [INFO] [1791028321.691721325] [controller_server]: Optimizer reset
[fault_injector-11] [INFO] [1791028321.790988543] [fault_injector]: control rollback: min_x_velocity_threshold: restored min_x_velocity_threshold=0.001
[component_container_isolated-6] [INFO] [1791028321.839943681] [global_costmap.global_costmap]: Received request to clear entirely the global_costmap
[component_container_isolated-6] [INFO] [1791028321.890210612] [local_costmap.local_costmap]: Received request to clear entirely the local_costmap
[component_container_isolated-6] [INFO] [1791028324.041366120] [bt_navigator]: Begin navigating from current location (-1.15, 1.31) to (0.75, 1.84)
[component_container_isolated-6] [WARN] [1791028324.041942327] [planner_server]: GridBased plugin failed to plan from (-1.15, 1.31) to (0.75, 1.84): "Failed to create plan with tolerance of: 0.500000"
[component_container_isolated-6] [WARN] [1791028324.041969997] [planner_server]: [compute_path_to_pose] [ActionServer] Aborting handle.
[component_container_isolated-6] [INFO] [1791028324.061652722] [global_costmap.global_costmap]: Received request to clear entirely the global_costmap
[component_container_isolated-6] [WARN] [1791028324.612196872] [planner_server]: GridBased plugin failed to plan from (-1.15, 1.31) to (0.75, 1.84): "Failed to create plan with tolerance of: 0.500000"
[component_container_isolated-6] [WARN] [1791028324.612226861] [planner_server]: [compute_path_to_pose] [ActionServer] Aborting handle.
[component_container_isolated-6] [INFO] [1791028324.631655312] [local_costmap.local_costmap]: Received request to clear entirely the local_costmap
[component_container_isolated-6] [INFO] [1791028324.631766239] [global_costmap.global_costmap]: Received request to clear entirely the global_costmap
[component_container_isolated-6] [WARN] [1791028325.612516905] [planner_server]: GridBased plugin failed to plan from (-1.15, 1.31) to (0.75, 1.84): "Failed to create plan with tolerance of: 0.500000"
[component_container_isolated-6] [WARN] [1791028325.612544135] [planner_server]: [compute_path_to_pose] [ActionServer] Aborting handle.
[component_container_isolated-6] [INFO] [1791028325.631654833] [global_costmap.global_costmap]: Received request to clear entirely the global_costmap
[component_container_isolated-6] [WARN] [1791028326.612187406] [planner_server]: GridBased plugin failed to plan from (-1.15, 1.31) to (0.75, 1.84): "Failed to create plan with tolerance of: 0.500000"
[component_container_isolated-6] [WARN] [1791028326.612219265] [planner_server]: [compute_path_to_pose] [ActionServer] Aborting handle.
[component_container_isolated-6] [INFO] [1791028326.631717326] [behavior_server]: Running spin
[component_container_isolated-6] [INFO] [1791028326.631756635] [behavior_server]: Turning 1.57 for spin behavior.
[component_container_isolated-6] [INFO] [1791028326.672349692] [collision_monitor]: Robot to approach for 1.200000 seconds away from collision
[component_container_isolated-6] [WARN] [1791028326.931862299] [behavior_server]: Collision Ahead - Exiting Spin
[component_container_isolated-6] [WARN] [1791028326.931881548] [behavior_server]: spin failed
[component_container_isolated-6] [WARN] [1791028326.931886528] [behavior_server]: [spin] [ActionServer] Aborting handle.
[component_container_isolated-6] [INFO] [1791028326.932452026] [collision_monitor]: Robot to continue normal operation
[component_container_isolated-6] [INFO] [1791028326.951576695] [behavior_server]: Running wait
[component_container_isolated-6] [INFO] [1791028327.142470312] [collision_monitor]: Robot to approach for 1.200000 seconds away from collision
[component_container_isolated-6] [INFO] [1791028327.182419684] [collision_monitor]: Robot to continue normal operation
[component_container_isolated-6] [INFO] [1791028331.951673828] [behavior_server]: wait completed successfully
[component_container_isolated-6] [WARN] [1791028331.972002084] [planner_server]: GridBased plugin failed to plan from (-1.15, 1.32) to (0.75, 1.84): "Failed to create plan with tolerance of: 0.500000"
[component_container_isolated-6] [WARN] [1791028331.972029404] [planner_server]: [compute_path_to_pose] [ActionServer] Aborting handle.
[component_container_isolated-6] [INFO] [1791028331.991627825] [global_costmap.global_costmap]: Received request to clear entirely the global_costmap
[component_container_isolated-6] [WARN] [1791028332.612170057] [planner_server]: GridBased plugin failed to plan from (-1.15, 1.32) to (0.75, 1.84): "Failed to create plan with tolerance of: 0.500000"
[component_container_isolated-6] [WARN] [1791028332.612199676] [planner_server]: [compute_path_to_pose] [ActionServer] Aborting handle.
[component_container_isolated-6] [INFO] [1791028332.631705080] [behavior_server]: Running backup
[component_container_isolated-6] [WARN] [1791028332.631770029] [behavior_server]: Collision Ahead - Exiting DriveOnHeading
[component_container_isolated-6] [WARN] [1791028332.631776569] [behavior_server]: backup failed
[component_container_isolated-6] [WARN] [1791028332.631779929] [behavior_server]: [backup] [ActionServer] Aborting handle.
[component_container_isolated-6] [INFO] [1791028332.651531478] [local_costmap.local_costmap]: Received request to clear entirely the local_costmap
[component_container_isolated-6] [INFO] [1791028332.651658955] [global_costmap.global_costmap]: Received request to clear entirely the global_costmap
[component_container_isolated-6] [WARN] [1791028333.612264667] [planner_server]: GridBased plugin failed to plan from (-1.15, 1.32) to (0.75, 1.84): "Failed to create plan with tolerance of: 0.500000"
[component_container_isolated-6] [WARN] [1791028333.612295847] [planner_server]: [compute_path_to_pose] [ActionServer] Aborting handle.
[component_container_isolated-6] [INFO] [1791028333.631645035] [global_costmap.global_costmap]: Received request to clear entirely the global_costmap
[component_container_isolated-6] [WARN] [1791028334.612157175] [planner_server]: GridBased plugin failed to plan from (-1.15, 1.32) to (0.75, 1.84): "Failed to create plan with tolerance of: 0.500000"
[component_container_isolated-6] [WARN] [1791028334.612189044] [planner_server]: [compute_path_to_pose] [ActionServer] Aborting handle.
[component_container_isolated-6] [INFO] [1791028334.631748468] [behavior_server]: Running spin
[component_container_isolated-6] [INFO] [1791028334.631789907] [behavior_server]: Turning 1.57 for spin behavior.
[component_container_isolated-6] [INFO] [1791028334.882428481] [collision_monitor]: Robot to approach for 1.200000 seconds away from collision
[component_container_isolated-6] [WARN] [1791028335.431860928] [behavior_server]: Collision Ahead - Exiting Spin
[component_container_isolated-6] [WARN] [1791028335.431880528] [behavior_server]: spin failed
[component_container_isolated-6] [WARN] [1791028335.431885598] [behavior_server]: [spin] [ActionServer] Aborting handle.
[component_container_isolated-6] [INFO] [1791028335.451582510] [behavior_server]: Running wait
[component_container_isolated-6] [INFO] [1791028335.782360291] [collision_monitor]: Robot to continue normal operation
[component_container_isolated-6] [INFO] [1791028340.551685708] [behavior_server]: wait completed successfully
[component_container_isolated-6] [WARN] [1791028340.571989710] [planner_server]: GridBased plugin failed to plan from (-1.15, 1.32) to (0.75, 1.84): "Failed to create plan with tolerance of: 0.500000"
[component_container_isolated-6] [WARN] [1791028340.572017110] [planner_server]: [compute_path_to_pose] [ActionServer] Aborting handle.
[component_container_isolated-6] [INFO] [1791028340.591649656] [global_costmap.global_costmap]: Received request to clear entirely the global_costmap
[component_container_isolated-6] [WARN] [1791028340.612302601] [planner_server]: GridBased plugin failed to plan from (-1.15, 1.32) to (0.75, 1.84): "Failed to create plan with tolerance of: 0.500000"
[component_container_isolated-6] [WARN] [1791028340.612331361] [planner_server]: [compute_path_to_pose] [ActionServer] Aborting handle.
[component_container_isolated-6] [INFO] [1791028340.631733272] [behavior_server]: Running backup
[component_container_isolated-6] [WARN] [1791028340.631800941] [behavior_server]: Collision Ahead - Exiting DriveOnHeading
[component_container_isolated-6] [WARN] [1791028340.631807021] [behavior_server]: backup failed
[component_container_isolated-6] [WARN] [1791028340.631810531] [behavior_server]: [backup] [ActionServer] Aborting handle.
[component_container_isolated-6] [INFO] [1791028340.651537995] [local_costmap.local_costmap]: Received request to clear entirely the local_costmap
[component_container_isolated-6] [INFO] [1791028340.651671932] [global_costmap.global_costmap]: Received request to clear entirely the global_costmap
[component_container_isolated-6] [WARN] [1791028341.612368191] [planner_server]: GridBased plugin failed to plan from (-1.15, 1.32) to (0.75, 1.84): "Failed to create plan with tolerance of: 0.500000"
[component_container_isolated-6] [WARN] [1791028341.612398330] [planner_server]: [compute_path_to_pose] [ActionServer] Aborting handle.
[component_container_isolated-6] [INFO] [1791028341.631642925] [global_costmap.global_costmap]: Received request to clear entirely the global_costmap
[component_container_isolated-6] [WARN] [1791028342.612161648] [planner_server]: GridBased plugin failed to plan from (-1.15, 1.32) to (0.75, 1.84): "Failed to create plan with tolerance of: 0.500000"
[component_container_isolated-6] [WARN] [1791028342.612191857] [planner_server]: [compute_path_to_pose] [ActionServer] Aborting handle.
[component_container_isolated-6] [INFO] [1791028342.631715507] [behavior_server]: Running spin
[component_container_isolated-6] [INFO] [1791028342.631757096] [behavior_server]: Turning 1.57 for spin behavior.
[component_container_isolated-6] [INFO] [1791028342.692505271] [collision_monitor]: Robot to approach for 1.200000 seconds away from collision
[component_container_isolated-6] [INFO] [1791028342.732453962] [collision_monitor]: Robot to continue normal operation
[component_container_isolated-6] [INFO] [1791028342.842467792] [collision_monitor]: Robot to approach for 1.200000 seconds away from collision
[component_container_isolated-6] [WARN] [1791028343.031869147] [behavior_server]: Collision Ahead - Exiting Spin
[component_container_isolated-6] [WARN] [1791028343.031889787] [behavior_server]: spin failed
[component_container_isolated-6] [WARN] [1791028343.031894447] [behavior_server]: [spin] [ActionServer] Aborting handle.
[component_container_isolated-6] [INFO] [1791028343.051597804] [behavior_server]: Running wait
[component_container_isolated-6] [INFO] [1791028343.382400139] [collision_monitor]: Robot to continue normal operation
[component_container_isolated-6] [INFO] [1791028348.051695843] [behavior_server]: wait completed successfully
[component_container_isolated-6] [WARN] [1791028348.072029200] [planner_server]: GridBased plugin failed to plan from (-1.16, 1.32) to (0.75, 1.84): "Failed to create plan with tolerance of: 0.500000"
[component_container_isolated-6] [WARN] [1791028348.072058269] [planner_server]: [compute_path_to_pose] [ActionServer] Aborting handle.
[component_container_isolated-6] [INFO] [1791028348.091649071] [global_costmap.global_costmap]: Received request to clear entirely the global_costmap
[component_container_isolated-6] [WARN] [1791028348.612165952] [planner_server]: GridBased plugin failed to plan from (-1.16, 1.32) to (0.75, 1.84): "Failed to create plan with tolerance of: 0.500000"
[component_container_isolated-6] [WARN] [1791028348.612194402] [planner_server]: [compute_path_to_pose] [ActionServer] Aborting handle.
[component_container_isolated-6] [WARN] [1791028348.641481423] [bt_navigator]: [navigate_to_pose] [ActionServer] Aborting handle.
[component_container_isolated-6] [ERROR] [1791028348.641578020] [bt_navigator]: Goal failed
[component_container_isolated-6] [INFO] [1791028349.125593635] [amcl]: initialPoseReceived
[component_container_isolated-6] [WARN] [1791028349.125645074] [amcl]: Failed to transform initial pose in time (Lookup would require extrapolation into the future.  Requested time 649.947000 but the latest data is at time 649.944000, when looking up transform from frame [base_footprint] to frame [odom])
[component_container_isolated-6] [INFO] [1791028349.125651203] [amcl]: Setting pose (649.947000): -2.000 -0.500 0.000
[episode_reset-9] [INFO] [1791028351.125904472] [episode_reset]: Episode reset to (-2.0, -0.5, 0.0).
[component_container_isolated-6] [INFO] [1791028351.260212951] [bt_navigator]: Begin navigating from current location (-2.02, -0.53) to (0.75, 1.84)
[component_container_isolated-6] [INFO] [1791028351.280551889] [controller_server]: Received a goal, begin computing control effort.
[component_container_isolated-6] [INFO] [1791028351.362621090] [collision_monitor]: Robot to approach for 1.200000 seconds away from collision
[component_container_isolated-6] [INFO] [1791028351.432450574] [collision_monitor]: Robot to continue normal operation
[component_container_isolated-6] [INFO] [1791028352.330646232] [controller_server]: Passing new path to controller.
[component_container_isolated-6] [INFO] [1791028353.380645051] [controller_server]: Passing new path to controller.
[component_container_isolated-6] [INFO] [1791028354.380651725] [controller_server]: Passing new path to controller.
[component_container_isolated-6] [INFO] [1791028355.430645303] [controller_server]: Passing new path to controller.
[component_container_isolated-6] [INFO] [1791028356.430642991] [controller_server]: Passing new path to controller.
[component_container_isolated-6] [INFO] [1791028357.480645144] [controller_server]: Passing new path to controller.
[component_container_isolated-6] [INFO] [1791028358.480643276] [controller_server]: Passing new path to controller.
[component_container_isolated-6] [INFO] [1791028359.530646366] [controller_server]: Passing new path to controller.
[component_container_isolated-6] [INFO] [1791028360.530645041] [controller_server]: Passing new path to controller.
[component_container_isolated-6] [INFO] [1791028361.580645417] [controller_server]: Passing new path to controller.
[component_container_isolated-6] [INFO] [1791028362.580647186] [controller_server]: Passing new path to controller.
[component_container_isolated-6] [INFO] [1791028363.630644468] [controller_server]: Passing new path to controller.
[component_container_isolated-6] [INFO] [1791028364.630642889] [controller_server]: Passing new path to controller.
[component_container_isolated-6] [INFO] [1791028365.430660376] [controller_server]: Reached the goal!
[component_container_isolated-6] [INFO] [1791028365.431351482] [controller_server]: Optimizer reset
[component_container_isolated-6] [INFO] [1791028365.460384363] [bt_navigator]: Goal succeeded
[component_container_isolated-6] [INFO] [1791028365.948002716] [amcl]: initialPoseReceived
[component_container_isolated-6] [WARN] [1791028365.948051865] [amcl]: Failed to transform initial pose in time (Lookup would require extrapolation into the future.  Requested time 666.672000 but the latest data is at time 666.648000, when looking up transform from frame [base_footprint] to frame [odom])
[component_container_isolated-6] [INFO] [1791028365.948057965] [amcl]: Setting pose (666.672000): -2.000 -0.500 0.000
[episode_reset-9] [INFO] [1791028367.948365983] [episode_reset]: Episode reset to (-2.0, -0.5, 0.0).
[component_container_isolated-6] [WARN] [1791028368.034444194] [controller_server]: Parameter min_x_velocity_threshold not found
[component_container_isolated-6] [INFO] [1791028368.035798486] [controller_server]: Optimizer reset
[fault_injector-11] [INFO] [1791028368.135192940] [fault_injector]: control inject: min_x_velocity_threshold: min_x_velocity_threshold=0.001 -> min_x_velocity_threshold=10.0
[component_container_isolated-6] [INFO] [1791028371.439072410] [bt_navigator]: Begin navigating from current location (-1.97, -0.51) to (0.75, 1.84)
[component_container_isolated-6] [INFO] [1791028371.459422321] [controller_server]: Received a goal, begin computing control effort.
[component_container_isolated-6] [INFO] [1791028372.509521715] [controller_server]: Passing new path to controller.
[component_container_isolated-6] [INFO] [1791028373.559521083] [controller_server]: Passing new path to controller.
[component_container_isolated-6] [INFO] [1791028374.559523155] [controller_server]: Passing new path to controller.
[component_container_isolated-6] [INFO] [1791028375.609521389] [controller_server]: Passing new path to controller.
[component_container_isolated-6] [INFO] [1791028376.609523222] [controller_server]: Passing new path to controller.
[component_container_isolated-6] [INFO] [1791028377.659522730] [controller_server]: Passing new path to controller.
[component_container_isolated-6] [INFO] [1791028378.659521285] [controller_server]: Passing new path to controller.
[component_container_isolated-6] [INFO] [1791028379.709521216] [controller_server]: Passing new path to controller.
[component_container_isolated-6] [INFO] [1791028380.709522852] [controller_server]: Passing new path to controller.
[component_container_isolated-6] [INFO] [1791028381.759520667] [controller_server]: Passing new path to controller.
[component_container_isolated-6] [INFO] [1791028382.759520213] [controller_server]: Passing new path to controller.
[component_container_isolated-6] [INFO] [1791028383.809520612] [controller_server]: Passing new path to controller.
[component_container_isolated-6] [INFO] [1791028384.809521939] [controller_server]: Passing new path to controller.
[component_container_isolated-6] [INFO] [1791028385.859528531] [controller_server]: Passing new path to controller.
[component_container_isolated-6] [INFO] [1791028386.859524618] [controller_server]: Passing new path to controller.
[component_container_isolated-6] [INFO] [1791028387.909524483] [controller_server]: Passing new path to controller.
[component_container_isolated-6] [INFO] [1791028388.909520530] [controller_server]: Passing new path to controller.
[component_container_isolated-6] [INFO] [1791028389.959490168] [controller_server]: Passing new path to controller.
[component_container_isolated-6] [ERROR] [1791028389.959632076] [controller_server]: Failed to make progress
[component_container_isolated-6] [INFO] [1791028389.960302042] [controller_server]: Optimizer reset
[component_container_isolated-6] [WARN] [1791028389.960316432] [controller_server]: [follow_path] [ActionServer] Aborting handle.
[component_container_isolated-6] [INFO] [1791028389.989355104] [local_costmap.local_costmap]: Received request to clear entirely the local_costmap
[component_container_isolated-6] [INFO] [1791028389.989582610] [controller_server]: Received a goal, begin computing control effort.
[component_container_isolated-6] [INFO] [1791028390.989673155] [controller_server]: Passing new path to controller.
[component_container_isolated-6] [INFO] [1791028391.989672342] [controller_server]: Passing new path to controller.
[component_container_isolated-6] [INFO] [1791028393.039674304] [controller_server]: Passing new path to controller.
[component_container_isolated-6] [INFO] [1791028394.039672700] [controller_server]: Passing new path to controller.
[component_container_isolated-6] [INFO] [1791028395.089623886] [controller_server]: Passing new path to controller.
[component_container_isolated-6] [INFO] [1791028396.089671580] [controller_server]: Passing new path to controller.
[component_container_isolated-6] [INFO] [1791028397.139673327] [controller_server]: Passing new path to controller.
[component_container_isolated-6] [INFO] [1791028398.139671771] [controller_server]: Passing new path to controller.
[component_container_isolated-6] [INFO] [1791028399.189671800] [controller_server]: Passing new path to controller.
[component_container_isolated-6] [ERROR] [1791028400.039715258] [controller_server]: Failed to make progress
[component_container_isolated-6] [INFO] [1791028400.040010842] [controller_server]: Optimizer reset
[component_container_isolated-6] [WARN] [1791028400.040022472] [controller_server]: [follow_path] [ActionServer] Aborting handle.
[component_container_isolated-6] [INFO] [1791028400.059370070] [local_costmap.local_costmap]: Received request to clear entirely the local_costmap
[component_container_isolated-6] [INFO] [1791028400.059496657] [global_costmap.global_costmap]: Received request to clear entirely the global_costmap
[component_container_isolated-6] [WARN] [1791028400.620347694] [planner_server]: Planner loop missed its desired rate of 20.0000 Hz. Current loop rate is 1.7825 Hz
[component_container_isolated-6] [INFO] [1791028400.639449136] [controller_server]: Received a goal, begin computing control effort.
[component_container_isolated-6] [INFO] [1791028401.689544757] [controller_server]: Passing new path to controller.
[component_container_isolated-6] [INFO] [1791028402.739548191] [controller_server]: Passing new path to controller.
[component_container_isolated-6] [INFO] [1791028403.739544875] [controller_server]: Passing new path to controller.
[component_container_isolated-6] [INFO] [1791028404.789544260] [controller_server]: Passing new path to controller.
[component_container_isolated-6] [INFO] [1791028405.789544991] [controller_server]: Passing new path to controller.
[component_container_isolated-6] [INFO] [1791028406.839543237] [controller_server]: Passing new path to controller.
[component_container_isolated-6] [INFO] [1791028407.839545026] [controller_server]: Passing new path to controller.
[component_container_isolated-6] [INFO] [1791028408.889541492] [controller_server]: Passing new path to controller.
[component_container_isolated-6] [INFO] [1791028409.889543529] [controller_server]: Passing new path to controller.
[component_container_isolated-6] [ERROR] [1791028410.689578565] [controller_server]: Failed to make progress
[component_container_isolated-6] [INFO] [1791028410.689862050] [controller_server]: Optimizer reset
[component_container_isolated-6] [WARN] [1791028410.689873970] [controller_server]: [follow_path] [ActionServer] Aborting handle.
[component_container_isolated-6] [INFO] [1791028410.709361270] [local_costmap.local_costmap]: Received request to clear entirely the local_costmap
[component_container_isolated-6] [INFO] [1791028410.709561586] [controller_server]: Received a goal, begin computing control effort.
[component_container_isolated-6] [WARN] [1791028410.812791099] [controller_server]: Control loop missed its desired rate of 20.0000 Hz. Current loop rate is 9.5238 Hz.
[component_container_isolated-6] [INFO] [1791028410.912879751] [controller_server]: Passing new path to controller.
[component_container_isolated-6] [INFO] [1791028411.962875298] [controller_server]: Passing new path to controller.
[component_container_isolated-6] [INFO] [1791028412.962877440] [controller_server]: Passing new path to controller.
[component_container_isolated-6] [INFO] [1791028414.012889286] [controller_server]: Passing new path to controller.
[component_container_isolated-6] [INFO] [1791028415.012873346] [controller_server]: Passing new path to controller.
[component_container_isolated-6] [INFO] [1791028416.062877343] [controller_server]: Passing new path to controller.
[component_container_isolated-6] [INFO] [1791028417.062876100] [controller_server]: Passing new path to controller.
[component_container_isolated-6] [INFO] [1791028418.112875676] [controller_server]: Passing new path to controller.
[component_container_isolated-6] [INFO] [1791028419.112836449] [controller_server]: Passing new path to controller.
[component_container_isolated-6] [INFO] [1791028420.162879594] [controller_server]: Passing new path to controller.
[component_container_isolated-6] [ERROR] [1791028420.812921226] [controller_server]: Failed to make progress
[component_container_isolated-6] [INFO] [1791028420.813179121] [controller_server]: Optimizer reset
[component_container_isolated-6] [WARN] [1791028420.813190341] [controller_server]: [follow_path] [ActionServer] Aborting handle.
[component_container_isolated-6] [INFO] [1791028420.829417338] [behavior_server]: Running spin
[component_container_isolated-6] [INFO] [1791028420.829451637] [behavior_server]: Turning 1.57 for spin behavior.
[component_container_isolated-6] [INFO] [1791028422.829564327] [behavior_server]: spin completed successfully
[component_container_isolated-6] [INFO] [1791028422.869446894] [controller_server]: Received a goal, begin computing control effort.
[component_container_isolated-6] [INFO] [1791028423.919551434] [controller_server]: Passing new path to controller.
[component_container_isolated-6] [INFO] [1791028424.969553537] [controller_server]: Passing new path to controller.
[component_container_isolated-6] [INFO] [1791028425.969549977] [controller_server]: Passing new path to controller.
[component_container_isolated-6] [INFO] [1791028427.019549229] [controller_server]: Passing new path to controller.
[component_container_isolated-6] [INFO] [1791028428.019549034] [controller_server]: Passing new path to controller.
[component_container_isolated-6] [INFO] [1791028429.069550425] [controller_server]: Passing new path to controller.
[component_container_isolated-6] [INFO] [1791028429.372224953] [controller_server]: Optimizer reset
[component_container_isolated-6] [INFO] [1791028429.375942314] [controller_server]: Optimizer reset
[component_container_isolated-6] [WARN] [1791028429.375976004] [controller_server]: Optimizer fail to compute path
[component_container_isolated-6] [INFO] [1791028430.069548586] [controller_server]: Passing new path to controller.
[component_container_isolated-6] [INFO] [1791028431.119552314] [controller_server]: Passing new path to controller.
[component_container_isolated-6] [ERROR] [1791028431.559347827] [bt_navigator_navigate_to_pose_rclcpp_node]: Failed to get result for follow_path in node halt!
[component_container_isolated-6] [INFO] [1791028431.559432296] [bt_navigator]: [navigate_to_pose] [ActionServer] Client requested to cancel the goal. Cancelling.
[component_container_isolated-6] [INFO] [1791028431.559508514] [bt_navigator]: Goal canceled
[component_container_isolated-6] [INFO] [1791028431.569551429] [controller_server]: Cancellation was successful. Stopping the robot.
[component_container_isolated-6] [INFO] [1791028431.569565209] [controller_server]: [follow_path] [ActionServer] Client requested to cancel the goal. Cancelling.
[component_container_isolated-6] [INFO] [1791028431.569812985] [controller_server]: Optimizer reset
[component_container_isolated-6] [WARN] [1791028431.587362982] [controller_server]: Parameter min_x_velocity_threshold not found
[component_container_isolated-6] [INFO] [1791028431.589441854] [controller_server]: Optimizer reset
[fault_injector-11] [INFO] [1791028431.688026381] [fault_injector]: control rollback: min_x_velocity_threshold: restored min_x_velocity_threshold=0.001
[component_container_isolated-6] [INFO] [1791028431.737178517] [global_costmap.global_costmap]: Received request to clear entirely the global_costmap
[component_container_isolated-6] [INFO] [1791028431.787398484] [local_costmap.local_costmap]: Received request to clear entirely the local_costmap
[component_container_isolated-6] [INFO] [1791028433.938562987] [bt_navigator]: Begin navigating from current location (-1.49, 1.37) to (0.75, 1.84)
[component_container_isolated-6] [INFO] [1791028433.958927883] [controller_server]: Received a goal, begin computing control effort.
[component_container_isolated-6] [INFO] [1791028435.009018869] [controller_server]: Passing new path to controller.
[component_container_isolated-6] [INFO] [1791028436.059023686] [controller_server]: Passing new path to controller.
[component_container_isolated-6] [INFO] [1791028437.059020753] [controller_server]: Passing new path to controller.
[component_container_isolated-6] [INFO] [1791028438.059020658] [controller_server]: Passing new path to controller.
[component_container_isolated-6] [INFO] [1791028439.109020799] [controller_server]: Passing new path to controller.
[component_container_isolated-6] [INFO] [1791028440.159022101] [controller_server]: Passing new path to controller.
[component_container_isolated-6] [WARN] [1791028441.119276957] [planner_server]: GridBased plugin failed to plan from (0.88, 1.26) to (0.75, 1.84): "Failed to create plan with tolerance of: 0.500000"
[component_container_isolated-6] [WARN] [1791028441.119315766] [planner_server]: [compute_path_to_pose] [ActionServer] Aborting handle.
[component_container_isolated-6] [INFO] [1791028441.138823223] [global_costmap.global_costmap]: Received request to clear entirely the global_costmap
[component_container_isolated-6] [INFO] [1791028441.309039408] [controller_server]: Reached the goal!
[component_container_isolated-6] [INFO] [1791028441.309566039] [controller_server]: Optimizer reset
[component_container_isolated-6] [ERROR] [1791028441.349054373] [bt_navigator_navigate_to_pose_rclcpp_node]: Failed to get result for compute_path_to_pose in node halt!
[component_container_isolated-6] [INFO] [1791028441.349173851] [bt_navigator]: Goal succeeded
[component_container_isolated-6] [INFO] [1791028441.619296946] [planner_server]: Goal was canceled. Canceling planning action.
[component_container_isolated-6] [INFO] [1791028441.619325075] [planner_server]: [compute_path_to_pose] [ActionServer] Client requested to cancel the goal. Cancelling.
[component_container_isolated-6] [INFO] [1791028441.770959668] [amcl]: initialPoseReceived
[component_container_isolated-6] [WARN] [1791028441.771007477] [amcl]: Failed to transform initial pose in time (Lookup would require extrapolation into the future.  Requested time 742.398000 but the latest data is at time 742.392000, when looking up transform from frame [base_footprint] to frame [odom])
[component_container_isolated-6] [INFO] [1791028441.771013967] [amcl]: Setting pose (742.398000): -2.000 -0.500 0.000
[episode_reset-9] [INFO] [1791028443.771322964] [episode_reset]: Episode reset to (-2.0, -0.5, 0.0).
[component_container_isolated-6] [INFO] [1791028443.906478732] [bt_navigator]: Begin navigating from current location (-2.00, -0.46) to (0.75, 1.84)
[component_container_isolated-6] [INFO] [1791028443.926926903] [controller_server]: Received a goal, begin computing control effort.
[component_container_isolated-6] [INFO] [1791028444.977026434] [controller_server]: Passing new path to controller.
[component_container_isolated-6] [INFO] [1791028446.027028386] [controller_server]: Passing new path to controller.
[component_container_isolated-6] [INFO] [1791028447.027027116] [controller_server]: Passing new path to controller.
[component_container_isolated-6] [INFO] [1791028448.077026215] [controller_server]: Passing new path to controller.
[component_container_isolated-6] [INFO] [1791028449.077027028] [controller_server]: Passing new path to controller.
[component_container_isolated-6] [INFO] [1791028450.127027163] [controller_server]: Passing new path to controller.
[component_container_isolated-6] [INFO] [1791028451.127028279] [controller_server]: Passing new path to controller.
[component_container_isolated-6] [INFO] [1791028452.177027790] [controller_server]: Passing new path to controller.
[component_container_isolated-6] [INFO] [1791028453.177025769] [controller_server]: Passing new path to controller.
[component_container_isolated-6] [INFO] [1791028454.227026124] [controller_server]: Passing new path to controller.
[component_container_isolated-6] [INFO] [1791028455.227027516] [controller_server]: Passing new path to controller.
[component_container_isolated-6] [INFO] [1791028456.227027364] [controller_server]: Passing new path to controller.
[component_container_isolated-6] [INFO] [1791028457.277028691] [controller_server]: Passing new path to controller.
[component_container_isolated-6] [INFO] [1791028457.677041118] [controller_server]: Reached the goal!
[component_container_isolated-6] [INFO] [1791028457.677313883] [controller_server]: Optimizer reset
[component_container_isolated-6] [INFO] [1791028457.706659774] [bt_navigator]: Goal succeeded
[component_container_isolated-6] [INFO] [1791028458.227673334] [amcl]: initialPoseReceived
[component_container_isolated-6] [WARN] [1791028458.227723273] [amcl]: Failed to transform initial pose in time (Lookup would require extrapolation into the future.  Requested time 758.760000 but the latest data is at time 758.736000, when looking up transform from frame [base_footprint] to frame [odom])
[component_container_isolated-6] [INFO] [1791028458.227730083] [amcl]: Setting pose (758.760000): -2.000 -0.500 0.000
[episode_reset-9] [INFO] [1791028460.228038570] [episode_reset]: Episode reset to (-2.0, -0.5, 0.0).
[component_container_isolated-6] [WARN] [1791028460.310932889] [controller_server]: Parameter min_x_velocity_threshold not found
[component_container_isolated-6] [INFO] [1791028460.312470522] [controller_server]: Optimizer reset
[fault_injector-11] [INFO] [1791028460.411680233] [fault_injector]: control inject: min_x_velocity_threshold: min_x_velocity_threshold=0.001 -> min_x_velocity_threshold=10.0
[component_container_isolated-6] [INFO] [1791028463.715606761] [bt_navigator]: Begin navigating from current location (-1.96, -0.47) to (0.75, 1.84)
[component_container_isolated-6] [INFO] [1791028463.735966063] [controller_server]: Received a goal, begin computing control effort.
[component_container_isolated-6] [INFO] [1791028464.786015149] [controller_server]: Passing new path to controller.
[component_container_isolated-6] [INFO] [1791028465.836064793] [controller_server]: Passing new path to controller.
[component_container_isolated-6] [INFO] [1791028466.836063939] [controller_server]: Passing new path to controller.
[component_container_isolated-6] [INFO] [1791028467.886064897] [controller_server]: Passing new path to controller.
[component_container_isolated-6] [INFO] [1791028468.886063145] [controller_server]: Passing new path to controller.
[component_container_isolated-6] [INFO] [1791028469.936059867] [controller_server]: Passing new path to controller.
[component_container_isolated-6] [INFO] [1791028470.936062635] [controller_server]: Passing new path to controller.
[component_container_isolated-6] [INFO] [1791028471.986061640] [controller_server]: Passing new path to controller.
[component_container_isolated-6] [INFO] [1791028472.986062219] [controller_server]: Passing new path to controller.
[component_container_isolated-6] [INFO] [1791028474.036059379] [controller_server]: Passing new path to controller.
[component_container_isolated-6] [INFO] [1791028475.036060999] [controller_server]: Passing new path to controller.
[component_container_isolated-6] [INFO] [1791028476.086022072] [controller_server]: Passing new path to controller.
[component_container_isolated-6] [INFO] [1791028477.086057052] [controller_server]: Passing new path to controller.
[component_container_isolated-6] [INFO] [1791028478.136060378] [controller_server]: Passing new path to controller.
[component_container_isolated-6] [INFO] [1791028479.136061508] [controller_server]: Passing new path to controller.
[component_container_isolated-6] [INFO] [1791028480.186063676] [controller_server]: Passing new path to controller.
[component_container_isolated-6] [INFO] [1791028481.186061297] [controller_server]: Passing new path to controller.
[component_container_isolated-6] [INFO] [1791028482.236060658] [controller_server]: Passing new path to controller.
[component_container_isolated-6] [ERROR] [1791028482.936097837] [controller_server]: Failed to make progress
[component_container_isolated-6] [INFO] [1791028482.936720137] [controller_server]: Optimizer reset
[component_container_isolated-6] [WARN] [1791028482.936738566] [controller_server]: [follow_path] [ActionServer] Aborting handle.
[component_container_isolated-6] [INFO] [1791028482.955903099] [local_costmap.local_costmap]: Received request to clear entirely the local_costmap
[component_container_isolated-6] [INFO] [1791028482.956110035] [controller_server]: Received a goal, begin computing control effort.
[component_container_isolated-6] [WARN] [1791028483.009917486] [controller_server]: Control loop missed its desired rate of 20.0000 Hz. Current loop rate is 18.5185 Hz.
[component_container_isolated-6] [INFO] [1791028483.260004129] [controller_server]: Passing new path to controller.
[component_container_isolated-6] [INFO] [1791028484.260000945] [controller_server]: Passing new path to controller.
[component_container_isolated-6] [INFO] [1791028485.310003483] [controller_server]: Passing new path to controller.
[component_container_isolated-6] [INFO] [1791028486.310002028] [controller_server]: Passing new path to controller.
[component_container_isolated-6] [INFO] [1791028487.360005139] [controller_server]: Passing new path to controller.
[component_container_isolated-6] [INFO] [1791028488.360000993] [controller_server]: Passing new path to controller.
[component_container_isolated-6] [INFO] [1791028489.410000446] [controller_server]: Passing new path to controller.
[component_container_isolated-6] [INFO] [1791028490.409999329] [controller_server]: Passing new path to controller.
[component_container_isolated-6] [INFO] [1791028491.459991073] [controller_server]: Passing new path to controller.
[component_container_isolated-6] [INFO] [1791028492.459989245] [controller_server]: Passing new path to controller.
[component_container_isolated-6] [INFO] [1791028493.510002470] [controller_server]: Passing new path to controller.
[component_container_isolated-6] [INFO] [1791028494.510001581] [controller_server]: Passing new path to controller.
[component_container_isolated-6] [INFO] [1791028495.560002586] [controller_server]: Passing new path to controller.
[component_container_isolated-6] [INFO] [1791028496.560001524] [controller_server]: Passing new path to controller.
[component_container_isolated-6] [INFO] [1791028497.609998941] [controller_server]: Passing new path to controller.
[component_container_isolated-6] [INFO] [1791028498.609972020] [controller_server]: Passing new path to controller.
[component_container_isolated-6] [INFO] [1791028499.660002397] [controller_server]: Passing new path to controller.
[component_container_isolated-6] [INFO] [1791028500.660002313] [controller_server]: Passing new path to controller.
[component_container_isolated-6] [INFO] [1791028501.710003751] [controller_server]: Passing new path to controller.
[component_container_isolated-6] [INFO] [1791028502.709958586] [controller_server]: Passing new path to controller.
[component_container_isolated-6] [INFO] [1791028503.760000963] [controller_server]: Passing new path to controller.
[component_container_isolated-6] [INFO] [1791028503.760078142] [controller_server]: Reached the goal!
[component_container_isolated-6] [INFO] [1791028503.760315518] [controller_server]: Optimizer reset
[component_container_isolated-6] [INFO] [1791028503.795804099] [bt_navigator]: Goal succeeded
[component_container_isolated-6] [WARN] [1791028503.812473683] [controller_server]: Parameter min_x_velocity_threshold not found
[component_container_isolated-6] [INFO] [1791028503.814177565] [controller_server]: Optimizer reset
[fault_injector-11] [INFO] [1791028503.913246731] [fault_injector]: control rollback: min_x_velocity_threshold: restored min_x_velocity_threshold=0.001
[component_container_isolated-6] [INFO] [1791028503.962388986] [global_costmap.global_costmap]: Received request to clear entirely the global_costmap
[component_container_isolated-6] [INFO] [1791028504.012717362] [local_costmap.local_costmap]: Received request to clear entirely the local_costmap
[component_container_isolated-6] [INFO] [1791028506.163852485] [bt_navigator]: Begin navigating from current location (0.52, 1.81) to (0.75, 1.84)
[component_container_isolated-6] [INFO] [1791028506.184211518] [controller_server]: Received a goal, begin computing control effort.
[component_container_isolated-6] [INFO] [1791028506.184256348] [controller_server]: Reached the goal!
[component_container_isolated-6] [INFO] [1791028506.185588886] [controller_server]: Optimizer reset
[component_container_isolated-6] [INFO] [1791028506.214035156] [bt_navigator]: Goal succeeded
[component_container_isolated-6] [INFO] [1791028509.910268431] [amcl]: initialPoseReceived
[component_container_isolated-6] [WARN] [1791028509.910322760] [amcl]: Failed to transform initial pose in time (Lookup would require extrapolation into the future.  Requested time 810.345000 but the latest data is at time 810.324000, when looking up transform from frame [base_footprint] to frame [odom])
[component_container_isolated-6] [INFO] [1791028509.910329150] [amcl]: Setting pose (810.345000): -2.000 -0.500 0.000
[episode_reset-9] [INFO] [1791028511.910623186] [episode_reset]: Episode reset to (-2.0, -0.5, 0.0).
[component_container_isolated-6] [INFO] [1791028512.047865757] [bt_navigator]: Begin navigating from current location (-1.97, -0.51) to (0.75, 1.84)
[component_container_isolated-6] [INFO] [1791028512.068236803] [controller_server]: Received a goal, begin computing control effort.
[component_container_isolated-6] [INFO] [1791028513.118330827] [controller_server]: Passing new path to controller.
[component_container_isolated-6] [INFO] [1791028514.168331498] [controller_server]: Passing new path to controller.
[component_container_isolated-6] [INFO] [1791028515.168332540] [controller_server]: Passing new path to controller.
[component_container_isolated-6] [INFO] [1791028516.218329940] [controller_server]: Passing new path to controller.
[component_container_isolated-6] [INFO] [1791028517.218330178] [controller_server]: Passing new path to controller.
[component_container_isolated-6] [INFO] [1791028518.268331857] [controller_server]: Passing new path to controller.
[component_container_isolated-6] [INFO] [1791028519.268332942] [controller_server]: Passing new path to controller.
[component_container_isolated-6] [INFO] [1791028520.318330889] [controller_server]: Passing new path to controller.
[component_container_isolated-6] [INFO] [1791028521.318320820] [controller_server]: Passing new path to controller.
[component_container_isolated-6] [INFO] [1791028522.368330866] [controller_server]: Passing new path to controller.
[component_container_isolated-6] [INFO] [1791028523.368334263] [controller_server]: Passing new path to controller.
[component_container_isolated-6] [INFO] [1791028524.418331107] [controller_server]: Passing new path to controller.
[component_container_isolated-6] [INFO] [1791028525.418329930] [controller_server]: Passing new path to controller.
[component_container_isolated-6] [INFO] [1791028526.468332892] [controller_server]: Passing new path to controller.
[component_container_isolated-6] [INFO] [1791028526.818340791] [controller_server]: Reached the goal!
[component_container_isolated-6] [INFO] [1791028526.818817593] [controller_server]: Optimizer reset
[component_container_isolated-6] [INFO] [1791028526.848063193] [bt_navigator]: Goal succeeded
[component_container_isolated-6] [INFO] [1791028527.280271988] [amcl]: initialPoseReceived
[component_container_isolated-6] [WARN] [1791028527.280315927] [amcl]: Failed to transform initial pose in time (Lookup would require extrapolation into the future.  Requested time 827.619000 but the latest data is at time 827.604000, when looking up transform from frame [base_footprint] to frame [odom])
[component_container_isolated-6] [INFO] [1791028527.280322417] [amcl]: Setting pose (827.619000): -2.000 -0.500 0.000
[episode_reset-9] [INFO] [1791028529.280657507] [episode_reset]: Episode reset to (-2.0, -0.5, 0.0).
[component_container_isolated-6] [INFO] [1791028529.316298417] [amcl]: initialPoseReceived
[component_container_isolated-6] [WARN] [1791028529.316357686] [amcl]: Failed to transform initial pose in time (Lookup would require extrapolation into the future.  Requested time 829.656000 but the latest data is at time 829.620000, when looking up transform from frame [base_footprint] to frame [odom])
[component_container_isolated-6] [INFO] [1791028529.316366166] [amcl]: Setting pose (829.656000): -1.350 -0.950 0.350
[component_container_isolated-6] [INFO] [1791028529.416452515] [amcl]: initialPoseReceived
[component_container_isolated-6] [WARN] [1791028529.416500404] [amcl]: Failed to transform initial pose in time (Lookup would require extrapolation into the future.  Requested time 829.755000 but the latest data is at time 829.728000, when looking up transform from frame [base_footprint] to frame [odom])
[component_container_isolated-6] [INFO] [1791028529.416507284] [amcl]: Setting pose (829.755000): -1.350 -0.950 0.350
[component_container_isolated-6] [INFO] [1791028529.516586783] [amcl]: initialPoseReceived
[component_container_isolated-6] [WARN] [1791028529.516632912] [amcl]: Failed to transform initial pose in time (Lookup would require extrapolation into the future.  Requested time 829.854000 but the latest data is at time 829.836000, when looking up transform from frame [base_footprint] to frame [odom])
[component_container_isolated-6] [INFO] [1791028529.516639202] [amcl]: Setting pose (829.854000): -1.350 -0.950 0.350
[component_container_isolated-6] [INFO] [1791028529.616753231] [amcl]: initialPoseReceived
[component_container_isolated-6] [WARN] [1791028529.616798850] [amcl]: Failed to transform initial pose in time (Lookup would require extrapolation into the future.  Requested time 829.956000 but the latest data is at time 829.944000, when looking up transform from frame [base_footprint] to frame [odom])
[component_container_isolated-6] [INFO] [1791028529.616805450] [amcl]: Setting pose (829.956000): -1.350 -0.950 0.350
[fault_injector-11] [INFO] [1791028529.717247124] [fault_injector]: localization inject: {"offset_x": 0.65, "offset_y": -0.45, "offset_yaw": 0.35}
[component_container_isolated-6] [INFO] [1791028530.018124911] [bt_navigator]: Begin navigating from current location (-1.99, -0.49) to (0.75, 1.84)
[component_container_isolated-6] [WARN] [1791028530.019040147] [planner_server]: GridBased plugin failed to plan from (-1.99, -0.49) to (0.75, 1.84): "Failed to create plan with tolerance of: 0.500000"
[component_container_isolated-6] [WARN] [1791028530.019061736] [planner_server]: [compute_path_to_pose] [ActionServer] Aborting handle.
[component_container_isolated-6] [INFO] [1791028530.038416297] [global_costmap.global_costmap]: Received request to clear entirely the global_costmap
[component_container_isolated-6] [WARN] [1791028530.618931615] [planner_server]: GridBased plugin failed to plan from (-1.34, -0.91) to (0.75, 1.84): "Failed to create plan with tolerance of: 0.500000"
[component_container_isolated-6] [WARN] [1791028530.618961164] [planner_server]: [compute_path_to_pose] [ActionServer] Aborting handle.
[component_container_isolated-6] [INFO] [1791028530.638425423] [local_costmap.local_costmap]: Received request to clear entirely the local_costmap
[component_container_isolated-6] [INFO] [1791028530.638539672] [global_costmap.global_costmap]: Received request to clear entirely the global_costmap
[component_container_isolated-6] [WARN] [1791028531.619179081] [planner_server]: GridBased plugin failed to plan from (-1.34, -0.91) to (0.75, 1.84): "Failed to create plan with tolerance of: 0.500000"
[component_container_isolated-6] [WARN] [1791028531.619209571] [planner_server]: [compute_path_to_pose] [ActionServer] Aborting handle.
[component_container_isolated-6] [INFO] [1791028531.638428915] [global_costmap.global_costmap]: Received request to clear entirely the global_costmap
[component_container_isolated-6] [WARN] [1791028532.618950498] [planner_server]: GridBased plugin failed to plan from (-1.34, -0.91) to (0.75, 1.84): "Failed to create plan with tolerance of: 0.500000"
[component_container_isolated-6] [WARN] [1791028532.618982247] [planner_server]: [compute_path_to_pose] [ActionServer] Aborting handle.
[component_container_isolated-6] [INFO] [1791028532.638474937] [behavior_server]: Running spin
[component_container_isolated-6] [INFO] [1791028532.638514136] [behavior_server]: Turning 1.57 for spin behavior.
[component_container_isolated-6] [INFO] [1791028534.538578416] [behavior_server]: spin completed successfully
[component_container_isolated-6] [WARN] [1791028534.558780735] [planner_server]: GridBased plugin failed to plan from (-1.30, -0.87) to (0.75, 1.84): "Failed to create plan with tolerance of: 0.500000"
[component_container_isolated-6] [WARN] [1791028534.558806635] [planner_server]: [compute_path_to_pose] [ActionServer] Aborting handle.
[component_container_isolated-6] [INFO] [1791028534.578411053] [global_costmap.global_costmap]: Received request to clear entirely the global_costmap
[component_container_isolated-6] [WARN] [1791028534.618920360] [planner_server]: GridBased plugin failed to plan from (-1.30, -0.87) to (0.75, 1.84): "Failed to create plan with tolerance of: 0.500000"
[component_container_isolated-6] [WARN] [1791028534.618949259] [planner_server]: [compute_path_to_pose] [ActionServer] Aborting handle.
[component_container_isolated-6] [INFO] [1791028534.638449469] [behavior_server]: Running wait
[component_container_isolated-6] [INFO] [1791028539.738552774] [behavior_server]: wait completed successfully
[component_container_isolated-6] [WARN] [1791028539.758738706] [planner_server]: GridBased plugin failed to plan from (-1.32, -0.89) to (0.75, 1.84): "Failed to create plan with tolerance of: 0.500000"
[component_container_isolated-6] [WARN] [1791028539.758768595] [planner_server]: [compute_path_to_pose] [ActionServer] Aborting handle.
[component_container_isolated-6] [INFO] [1791028539.778407545] [global_costmap.global_costmap]: Received request to clear entirely the global_costmap
[component_container_isolated-6] [WARN] [1791028540.618896389] [planner_server]: GridBased plugin failed to plan from (-1.32, -0.89) to (0.75, 1.84): "Failed to create plan with tolerance of: 0.500000"
[component_container_isolated-6] [WARN] [1791028540.618924719] [planner_server]: [compute_path_to_pose] [ActionServer] Aborting handle.
[component_container_isolated-6] [INFO] [1791028540.638485481] [behavior_server]: Running backup
[component_container_isolated-6] [WARN] [1791028540.638552310] [behavior_server]: Collision Ahead - Exiting DriveOnHeading
[component_container_isolated-6] [WARN] [1791028540.638558920] [behavior_server]: backup failed
[component_container_isolated-6] [WARN] [1791028540.638562580] [behavior_server]: [backup] [ActionServer] Aborting handle.
[component_container_isolated-6] [INFO] [1791028540.658287909] [local_costmap.local_costmap]: Received request to clear entirely the local_costmap
[component_container_isolated-6] [INFO] [1791028540.658422197] [global_costmap.global_costmap]: Received request to clear entirely the global_costmap
[component_container_isolated-6] [WARN] [1791028541.619048916] [planner_server]: GridBased plugin failed to plan from (-1.32, -0.89) to (0.75, 1.84): "Failed to create plan with tolerance of: 0.500000"
[component_container_isolated-6] [WARN] [1791028541.619078126] [planner_server]: [compute_path_to_pose] [ActionServer] Aborting handle.
[component_container_isolated-6] [INFO] [1791028541.638407452] [global_costmap.global_costmap]: Received request to clear entirely the global_costmap
[component_container_isolated-6] [WARN] [1791028542.618948279] [planner_server]: GridBased plugin failed to plan from (-1.32, -0.89) to (0.75, 1.84): "Failed to create plan with tolerance of: 0.500000"
[component_container_isolated-6] [WARN] [1791028542.618978798] [planner_server]: [compute_path_to_pose] [ActionServer] Aborting handle.
[component_container_isolated-6] [INFO] [1791028542.638505892] [behavior_server]: Running spin
[component_container_isolated-6] [INFO] [1791028542.638548011] [behavior_server]: Turning 1.57 for spin behavior.
[component_container_isolated-6] [WARN] [1791028542.938664656] [behavior_server]: Collision Ahead - Exiting Spin
[component_container_isolated-6] [WARN] [1791028542.938685776] [behavior_server]: spin failed
[component_container_isolated-6] [WARN] [1791028542.938692426] [behavior_server]: [spin] [ActionServer] Aborting handle.
[component_container_isolated-6] [INFO] [1791028542.958341687] [behavior_server]: Running wait
[component_container_isolated-6] [INFO] [1791028547.958443289] [behavior_server]: wait completed successfully
[component_container_isolated-6] [WARN] [1791028547.978719593] [planner_server]: GridBased plugin failed to plan from (-1.33, -0.90) to (0.75, 1.84): "Failed to create plan with tolerance of: 0.500000"
[component_container_isolated-6] [WARN] [1791028547.978744523] [planner_server]: [compute_path_to_pose] [ActionServer] Aborting handle.
[component_container_isolated-6] [INFO] [1791028547.998404716] [global_costmap.global_costmap]: Received request to clear entirely the global_costmap
[component_container_isolated-6] [WARN] [1791028548.619017195] [planner_server]: GridBased plugin failed to plan from (-1.33, -0.90) to (0.75, 1.84): "Failed to create plan with tolerance of: 0.500000"
[component_container_isolated-6] [WARN] [1791028548.619053015] [planner_server]: [compute_path_to_pose] [ActionServer] Aborting handle.
[component_container_isolated-6] [INFO] [1791028548.638501642] [behavior_server]: Running backup
[component_container_isolated-6] [WARN] [1791028548.638585321] [behavior_server]: Collision Ahead - Exiting DriveOnHeading
[component_container_isolated-6] [WARN] [1791028548.638595110] [behavior_server]: backup failed
[component_container_isolated-6] [WARN] [1791028548.638600080] [behavior_server]: [backup] [ActionServer] Aborting handle.
[component_container_isolated-6] [INFO] [1791028548.658296663] [local_costmap.local_costmap]: Received request to clear entirely the local_costmap
[component_container_isolated-6] [INFO] [1791028548.658424081] [global_costmap.global_costmap]: Received request to clear entirely the global_costmap
[component_container_isolated-6] [WARN] [1791028549.619055466] [planner_server]: GridBased plugin failed to plan from (-1.33, -0.90) to (0.75, 1.84): "Failed to create plan with tolerance of: 0.500000"
[component_container_isolated-6] [WARN] [1791028549.619082565] [planner_server]: [compute_path_to_pose] [ActionServer] Aborting handle.
[component_container_isolated-6] [INFO] [1791028549.638441424] [global_costmap.global_costmap]: Received request to clear entirely the global_costmap
[component_container_isolated-6] [WARN] [1791028550.619154807] [planner_server]: GridBased plugin failed to plan from (-1.33, -0.90) to (0.75, 1.84): "Failed to create plan with tolerance of: 0.500000"
[component_container_isolated-6] [WARN] [1791028550.619207616] [planner_server]: [compute_path_to_pose] [ActionServer] Aborting handle.
[component_container_isolated-6] [WARN] [1791028550.648249125] [bt_navigator]: [navigate_to_pose] [ActionServer] Aborting handle.
[component_container_isolated-6] [ERROR] [1791028550.648357143] [bt_navigator]: Goal failed
[component_container_isolated-6] [INFO] [1791028550.659108906] [amcl]: initialPoseReceived
[component_container_isolated-6] [WARN] [1791028550.659157645] [amcl]: Failed to transform initial pose in time (Lookup would require extrapolation into the future.  Requested time 850.998000 but the latest data is at time 850.968000, when looking up transform from frame [base_footprint] to frame [odom])
[component_container_isolated-6] [INFO] [1791028550.659164115] [amcl]: Setting pose (850.998000): -2.000 -0.500 0.000
[component_container_isolated-6] [INFO] [1791028550.759286209] [amcl]: initialPoseReceived
[component_container_isolated-6] [WARN] [1791028550.759344318] [amcl]: Failed to transform initial pose in time (Lookup would require extrapolation into the future.  Requested time 851.097000 but the latest data is at time 851.076000, when looking up transform from frame [base_footprint] to frame [odom])
[component_container_isolated-6] [INFO] [1791028550.759352408] [amcl]: Setting pose (851.097000): -2.000 -0.500 0.000
[component_container_isolated-6] [INFO] [1791028550.859423583] [amcl]: initialPoseReceived
[component_container_isolated-6] [WARN] [1791028550.859478992] [amcl]: Failed to transform initial pose in time (Lookup would require extrapolation into the future.  Requested time 851.199000 but the latest data is at time 851.184000, when looking up transform from frame [base_footprint] to frame [odom])
[component_container_isolated-6] [INFO] [1791028550.859485782] [amcl]: Setting pose (851.199000): -2.000 -0.500 0.000
[component_container_isolated-6] [INFO] [1791028550.959524468] [amcl]: initialPoseReceived
[component_container_isolated-6] [WARN] [1791028550.959572137] [amcl]: Failed to transform initial pose in time (Lookup would require extrapolation into the future.  Requested time 851.298000 but the latest data is at time 851.292000, when looking up transform from frame [base_footprint] to frame [odom])
[component_container_isolated-6] [INFO] [1791028550.959578337] [amcl]: Setting pose (851.298000): -2.000 -0.500 0.000
[fault_injector-11] [INFO] [1791028551.060009117] [fault_injector]: localization rollback: initial pose restored
[component_container_isolated-6] [INFO] [1791028551.109419961] [global_costmap.global_costmap]: Received request to clear entirely the global_costmap
[component_container_isolated-6] [INFO] [1791028551.159678991] [local_costmap.local_costmap]: Received request to clear entirely the local_costmap
[component_container_isolated-6] [INFO] [1791028553.310850813] [bt_navigator]: Begin navigating from current location (-2.05, -0.52) to (0.75, 1.84)
[component_container_isolated-6] [INFO] [1791028553.331211758] [controller_server]: Received a goal, begin computing control effort.
[component_container_isolated-6] [INFO] [1791028554.381307404] [controller_server]: Passing new path to controller.
[component_container_isolated-6] [INFO] [1791028555.431310216] [controller_server]: Passing new path to controller.
[component_container_isolated-6] [INFO] [1791028556.431309301] [controller_server]: Passing new path to controller.
[component_container_isolated-6] [INFO] [1791028557.481307498] [controller_server]: Passing new path to controller.
[component_container_isolated-6] [INFO] [1791028558.481306657] [controller_server]: Passing new path to controller.
[component_container_isolated-6] [INFO] [1791028559.531267829] [controller_server]: Passing new path to controller.
[component_container_isolated-6] [INFO] [1791028560.531309230] [controller_server]: Passing new path to controller.
[component_container_isolated-6] [INFO] [1791028561.531306642] [controller_server]: Passing new path to controller.
[component_container_isolated-6] [INFO] [1791028562.581268731] [controller_server]: Passing new path to controller.
[component_container_isolated-6] [INFO] [1791028563.631311922] [controller_server]: Passing new path to controller.
[component_container_isolated-6] [INFO] [1791028564.631309738] [controller_server]: Passing new path to controller.
[component_container_isolated-6] [INFO] [1791028565.631308215] [controller_server]: Passing new path to controller.
[component_container_isolated-6] [INFO] [1791028566.681307303] [controller_server]: Passing new path to controller.
[component_container_isolated-6] [INFO] [1791028567.681306102] [controller_server]: Passing new path to controller.
[component_container_isolated-6] [INFO] [1791028568.131321832] [controller_server]: Reached the goal!
[component_container_isolated-6] [INFO] [1791028568.131611957] [controller_server]: Optimizer reset
[component_container_isolated-6] [INFO] [1791028568.161036121] [bt_navigator]: Goal succeeded
[component_container_isolated-6] [INFO] [1791028568.587435375] [amcl]: initialPoseReceived
[component_container_isolated-6] [WARN] [1791028568.587484335] [amcl]: Failed to transform initial pose in time (Lookup would require extrapolation into the future.  Requested time 868.830000 but the latest data is at time 868.824000, when looking up transform from frame [base_footprint] to frame [odom])
[component_container_isolated-6] [INFO] [1791028568.587491615] [amcl]: Setting pose (868.830000): -2.000 -0.500 0.000
[episode_reset-9] [INFO] [1791028570.587831627] [episode_reset]: Episode reset to (-2.0, -0.5, 0.0).
[component_container_isolated-6] [INFO] [1791028570.723924409] [bt_navigator]: Begin navigating from current location (-1.96, -0.52) to (0.75, 1.84)
[component_container_isolated-6] [INFO] [1791028570.744352720] [controller_server]: Received a goal, begin computing control effort.
[component_container_isolated-6] [INFO] [1791028571.794450686] [controller_server]: Passing new path to controller.
[component_container_isolated-6] [INFO] [1791028572.844451266] [controller_server]: Passing new path to controller.
[component_container_isolated-6] [INFO] [1791028573.844453242] [controller_server]: Passing new path to controller.
[component_container_isolated-6] [INFO] [1791028574.894452085] [controller_server]: Passing new path to controller.
[component_container_isolated-6] [INFO] [1791028575.894450072] [controller_server]: Passing new path to controller.
[component_container_isolated-6] [INFO] [1791028576.944451769] [controller_server]: Passing new path to controller.
[component_container_isolated-6] [INFO] [1791028577.944451088] [controller_server]: Passing new path to controller.
[component_container_isolated-6] [INFO] [1791028578.994449718] [controller_server]: Passing new path to controller.
[component_container_isolated-6] [INFO] [1791028579.994454378] [controller_server]: Passing new path to controller.
[component_container_isolated-6] [INFO] [1791028581.044450813] [controller_server]: Passing new path to controller.
[component_container_isolated-6] [INFO] [1791028582.044454763] [controller_server]: Passing new path to controller.
[component_container_isolated-6] [WARN] [1791028583.034536942] [planner_server]: GridBased plugin failed to plan from (1.20, -1.40) to (0.75, 1.84): "Failed to create plan with tolerance of: 0.500000"
[component_container_isolated-6] [WARN] [1791028583.034565801] [planner_server]: [compute_path_to_pose] [ActionServer] Aborting handle.
[component_container_isolated-6] [INFO] [1791028583.054221169] [global_costmap.global_costmap]: Received request to clear entirely the global_costmap
[component_container_isolated-6] [WARN] [1791028583.614836348] [planner_server]: Planner loop missed its desired rate of 20.0000 Hz. Current loop rate is 1.7825 Hz
[component_container_isolated-6] [INFO] [1791028583.644450348] [controller_server]: Passing new path to controller.
[component_container_isolated-6] [INFO] [1791028584.694452227] [controller_server]: Passing new path to controller.
[component_container_isolated-6] [INFO] [1791028585.694455211] [controller_server]: Passing new path to controller.
[component_container_isolated-6] [INFO] [1791028586.744450014] [controller_server]: Passing new path to controller.
[component_container_isolated-6] [INFO] [1791028587.744429459] [controller_server]: Passing new path to controller.
[component_container_isolated-6] [INFO] [1791028588.794409575] [controller_server]: Passing new path to controller.
[component_container_isolated-6] [INFO] [1791028589.794451469] [controller_server]: Passing new path to controller.
[component_container_isolated-6] [INFO] [1791028590.844451617] [controller_server]: Passing new path to controller.
[component_container_isolated-6] [INFO] [1791028591.844452052] [controller_server]: Passing new path to controller.
[component_container_isolated-6] [INFO] [1791028592.744469235] [controller_server]: Reached the goal!
[component_container_isolated-6] [INFO] [1791028592.745194544] [controller_server]: Optimizer reset
[component_container_isolated-6] [INFO] [1791028592.774103790] [bt_navigator]: Goal succeeded
[component_container_isolated-6] [INFO] [1791028593.216561697] [amcl]: initialPoseReceived
[component_container_isolated-6] [WARN] [1791028593.216609857] [amcl]: Failed to transform initial pose in time (Lookup would require extrapolation into the future.  Requested time 893.364000 but the latest data is at time 893.340000, when looking up transform from frame [base_footprint] to frame [odom])
[component_container_isolated-6] [INFO] [1791028593.216616727] [amcl]: Setting pose (893.364000): -2.000 -0.500 0.000
[episode_reset-9] [INFO] [1791028595.216956784] [episode_reset]: Episode reset to (-2.0, -0.5, 0.0).
[component_container_isolated-6] [INFO] [1791028595.251854384] [amcl]: initialPoseReceived
[component_container_isolated-6] [WARN] [1791028595.251909853] [amcl]: Failed to transform initial pose in time (Lookup would require extrapolation into the future.  Requested time 895.398000 but the latest data is at time 895.392000, when looking up transform from frame [base_footprint] to frame [odom])
[component_container_isolated-6] [INFO] [1791028595.251918053] [amcl]: Setting pose (895.398000): -1.350 -0.950 0.350
[component_container_isolated-6] [INFO] [1791028595.351992829] [amcl]: initialPoseReceived
[component_container_isolated-6] [WARN] [1791028595.352056198] [amcl]: Failed to transform initial pose in time (Lookup would require extrapolation into the future.  Requested time 1791028595.251753 but the latest data is at time 896.401000, when looking up transform from frame [odom] to frame [base_footprint])
[component_container_isolated-6] [INFO] [1791028595.352065668] [amcl]: Setting pose (895.500000): -1.350 -0.950 0.350
[component_container_isolated-6] [INFO] [1791028595.452135265] [amcl]: initialPoseReceived
[component_container_isolated-6] [WARN] [1791028595.452192184] [amcl]: Failed to transform initial pose in time (Lookup would require extrapolation into the future.  Requested time 895.599000 but the latest data is at time 895.572000, when looking up transform from frame [base_footprint] to frame [odom])
[component_container_isolated-6] [INFO] [1791028595.452199764] [amcl]: Setting pose (895.599000): -1.350 -0.950 0.350
[component_container_isolated-6] [INFO] [1791028595.552258711] [amcl]: initialPoseReceived
[component_container_isolated-6] [WARN] [1791028595.552306040] [amcl]: Failed to transform initial pose in time (Lookup would require extrapolation into the future.  Requested time 895.698000 but the latest data is at time 895.680000, when looking up transform from frame [base_footprint] to frame [odom])
[component_container_isolated-6] [INFO] [1791028595.552312370] [amcl]: Setting pose (895.698000): -1.350 -0.950 0.350
[fault_injector-11] [INFO] [1791028595.652753541] [fault_injector]: localization inject: {"offset_x": 0.65, "offset_y": -0.45, "offset_yaw": 0.35}
[component_container_isolated-6] [INFO] [1791028595.953874717] [bt_navigator]: Begin navigating from current location (-1.92, -0.49) to (0.75, 1.84)
[component_container_isolated-6] [INFO] [1791028595.974260709] [controller_server]: Received a goal, begin computing control effort.
[component_container_isolated-6] [WARN] [1791028596.984882789] [planner_server]: GridBased plugin failed to plan from (-1.35, -0.95) to (0.75, 1.84): "Failed to create plan with tolerance of: 0.500000"
[component_container_isolated-6] [WARN] [1791028596.984928199] [planner_server]: [compute_path_to_pose] [ActionServer] Aborting handle.
[component_container_isolated-6] [INFO] [1791028597.004167398] [global_costmap.global_costmap]: Received request to clear entirely the global_costmap
[component_container_isolated-6] [WARN] [1791028597.614707853] [planner_server]: GridBased plugin failed to plan from (-1.35, -0.96) to (0.75, 1.84): "Failed to create plan with tolerance of: 0.500000"
[component_container_isolated-6] [WARN] [1791028597.614737233] [planner_server]: [compute_path_to_pose] [ActionServer] Aborting handle.
[component_container_isolated-6] [ERROR] [1791028597.654238716] [bt_navigator_navigate_to_pose_rclcpp_node]: Failed to get result for follow_path in node halt!
[component_container_isolated-6] [INFO] [1791028597.654337665] [local_costmap.local_costmap]: Received request to clear entirely the local_costmap
[component_container_isolated-6] [INFO] [1791028597.654423524] [global_costmap.global_costmap]: Received request to clear entirely the global_costmap
[component_container_isolated-6] [INFO] [1791028597.674353863] [controller_server]: Cancellation was successful. Stopping the robot.
[component_container_isolated-6] [INFO] [1791028597.674369353] [controller_server]: [follow_path] [ActionServer] Client requested to cancel the goal. Cancelling.
[component_container_isolated-6] [INFO] [1791028597.674647439] [controller_server]: Optimizer reset
[component_container_isolated-6] [WARN] [1791028598.615053435] [planner_server]: GridBased plugin failed to plan from (-1.26, -0.89) to (0.75, 1.84): "Failed to create plan with tolerance of: 0.500000"
[component_container_isolated-6] [WARN] [1791028598.615081095] [planner_server]: [compute_path_to_pose] [ActionServer] Aborting handle.
[component_container_isolated-6] [INFO] [1791028598.625228347] [global_costmap.global_costmap]: Received request to clear entirely the global_costmap
[component_container_isolated-6] [WARN] [1791028599.615816380] [planner_server]: GridBased plugin failed to plan from (-1.24, -0.88) to (0.75, 1.84): "Failed to create plan with tolerance of: 0.500000"
[component_container_isolated-6] [WARN] [1791028599.615847420] [planner_server]: [compute_path_to_pose] [ActionServer] Aborting handle.
[component_container_isolated-6] [INFO] [1791028599.635316826] [behavior_server]: Running spin
[component_container_isolated-6] [INFO] [1791028599.635362666] [behavior_server]: Turning 1.57 for spin behavior.
[component_container_isolated-6] [INFO] [1791028601.535473746] [behavior_server]: spin completed successfully
[component_container_isolated-6] [WARN] [1791028601.555620054] [planner_server]: GridBased plugin failed to plan from (-1.26, -0.83) to (0.75, 1.84): "Failed to create plan with tolerance of: 0.500000"
[component_container_isolated-6] [WARN] [1791028601.555647834] [planner_server]: [compute_path_to_pose] [ActionServer] Aborting handle.
[component_container_isolated-6] [INFO] [1791028601.575237429] [global_costmap.global_costmap]: Received request to clear entirely the global_costmap
[component_container_isolated-6] [WARN] [1791028601.615924459] [planner_server]: GridBased plugin failed to plan from (-1.26, -0.82) to (0.75, 1.84): "Failed to create plan with tolerance of: 0.500000"
[component_container_isolated-6] [WARN] [1791028601.615956419] [planner_server]: [compute_path_to_pose] [ActionServer] Aborting handle.
[component_container_isolated-6] [INFO] [1791028601.635284398] [behavior_server]: Running wait
[component_container_isolated-6] [INFO] [1791028606.635386231] [behavior_server]: wait completed successfully
[component_container_isolated-6] [INFO] [1791028606.675290246] [controller_server]: Received a goal, begin computing control effort.
[component_container_isolated-6] [INFO] [1791028607.725386155] [controller_server]: Passing new path to controller.
[component_container_isolated-6] [INFO] [1791028608.775387478] [controller_server]: Passing new path to controller.
[component_container_isolated-6] [INFO] [1791028609.775385188] [controller_server]: Passing new path to controller.
[component_container_isolated-6] [INFO] [1791028610.825391631] [controller_server]: Passing new path to controller.
[component_container_isolated-6] [INFO] [1791028611.825388351] [controller_server]: Passing new path to controller.
[component_container_isolated-6] [INFO] [1791028612.875348984] [controller_server]: Passing new path to controller.
[component_container_isolated-6] [INFO] [1791028613.875377562] [controller_server]: Passing new path to controller.
[component_container_isolated-6] [INFO] [1791028614.925387976] [controller_server]: Passing new path to controller.
[component_container_isolated-6] [INFO] [1791028615.925387413] [controller_server]: Passing new path to controller.
[component_container_isolated-6] [INFO] [1791028616.975387167] [controller_server]: Passing new path to controller.
[component_container_isolated-6] [INFO] [1791028617.975385572] [controller_server]: Passing new path to controller.
[component_container_isolated-6] [INFO] [1791028619.025386876] [controller_server]: Passing new path to controller.
[component_container_isolated-6] [INFO] [1791028619.925404965] [controller_server]: Reached the goal!
[component_container_isolated-6] [INFO] [1791028619.925666052] [controller_server]: Optimizer reset
[component_container_isolated-6] [INFO] [1791028619.955156154] [bt_navigator]: Goal succeeded
[component_container_isolated-6] [INFO] [1791028619.989269070] [amcl]: initialPoseReceived
[component_container_isolated-6] [WARN] [1791028619.989316060] [amcl]: Failed to transform initial pose in time (Lookup would require extrapolation into the future.  Requested time 920.136000 but the latest data is at time 920.124000, when looking up transform from frame [base_footprint] to frame [odom])
[component_container_isolated-6] [INFO] [1791028619.989323230] [amcl]: Setting pose (920.136000): -2.000 -0.500 0.000
[component_container_isolated-6] [INFO] [1791028620.089316725] [amcl]: initialPoseReceived
[component_container_isolated-6] [WARN] [1791028620.089360984] [amcl]: Failed to transform initial pose in time (Lookup would require extrapolation into the future.  Requested time 920.235000 but the latest data is at time 920.232000, when looking up transform from frame [base_footprint] to frame [odom])
[component_container_isolated-6] [INFO] [1791028620.089366424] [amcl]: Setting pose (920.235000): -2.000 -0.500 0.000
[component_container_isolated-6] [INFO] [1791028620.189454158] [amcl]: initialPoseReceived
[component_container_isolated-6] [WARN] [1791028620.189502007] [amcl]: Failed to transform initial pose in time (Lookup would require extrapolation into the future.  Requested time 920.337000 but the latest data is at time 920.304000, when looking up transform from frame [base_footprint] to frame [odom])
[component_container_isolated-6] [INFO] [1791028620.189508547] [amcl]: Setting pose (920.337000): -2.000 -0.500 0.000
[component_container_isolated-6] [INFO] [1791028620.289601091] [amcl]: initialPoseReceived
[component_container_isolated-6] [WARN] [1791028620.289643630] [amcl]: Failed to transform initial pose in time (Lookup would require extrapolation into the future.  Requested time 920.436000 but the latest data is at time 920.412000, when looking up transform from frame [base_footprint] to frame [odom])
[component_container_isolated-6] [INFO] [1791028620.289649540] [amcl]: Setting pose (920.436000): -2.000 -0.500 0.000
[fault_injector-11] [INFO] [1791028620.390088709] [fault_injector]: localization rollback: initial pose restored
[component_container_isolated-6] [INFO] [1791028620.439542699] [global_costmap.global_costmap]: Received request to clear entirely the global_costmap
[component_container_isolated-6] [INFO] [1791028620.489775049] [local_costmap.local_costmap]: Received request to clear entirely the local_costmap
[component_container_isolated-6] [INFO] [1791028622.640908085] [bt_navigator]: Begin navigating from current location (-1.97, -0.48) to (0.75, 1.84)
[component_container_isolated-6] [INFO] [1791028622.661244628] [controller_server]: Received a goal, begin computing control effort.
[component_container_isolated-6] [INFO] [1791028623.711340072] [controller_server]: Passing new path to controller.
[component_container_isolated-6] [INFO] [1791028624.711339972] [controller_server]: Passing new path to controller.
[component_container_isolated-6] [INFO] [1791028625.761341067] [controller_server]: Passing new path to controller.
[component_container_isolated-6] [INFO] [1791028626.761338114] [controller_server]: Passing new path to controller.
[component_container_isolated-6] [INFO] [1791028627.811339949] [controller_server]: Passing new path to controller.
[component_container_isolated-6] [INFO] [1791028628.811342304] [controller_server]: Passing new path to controller.
[component_container_isolated-6] [INFO] [1791028629.861342447] [controller_server]: Passing new path to controller.
[component_container_isolated-6] [INFO] [1791028630.861341920] [controller_server]: Passing new path to controller.
[component_container_isolated-6] [INFO] [1791028631.911340953] [controller_server]: Passing new path to controller.
[component_container_isolated-6] [INFO] [1791028632.911339782] [controller_server]: Passing new path to controller.
[component_container_isolated-6] [INFO] [1791028633.961301154] [controller_server]: Passing new path to controller.
[component_container_isolated-6] [INFO] [1791028634.961342510] [controller_server]: Passing new path to controller.
[component_container_isolated-6] [INFO] [1791028636.011340001] [controller_server]: Passing new path to controller.
[component_container_isolated-6] [INFO] [1791028637.011340904] [controller_server]: Passing new path to controller.
[component_container_isolated-6] [INFO] [1791028637.161357778] [controller_server]: Reached the goal!
[component_container_isolated-6] [INFO] [1791028637.161662644] [controller_server]: Optimizer reset
[component_container_isolated-6] [INFO] [1791028637.191086227] [bt_navigator]: Goal succeeded
[component_container_isolated-6] [INFO] [1791028637.643565815] [amcl]: initialPoseReceived
[component_container_isolated-6] [WARN] [1791028637.643620564] [amcl]: Failed to transform initial pose in time (Lookup would require extrapolation into the future.  Requested time 937.695000 but the latest data is at time 937.692000, when looking up transform from frame [base_footprint] to frame [odom])
[component_container_isolated-6] [INFO] [1791028637.643631124] [amcl]: Setting pose (937.695000): -2.000 -0.500 0.000
[episode_reset-9] [INFO] [1791028639.643967772] [episode_reset]: Episode reset to (-2.0, -0.5, 0.0).
[component_container_isolated-6] [INFO] [1791028639.777957193] [bt_navigator]: Begin navigating from current location (-1.96, -0.49) to (0.75, 1.84)
[component_container_isolated-6] [INFO] [1791028639.798309792] [controller_server]: Received a goal, begin computing control effort.
[component_container_isolated-6] [INFO] [1791028640.848409562] [controller_server]: Passing new path to controller.
[component_container_isolated-6] [INFO] [1791028641.898406744] [controller_server]: Passing new path to controller.
[component_container_isolated-6] [INFO] [1791028642.898407102] [controller_server]: Passing new path to controller.
[component_container_isolated-6] [INFO] [1791028643.948407472] [controller_server]: Passing new path to controller.
[component_container_isolated-6] [INFO] [1791028644.948407127] [controller_server]: Passing new path to controller.
[component_container_isolated-6] [INFO] [1791028645.998409885] [controller_server]: Passing new path to controller.
[component_container_isolated-6] [INFO] [1791028646.998410246] [controller_server]: Passing new path to controller.
[component_container_isolated-6] [INFO] [1791028648.048408152] [controller_server]: Passing new path to controller.
[component_container_isolated-6] [INFO] [1791028649.048407799] [controller_server]: Passing new path to controller.
[component_container_isolated-6] [INFO] [1791028650.098407773] [controller_server]: Passing new path to controller.
[component_container_isolated-6] [INFO] [1791028651.098407176] [controller_server]: Passing new path to controller.
[component_container_isolated-6] [INFO] [1791028652.148410447] [controller_server]: Passing new path to controller.
[component_container_isolated-6] [INFO] [1791028653.148407686] [controller_server]: Passing new path to controller.
[component_container_isolated-6] [INFO] [1791028653.798423734] [controller_server]: Reached the goal!
[component_container_isolated-6] [INFO] [1791028653.798734090] [controller_server]: Optimizer reset
[component_container_isolated-6] [INFO] [1791028653.828137721] [bt_navigator]: Goal succeeded
[component_container_isolated-6] [INFO] [1791028654.254341668] [amcl]: initialPoseReceived
[component_container_isolated-6] [WARN] [1791028654.254389177] [amcl]: Failed to transform initial pose in time (Lookup would require extrapolation into the future.  Requested time 954.210000 but the latest data is at time 954.180000, when looking up transform from frame [base_footprint] to frame [odom])
[component_container_isolated-6] [INFO] [1791028654.254395207] [amcl]: Setting pose (954.210000): -2.000 -0.500 0.000
[episode_reset-9] [INFO] [1791028656.254734811] [episode_reset]: Episode reset to (-2.0, -0.5, 0.0).
[component_container_isolated-6] [INFO] [1791028656.289931715] [amcl]: initialPoseReceived
[component_container_isolated-6] [WARN] [1791028656.289980354] [amcl]: Failed to transform initial pose in time (Lookup would require extrapolation into the future.  Requested time 956.244000 but the latest data is at time 956.232000, when looking up transform from frame [base_footprint] to frame [odom])
[component_container_isolated-6] [INFO] [1791028656.289987624] [amcl]: Setting pose (956.244000): -1.350 -0.950 0.350
[component_container_isolated-6] [INFO] [1791028656.390052713] [amcl]: initialPoseReceived
[component_container_isolated-6] [WARN] [1791028656.390104612] [amcl]: Failed to transform initial pose in time (Lookup would require extrapolation into the future.  Requested time 956.346000 but the latest data is at time 956.340000, when looking up transform from frame [base_footprint] to frame [odom])
[component_container_isolated-6] [INFO] [1791028656.390113562] [amcl]: Setting pose (956.346000): -1.350 -0.950 0.350
[component_container_isolated-6] [INFO] [1791028656.490215470] [amcl]: initialPoseReceived
[component_container_isolated-6] [WARN] [1791028656.490273160] [amcl]: Failed to transform initial pose in time (Lookup would require extrapolation into the future.  Requested time 956.445000 but the latest data is at time 956.412000, when looking up transform from frame [base_footprint] to frame [odom])
[component_container_isolated-6] [INFO] [1791028656.490282060] [amcl]: Setting pose (956.445000): -1.350 -0.950 0.350
[component_container_isolated-6] [INFO] [1791028656.590346468] [amcl]: initialPoseReceived
[component_container_isolated-6] [WARN] [1791028656.590398687] [amcl]: Failed to transform initial pose in time (Lookup would require extrapolation into the future.  Requested time 956.547000 but the latest data is at time 956.520000, when looking up transform from frame [base_footprint] to frame [odom])
[component_container_isolated-6] [INFO] [1791028656.590405857] [amcl]: Setting pose (956.547000): -1.350 -0.950 0.350
[fault_injector-11] [INFO] [1791028656.690906580] [fault_injector]: localization inject: {"offset_x": 0.65, "offset_y": -0.45, "offset_yaw": 0.35}
[component_container_isolated-6] [INFO] [1791028656.991864066] [bt_navigator]: Begin navigating from current location (-1.93, -0.49) to (0.75, 1.84)
[component_container_isolated-6] [INFO] [1791028657.012224501] [controller_server]: Received a goal, begin computing control effort.
[component_container_isolated-6] [WARN] [1791028658.022740053] [planner_server]: GridBased plugin failed to plan from (-1.27, -0.92) to (0.75, 1.84): "Failed to create plan with tolerance of: 0.500000"
[component_container_isolated-6] [WARN] [1791028658.022768692] [planner_server]: [compute_path_to_pose] [ActionServer] Aborting handle.
[component_container_isolated-6] [INFO] [1791028658.042110022] [global_costmap.global_costmap]: Received request to clear entirely the global_costmap
[component_container_isolated-6] [WARN] [1791028658.612674696] [planner_server]: GridBased plugin failed to plan from (-1.22, -0.86) to (0.75, 1.84): "Failed to create plan with tolerance of: 0.500000"
[component_container_isolated-6] [WARN] [1791028658.612709516] [planner_server]: [compute_path_to_pose] [ActionServer] Aborting handle.
[component_container_isolated-6] [ERROR] [1791028658.642410366] [bt_navigator_navigate_to_pose_rclcpp_node]: Failed to get result for follow_path in node halt!
[component_container_isolated-6] [INFO] [1791028658.642507475] [local_costmap.local_costmap]: Received request to clear entirely the local_costmap
[component_container_isolated-6] [INFO] [1791028658.642620273] [global_costmap.global_costmap]: Received request to clear entirely the global_costmap
[component_container_isolated-6] [INFO] [1791028658.662278298] [controller_server]: Cancellation was successful. Stopping the robot.
[component_container_isolated-6] [INFO] [1791028658.662297178] [controller_server]: [follow_path] [ActionServer] Client requested to cancel the goal. Cancelling.
[component_container_isolated-6] [INFO] [1791028658.662591134] [controller_server]: Optimizer reset
[component_container_isolated-6] [WARN] [1791028659.613416817] [planner_server]: GridBased plugin failed to plan from (-1.13, -0.78) to (0.75, 1.84): "Failed to create plan with tolerance of: 0.500000"
[component_container_isolated-6] [WARN] [1791028659.613447706] [planner_server]: [compute_path_to_pose] [ActionServer] Aborting handle.
[component_container_isolated-6] [INFO] [1791028659.613568585] [global_costmap.global_costmap]: Received request to clear entirely the global_costmap
[component_container_isolated-6] [WARN] [1791028660.614060586] [planner_server]: GridBased plugin failed to plan from (-1.11, -0.78) to (0.75, 1.84): "Failed to create plan with tolerance of: 0.500000"
[component_container_isolated-6] [WARN] [1791028660.614089705] [planner_server]: [compute_path_to_pose] [ActionServer] Aborting handle.
[component_container_isolated-6] [INFO] [1791028660.633585174] [behavior_server]: Running spin
[component_container_isolated-6] [INFO] [1791028660.633628033] [behavior_server]: Turning 1.57 for spin behavior.
[component_container_isolated-6] [INFO] [1791028662.633731129] [behavior_server]: spin completed successfully
[component_container_isolated-6] [INFO] [1791028662.673556105] [controller_server]: Received a goal, begin computing control effort.
[component_container_isolated-6] [INFO] [1791028663.723659885] [controller_server]: Passing new path to controller.
[component_container_isolated-6] [INFO] [1791028664.773656834] [controller_server]: Passing new path to controller.
[component_container_isolated-6] [INFO] [1791028665.773656410] [controller_server]: Passing new path to controller.
[component_container_isolated-6] [INFO] [1791028666.773655313] [controller_server]: Passing new path to controller.
[component_container_isolated-6] [INFO] [1791028667.823658587] [controller_server]: Passing new path to controller.
[component_container_isolated-6] [INFO] [1791028668.873660199] [controller_server]: Passing new path to controller.
[component_container_isolated-6] [INFO] [1791028669.873657824] [controller_server]: Passing new path to controller.
[component_container_isolated-6] [INFO] [1791028670.923656693] [controller_server]: Passing new path to controller.
[component_container_isolated-6] [INFO] [1791028671.923656992] [controller_server]: Passing new path to controller.
[component_container_isolated-6] [INFO] [1791028672.973657447] [controller_server]: Passing new path to controller.
[component_container_isolated-6] [INFO] [1791028673.973658141] [controller_server]: Passing new path to controller.
[component_container_isolated-6] [INFO] [1791028674.973657642] [controller_server]: Passing new path to controller.
[component_container_isolated-6] [INFO] [1791028676.023657910] [controller_server]: Passing new path to controller.
[component_container_isolated-6] [INFO] [1791028677.073659357] [controller_server]: Passing new path to controller.
[component_container_isolated-6] [INFO] [1791028677.873677668] [controller_server]: Reached the goal!
[component_container_isolated-6] [INFO] [1791028677.873963114] [controller_server]: Optimizer reset
[component_container_isolated-6] [INFO] [1791028677.903385187] [bt_navigator]: Goal succeeded
[component_container_isolated-6] [INFO] [1791028677.914330223] [amcl]: initialPoseReceived
[component_container_isolated-6] [WARN] [1791028677.914377003] [amcl]: Failed to transform initial pose in time (Lookup would require extrapolation into the future.  Requested time 977.871000 but the latest data is at time 977.868000, when looking up transform from frame [base_footprint] to frame [odom])
[component_container_isolated-6] [INFO] [1791028677.914385093] [amcl]: Setting pose (977.871000): -2.000 -0.500 0.000
[component_container_isolated-6] [INFO] [1791028678.014473227] [amcl]: initialPoseReceived
[component_container_isolated-6] [WARN] [1791028678.014521056] [amcl]: Failed to transform initial pose in time (Lookup would require extrapolation into the future.  Requested time 977.970000 but the latest data is at time 977.940000, when looking up transform from frame [base_footprint] to frame [odom])
[component_container_isolated-6] [INFO] [1791028678.014527136] [amcl]: Setting pose (977.970000): -2.000 -0.500 0.000
[component_container_isolated-6] [INFO] [1791028678.114609442] [amcl]: initialPoseReceived
[component_container_isolated-6] [WARN] [1791028678.114659821] [amcl]: Failed to transform initial pose in time (Lookup would require extrapolation into the future.  Requested time 978.069000 but the latest data is at time 978.048000, when looking up transform from frame [base_footprint] to frame [odom])
[component_container_isolated-6] [INFO] [1791028678.114666051] [amcl]: Setting pose (978.069000): -2.000 -0.500 0.000
[component_container_isolated-6] [INFO] [1791028678.214732427] [amcl]: initialPoseReceived
[component_container_isolated-6] [WARN] [1791028678.214788336] [amcl]: Failed to transform initial pose in time (Lookup would require extrapolation into the future.  Requested time 978.171000 but the latest data is at time 978.156000, when looking up transform from frame [base_footprint] to frame [odom])
[component_container_isolated-6] [INFO] [1791028678.214794686] [amcl]: Setting pose (978.171000): -2.000 -0.500 0.000
[fault_injector-11] [INFO] [1791028678.315248147] [fault_injector]: localization rollback: initial pose restored
[component_container_isolated-6] [INFO] [1791028678.364675058] [global_costmap.global_costmap]: Received request to clear entirely the global_costmap
[component_container_isolated-6] [INFO] [1791028678.414924288] [local_costmap.local_costmap]: Received request to clear entirely the local_costmap
[component_container_isolated-6] [INFO] [1791028680.566139782] [bt_navigator]: Begin navigating from current location (-1.97, -0.50) to (0.75, 1.84)
[component_container_isolated-6] [INFO] [1791028680.586539975] [controller_server]: Received a goal, begin computing control effort.
[component_container_isolated-6] [INFO] [1791028681.636634760] [controller_server]: Passing new path to controller.
[component_container_isolated-6] [INFO] [1791028682.686633284] [controller_server]: Passing new path to controller.
[component_container_isolated-6] [INFO] [1791028683.686636619] [controller_server]: Passing new path to controller.
[component_container_isolated-6] [INFO] [1791028684.736632368] [controller_server]: Passing new path to controller.
[component_container_isolated-6] [INFO] [1791028685.736634137] [controller_server]: Passing new path to controller.
[component_container_isolated-6] [INFO] [1791028686.786635211] [controller_server]: Passing new path to controller.
[component_container_isolated-6] [INFO] [1791028687.786637903] [controller_server]: Passing new path to controller.
[component_container_isolated-6] [INFO] [1791028688.836618623] [controller_server]: Passing new path to controller.
[component_container_isolated-6] [INFO] [1791028689.836583817] [controller_server]: Passing new path to controller.
[component_container_isolated-6] [INFO] [1791028690.886640040] [controller_server]: Passing new path to controller.
[component_container_isolated-6] [INFO] [1791028691.886635918] [controller_server]: Passing new path to controller.
[component_container_isolated-6] [INFO] [1791028692.936636717] [controller_server]: Passing new path to controller.
[component_container_isolated-6] [INFO] [1791028693.936587239] [controller_server]: Passing new path to controller.
[component_container_isolated-6] [INFO] [1791028694.986635552] [controller_server]: Passing new path to controller.
[component_container_isolated-6] [INFO] [1791028695.636610326] [controller_server]: Reached the goal!
[component_container_isolated-6] [INFO] [1791028695.636874333] [controller_server]: Optimizer reset
[component_container_isolated-6] [INFO] [1791028695.666328594] [bt_navigator]: Goal succeeded
[component_container_isolated-6] [INFO] [1791028696.145408137] [amcl]: initialPoseReceived
[component_container_isolated-6] [WARN] [1791028696.145454367] [amcl]: Failed to transform initial pose in time (Lookup would require extrapolation into the future.  Requested time 996.006000 but the latest data is at time 995.976000, when looking up transform from frame [base_footprint] to frame [odom])
[component_container_isolated-6] [INFO] [1791028696.145459957] [amcl]: Setting pose (996.006000): -2.000 -0.500 0.000
[episode_reset-9] [INFO] [1791028698.145824783] [episode_reset]: Episode reset to (-2.0, -0.5, 0.0).
[component_container_isolated-6] [INFO] [1791028698.278536703] [bt_navigator]: Begin navigating from current location (-1.96, -0.49) to (0.75, 1.84)
[component_container_isolated-6] [INFO] [1791028698.298922732] [controller_server]: Received a goal, begin computing control effort.
[component_container_isolated-6] [INFO] [1791028699.349024428] [controller_server]: Passing new path to controller.
[component_container_isolated-6] [INFO] [1791028700.399025603] [controller_server]: Passing new path to controller.
[component_container_isolated-6] [WARN] [1791028701.359279220] [planner_server]: GridBased plugin failed to plan from (-1.62, -0.32) to (0.75, 1.84): "Failed to create plan with tolerance of: 0.500000"
[component_container_isolated-6] [WARN] [1791028701.359310180] [planner_server]: [compute_path_to_pose] [ActionServer] Aborting handle.
[component_container_isolated-6] [INFO] [1791028701.378833041] [global_costmap.global_costmap]: Received request to clear entirely the global_costmap
[component_container_isolated-6] [WARN] [1791028701.619590039] [planner_server]: Planner loop missed its desired rate of 20.0000 Hz. Current loop rate is 4.1152 Hz
[component_container_isolated-6] [INFO] [1791028701.649021833] [controller_server]: Passing new path to controller.
[component_container_isolated-6] [INFO] [1791028702.699022126] [controller_server]: Passing new path to controller.
[component_container_isolated-6] [INFO] [1791028703.699024392] [controller_server]: Passing new path to controller.
[component_container_isolated-6] [INFO] [1791028704.749024479] [controller_server]: Passing new path to controller.
[component_container_isolated-6] [INFO] [1791028705.749025238] [controller_server]: Passing new path to controller.
[component_container_isolated-6] [INFO] [1791028706.799026998] [controller_server]: Passing new path to controller.
[component_container_isolated-6] [INFO] [1791028707.799020760] [controller_server]: Passing new path to controller.
[component_container_isolated-6] [INFO] [1791028708.848975004] [controller_server]: Passing new path to controller.
[component_container_isolated-6] [INFO] [1791028709.849024557] [controller_server]: Passing new path to controller.
[component_container_isolated-6] [INFO] [1791028710.898976785] [controller_server]: Passing new path to controller.
[component_container_isolated-6] [INFO] [1791028711.899021949] [controller_server]: Passing new path to controller.
[component_container_isolated-6] [INFO] [1791028712.899022489] [controller_server]: Passing new path to controller.
[component_container_isolated-6] [INFO] [1791028713.949025376] [controller_server]: Passing new path to controller.
[component_container_isolated-6] [INFO] [1791028714.999025791] [controller_server]: Passing new path to controller.
[component_container_isolated-6] [INFO] [1791028715.649044928] [controller_server]: Reached the goal!
[component_container_isolated-6] [INFO] [1791028715.649316125] [controller_server]: Optimizer reset
[component_container_isolated-6] [INFO] [1791028715.678739886] [bt_navigator]: Goal succeeded
[component_container_isolated-6] [INFO] [1791028716.158197615] [amcl]: initialPoseReceived
[component_container_isolated-6] [WARN] [1791028716.158250604] [amcl]: Failed to transform initial pose in time (Lookup would require extrapolation into the future.  Requested time 1015.923000 but the latest data is at time 1015.920000, when looking up transform from frame [base_footprint] to frame [odom])
[component_container_isolated-6] [INFO] [1791028716.158257504] [amcl]: Setting pose (1015.923000): -2.000 -0.500 0.000
[episode_reset-9] [INFO] [1791028718.158496799] [episode_reset]: Episode reset to (-2.0, -0.5, 0.0).
[component_container_isolated-6] [INFO] [1791028718.192111429] [amcl]: initialPoseReceived
[component_container_isolated-6] [WARN] [1791028718.192173958] [amcl]: Failed to transform initial pose in time (Lookup would require extrapolation into the future.  Requested time 1017.957000 but the latest data is at time 1017.936000, when looking up transform from frame [base_footprint] to frame [odom])
[component_container_isolated-6] [INFO] [1791028718.192182888] [amcl]: Setting pose (1017.957000): -1.350 -0.950 0.350
[component_container_isolated-6] [INFO] [1791028718.292251907] [amcl]: initialPoseReceived
[component_container_isolated-6] [WARN] [1791028718.292297587] [amcl]: Failed to transform initial pose in time (Lookup would require extrapolation into the future.  Requested time 1018.056000 but the latest data is at time 1018.044000, when looking up transform from frame [base_footprint] to frame [odom])
[component_container_isolated-6] [INFO] [1791028718.292303907] [amcl]: Setting pose (1018.056000): -1.350 -0.950 0.350
[component_container_isolated-6] [INFO] [1791028718.392399116] [amcl]: initialPoseReceived
[component_container_isolated-6] [WARN] [1791028718.392451405] [amcl]: Failed to transform initial pose in time (Lookup would require extrapolation into the future.  Requested time 1018.158000 but the latest data is at time 1018.152000, when looking up transform from frame [base_footprint] to frame [odom])
[component_container_isolated-6] [INFO] [1791028718.392458135] [amcl]: Setting pose (1018.158000): -1.350 -0.950 0.350
[component_container_isolated-6] [INFO] [1791028718.492548464] [amcl]: initialPoseReceived
[component_container_isolated-6] [WARN] [1791028718.492596084] [amcl]: Failed to transform initial pose in time (Lookup would require extrapolation into the future.  Requested time 1018.257000 but the latest data is at time 1018.224000, when looking up transform from frame [base_footprint] to frame [odom])
[component_container_isolated-6] [INFO] [1791028718.492602504] [amcl]: Setting pose (1018.257000): -1.350 -0.950 0.350
[fault_injector-11] [INFO] [1791028718.593113898] [fault_injector]: localization inject: {"offset_x": 0.65, "offset_y": -0.45, "offset_yaw": 0.35}
[component_container_isolated-6] [INFO] [1791028718.894036788] [bt_navigator]: Begin navigating from current location (-1.96, -0.46) to (0.75, 1.84)
[component_container_isolated-6] [INFO] [1791028718.914371103] [controller_server]: Received a goal, begin computing control effort.
[component_container_isolated-6] [WARN] [1791028719.924963410] [planner_server]: GridBased plugin failed to plan from (-1.36, -0.98) to (0.75, 1.84): "Failed to create plan with tolerance of: 0.500000"
[component_container_isolated-6] [WARN] [1791028719.925000969] [planner_server]: [compute_path_to_pose] [ActionServer] Aborting handle.
[component_container_isolated-6] [INFO] [1791028719.944287638] [global_costmap.global_costmap]: Received request to clear entirely the global_costmap
[component_container_isolated-6] [WARN] [1791028720.614874758] [planner_server]: GridBased plugin failed to plan from (-1.33, -0.93) to (0.75, 1.84): "Failed to create plan with tolerance of: 0.500000"
[component_container_isolated-6] [WARN] [1791028720.614915378] [planner_server]: [compute_path_to_pose] [ActionServer] Aborting handle.
[component_container_isolated-6] [ERROR] [1791028720.644562608] [bt_navigator_navigate_to_pose_rclcpp_node]: Failed to get result for follow_path in node halt!
[component_container_isolated-6] [INFO] [1791028720.644673897] [local_costmap.local_costmap]: Received request to clear entirely the local_costmap
[component_container_isolated-6] [INFO] [1791028720.644791866] [global_costmap.global_costmap]: Received request to clear entirely the global_costmap
[component_container_isolated-6] [INFO] [1791028720.664467570] [controller_server]: Cancellation was successful. Stopping the robot.
[component_container_isolated-6] [INFO] [1791028720.664484440] [controller_server]: [follow_path] [ActionServer] Client requested to cancel the goal. Cancelling.
[component_container_isolated-6] [INFO] [1791028720.664770797] [controller_server]: Optimizer reset
[component_container_isolated-6] [WARN] [1791028721.615466205] [planner_server]: GridBased plugin failed to plan from (-1.28, -0.89) to (0.75, 1.84): "Failed to create plan with tolerance of: 0.500000"
[component_container_isolated-6] [WARN] [1791028721.615494585] [planner_server]: [compute_path_to_pose] [ActionServer] Aborting handle.
[component_container_isolated-6] [INFO] [1791028721.625636389] [global_costmap.global_costmap]: Received request to clear entirely the global_costmap
[component_container_isolated-6] [WARN] [1791028722.616235505] [planner_server]: GridBased plugin failed to plan from (-1.28, -0.89) to (0.75, 1.84): "Failed to create plan with tolerance of: 0.500000"
[component_container_isolated-6] [WARN] [1791028722.616266925] [planner_server]: [compute_path_to_pose] [ActionServer] Aborting handle.
[component_container_isolated-6] [INFO] [1791028722.635768182] [behavior_server]: Running spin
[component_container_isolated-6] [INFO] [1791028722.635817652] [behavior_server]: Turning 1.57 for spin behavior.
[component_container_isolated-6] [WARN] [1791028724.335935376] [behavior_server]: Collision Ahead - Exiting Spin
[component_container_isolated-6] [WARN] [1791028724.335957726] [behavior_server]: spin failed
[component_container_isolated-6] [WARN] [1791028724.335964026] [behavior_server]: [spin] [ActionServer] Aborting handle.
[component_container_isolated-6] [INFO] [1791028724.355547623] [behavior_server]: Running wait
[component_container_isolated-6] [INFO] [1791028729.355647078] [behavior_server]: wait completed successfully
[component_container_isolated-6] [WARN] [1791028729.376066836] [planner_server]: GridBased plugin failed to plan from (-1.34, -0.93) to (0.75, 1.84): "Failed to create plan with tolerance of: 0.500000"
[component_container_isolated-6] [WARN] [1791028729.376095466] [planner_server]: [compute_path_to_pose] [ActionServer] Aborting handle.
[component_container_isolated-6] [INFO] [1791028729.395640325] [global_costmap.global_costmap]: Received request to clear entirely the global_costmap
[component_container_isolated-6] [WARN] [1791028729.616120456] [planner_server]: GridBased plugin failed to plan from (-1.34, -0.93) to (0.75, 1.84): "Failed to create plan with tolerance of: 0.500000"
[component_container_isolated-6] [WARN] [1791028729.616155656] [planner_server]: [compute_path_to_pose] [ActionServer] Aborting handle.
[component_container_isolated-6] [INFO] [1791028729.635704925] [behavior_server]: Running backup
[component_container_isolated-6] [WARN] [1791028729.635773674] [behavior_server]: Collision Ahead - Exiting DriveOnHeading
[component_container_isolated-6] [WARN] [1791028729.635779914] [behavior_server]: backup failed
[component_container_isolated-6] [WARN] [1791028729.635783414] [behavior_server]: [backup] [ActionServer] Aborting handle.
[component_container_isolated-6] [INFO] [1791028729.635867703] [local_costmap.local_costmap]: Received request to clear entirely the local_costmap
[component_container_isolated-6] [INFO] [1791028729.636019021] [global_costmap.global_costmap]: Received request to clear entirely the global_costmap
[component_container_isolated-6] [WARN] [1791028730.616612760] [planner_server]: GridBased plugin failed to plan from (-1.34, -0.93) to (0.75, 1.84): "Failed to create plan with tolerance of: 0.500000"
[component_container_isolated-6] [WARN] [1791028730.616640980] [planner_server]: [compute_path_to_pose] [ActionServer] Aborting handle.
[component_container_isolated-6] [INFO] [1791028730.635658806] [global_costmap.global_costmap]: Received request to clear entirely the global_costmap
[component_container_isolated-6] [WARN] [1791028731.616188480] [planner_server]: GridBased plugin failed to plan from (-1.34, -0.93) to (0.75, 1.84): "Failed to create plan with tolerance of: 0.500000"
[component_container_isolated-6] [WARN] [1791028731.616215070] [planner_server]: [compute_path_to_pose] [ActionServer] Aborting handle.
[component_container_isolated-6] [INFO] [1791028731.635733080] [behavior_server]: Running spin
[component_container_isolated-6] [INFO] [1791028731.635780299] [behavior_server]: Turning 1.57 for spin behavior.
[component_container_isolated-6] [INFO] [1791028731.672350400] [collision_monitor]: Robot to approach for 1.200000 seconds away from collision
[component_container_isolated-6] [WARN] [1791028740.035894083] [behavior_server]: Collision Ahead - Exiting Spin
[component_container_isolated-6] [WARN] [1791028740.035913503] [behavior_server]: spin failed
[component_container_isolated-6] [WARN] [1791028740.035918063] [behavior_server]: [spin] [ActionServer] Aborting handle.
[component_container_isolated-6] [INFO] [1791028740.055561204] [behavior_server]: Running wait
[component_container_isolated-6] [INFO] [1791028740.382417717] [collision_monitor]: Robot to continue normal operation
[component_container_isolated-6] [INFO] [1791028745.155664203] [behavior_server]: wait completed successfully
[component_container_isolated-6] [WARN] [1791028745.175958947] [planner_server]: GridBased plugin failed to plan from (-1.34, -0.93) to (0.75, 1.84): "Failed to create plan with tolerance of: 0.500000"
[component_container_isolated-6] [WARN] [1791028745.175990607] [planner_server]: [compute_path_to_pose] [ActionServer] Aborting handle.
[component_container_isolated-6] [INFO] [1791028745.195640770] [global_costmap.global_costmap]: Received request to clear entirely the global_costmap
[component_container_isolated-6] [WARN] [1791028745.616186794] [planner_server]: GridBased plugin failed to plan from (-1.34, -0.93) to (0.75, 1.84): "Failed to create plan with tolerance of: 0.500000"
[component_container_isolated-6] [WARN] [1791028745.616215453] [planner_server]: [compute_path_to_pose] [ActionServer] Aborting handle.
[component_container_isolated-6] [INFO] [1791028745.635721377] [behavior_server]: Running backup
[component_container_isolated-6] [WARN] [1791028745.635796137] [behavior_server]: Collision Ahead - Exiting DriveOnHeading
[component_container_isolated-6] [WARN] [1791028745.635802936] [behavior_server]: backup failed
[component_container_isolated-6] [WARN] [1791028745.635806616] [behavior_server]: [backup] [ActionServer] Aborting handle.
[component_container_isolated-6] [INFO] [1791028745.655516178] [local_costmap.local_costmap]: Received request to clear entirely the local_costmap
[component_container_isolated-6] [INFO] [1791028745.655651956] [global_costmap.global_costmap]: Received request to clear entirely the global_costmap
[component_container_isolated-6] [WARN] [1791028746.616300078] [planner_server]: GridBased plugin failed to plan from (-1.34, -0.93) to (0.75, 1.84): "Failed to create plan with tolerance of: 0.500000"
[component_container_isolated-6] [WARN] [1791028746.616328328] [planner_server]: [compute_path_to_pose] [ActionServer] Aborting handle.
[component_container_isolated-6] [INFO] [1791028746.635641594] [global_costmap.global_costmap]: Received request to clear entirely the global_costmap
[component_container_isolated-6] [WARN] [1791028747.616138450] [planner_server]: GridBased plugin failed to plan from (-1.34, -0.93) to (0.75, 1.84): "Failed to create plan with tolerance of: 0.500000"
[component_container_isolated-6] [WARN] [1791028747.616173640] [planner_server]: [compute_path_to_pose] [ActionServer] Aborting handle.
[component_container_isolated-6] [INFO] [1791028747.635766743] [behavior_server]: Running spin
[component_container_isolated-6] [INFO] [1791028747.635809403] [behavior_server]: Turning 1.57 for spin behavior.
[component_container_isolated-6] [INFO] [1791028747.842484230] [collision_monitor]: Robot to approach for 1.200000 seconds away from collision
[component_container_isolated-6] [WARN] [1791028757.635892447] [behavior_server]: Exceeded time allowance before reaching the Spin goal - Exiting Spin
[component_container_isolated-6] [WARN] [1791028757.635914497] [behavior_server]: spin failed
[component_container_isolated-6] [WARN] [1791028757.635920267] [behavior_server]: [spin] [ActionServer] Aborting handle.
[component_container_isolated-6] [INFO] [1791028757.655555253] [behavior_server]: Running wait
[component_container_isolated-6] [INFO] [1791028757.992470566] [collision_monitor]: Robot to continue normal operation
[component_container_isolated-6] [INFO] [1791028762.655653764] [behavior_server]: wait completed successfully
[component_container_isolated-6] [WARN] [1791028762.675953534] [planner_server]: GridBased plugin failed to plan from (-1.34, -0.94) to (0.75, 1.84): "Failed to create plan with tolerance of: 0.500000"
[component_container_isolated-6] [WARN] [1791028762.675980594] [planner_server]: [compute_path_to_pose] [ActionServer] Aborting handle.
[component_container_isolated-6] [INFO] [1791028762.695622121] [global_costmap.global_costmap]: Received request to clear entirely the global_costmap
[component_container_isolated-6] [WARN] [1791028763.616169210] [planner_server]: GridBased plugin failed to plan from (-1.34, -0.94) to (0.75, 1.84): "Failed to create plan with tolerance of: 0.500000"
[component_container_isolated-6] [WARN] [1791028763.616198760] [planner_server]: [compute_path_to_pose] [ActionServer] Aborting handle.
[component_container_isolated-6] [WARN] [1791028763.645463814] [bt_navigator]: [navigate_to_pose] [ActionServer] Aborting handle.
[component_container_isolated-6] [ERROR] [1791028763.645565122] [bt_navigator]: Goal failed
[component_container_isolated-6] [INFO] [1791028763.674861546] [amcl]: initialPoseReceived
[component_container_isolated-6] [WARN] [1791028763.674911365] [amcl]: Failed to transform initial pose in time (Lookup would require extrapolation into the future.  Requested time 1791028763.674760 but the latest data is at time 1064.401000, when looking up transform from frame [odom] to frame [base_footprint])
[component_container_isolated-6] [INFO] [1791028763.674918095] [amcl]: Setting pose (1063.440000): -2.000 -0.500 0.000
[component_container_isolated-6] [INFO] [1791028763.775012560] [amcl]: initialPoseReceived
[component_container_isolated-6] [WARN] [1791028763.775073180] [amcl]: Failed to transform initial pose in time (Lookup would require extrapolation into the future.  Requested time 1063.539000 but the latest data is at time 1063.512000, when looking up transform from frame [base_footprint] to frame [odom])
[component_container_isolated-6] [INFO] [1791028763.775081549] [amcl]: Setting pose (1063.539000): -2.000 -0.500 0.000
[component_container_isolated-6] [INFO] [1791028763.875145875] [amcl]: initialPoseReceived
[component_container_isolated-6] [WARN] [1791028763.875193065] [amcl]: Failed to transform initial pose in time (Lookup would require extrapolation into the future.  Requested time 1063.641000 but the latest data is at time 1063.620000, when looking up transform from frame [base_footprint] to frame [odom])
[component_container_isolated-6] [INFO] [1791028763.875198675] [amcl]: Setting pose (1063.641000): -2.000 -0.500 0.000
[component_container_isolated-6] [INFO] [1791028763.975266930] [amcl]: initialPoseReceived
[component_container_isolated-6] [WARN] [1791028763.975322829] [amcl]: Failed to transform initial pose in time (Lookup would require extrapolation into the future.  Requested time 1063.740000 but the latest data is at time 1063.728000, when looking up transform from frame [base_footprint] to frame [odom])
[component_container_isolated-6] [INFO] [1791028763.975329579] [amcl]: Setting pose (1063.740000): -2.000 -0.500 0.000
[fault_injector-11] [INFO] [1791028764.075720362] [fault_injector]: localization rollback: initial pose restored
[component_container_isolated-6] [INFO] [1791028764.125195507] [global_costmap.global_costmap]: Received request to clear entirely the global_costmap
[component_container_isolated-6] [INFO] [1791028764.175479253] [local_costmap.local_costmap]: Received request to clear entirely the local_costmap
[component_container_isolated-6] [INFO] [1791028766.326592844] [bt_navigator]: Begin navigating from current location (-2.06, -0.50) to (0.75, 1.84)
[component_container_isolated-6] [INFO] [1791028766.346977264] [controller_server]: Received a goal, begin computing control effort.
[component_container_isolated-6] [INFO] [1791028766.382415356] [collision_monitor]: Robot to approach for 1.200000 seconds away from collision
[component_container_isolated-6] [INFO] [1791028767.397038425] [controller_server]: Passing new path to controller.
[component_container_isolated-6] [INFO] [1791028768.397078879] [controller_server]: Passing new path to controller.
[component_container_isolated-6] [INFO] [1791028769.447078440] [controller_server]: Passing new path to controller.
[component_container_isolated-6] [INFO] [1791028770.082387074] [collision_monitor]: Robot to continue normal operation
[component_container_isolated-6] [INFO] [1791028770.447077224] [controller_server]: Passing new path to controller.
[component_container_isolated-6] [INFO] [1791028771.497079254] [controller_server]: Passing new path to controller.
[component_container_isolated-6] [INFO] [1791028772.547077830] [controller_server]: Passing new path to controller.
[component_container_isolated-6] [INFO] [1791028773.547078087] [controller_server]: Passing new path to controller.
[component_container_isolated-6] [INFO] [1791028774.597077462] [controller_server]: Passing new path to controller.
[component_container_isolated-6] [INFO] [1791028775.597077946] [controller_server]: Passing new path to controller.
[component_container_isolated-6] [INFO] [1791028776.597040295] [controller_server]: Passing new path to controller.
[component_container_isolated-6] [INFO] [1791028777.647079844] [controller_server]: Passing new path to controller.
[component_container_isolated-6] [INFO] [1791028778.647079640] [controller_server]: Passing new path to controller.
[component_container_isolated-6] [INFO] [1791028779.697080259] [controller_server]: Passing new path to controller.
[component_container_isolated-6] [INFO] [1791028780.697080812] [controller_server]: Passing new path to controller.
[component_container_isolated-6] [INFO] [1791028781.747082830] [controller_server]: Passing new path to controller.
[component_container_isolated-6] [INFO] [1791028782.747079472] [controller_server]: Passing new path to controller.
[component_container_isolated-6] [INFO] [1791028783.797084089] [controller_server]: Passing new path to controller.
[component_container_isolated-6] [INFO] [1791028784.447090450] [controller_server]: Reached the goal!
[component_container_isolated-6] [INFO] [1791028784.447406676] [controller_server]: Optimizer reset
[component_container_isolated-6] [INFO] [1791028784.476775927] [bt_navigator]: Goal succeeded
[component_container_isolated-6] [INFO] [1791028788.089216436] [amcl]: initialPoseReceived
[component_container_isolated-6] [WARN] [1791028788.089271885] [amcl]: Failed to transform initial pose in time (Lookup would require extrapolation into the future.  Requested time 1087.758000 but the latest data is at time 1087.740000, when looking up transform from frame [base_footprint] to frame [odom])
[component_container_isolated-6] [INFO] [1791028788.089278885] [amcl]: Setting pose (1087.758000): -2.000 -0.500 0.000
[episode_reset-9] [INFO] [1791028790.089582118] [episode_reset]: Episode reset to (-2.0, -0.5, 0.0).
[component_container_isolated-6] [INFO] [1791028790.225279452] [bt_navigator]: Begin navigating from current location (-1.97, -0.49) to (0.75, 1.84)
[component_container_isolated-6] [INFO] [1791028790.245648819] [controller_server]: Received a goal, begin computing control effort.
[component_container_isolated-6] [INFO] [1791028791.295744170] [controller_server]: Passing new path to controller.
[component_container_isolated-6] [INFO] [1791028792.345741927] [controller_server]: Passing new path to controller.
[component_container_isolated-6] [INFO] [1791028793.345741491] [controller_server]: Passing new path to controller.
[component_container_isolated-6] [INFO] [1791028794.395741076] [controller_server]: Passing new path to controller.
[component_container_isolated-6] [INFO] [1791028795.395742567] [controller_server]: Passing new path to controller.
[component_container_isolated-6] [INFO] [1791028796.395745550] [controller_server]: Passing new path to controller.
[component_container_isolated-6] [WARN] [1791028797.405926751] [planner_server]: GridBased plugin failed to plan from (-1.08, 0.57) to (0.75, 1.84): "Failed to create plan with tolerance of: 0.500000"
[component_container_isolated-6] [WARN] [1791028797.405963981] [planner_server]: [compute_path_to_pose] [ActionServer] Aborting handle.
[component_container_isolated-6] [INFO] [1791028797.425582138] [global_costmap.global_costmap]: Received request to clear entirely the global_costmap
[component_container_isolated-6] [WARN] [1791028797.616237539] [planner_server]: Planner loop missed its desired rate of 20.0000 Hz. Current loop rate is 5.2910 Hz
[component_container_isolated-6] [INFO] [1791028797.645743733] [controller_server]: Passing new path to controller.
[component_container_isolated-6] [INFO] [1791028798.695743718] [controller_server]: Passing new path to controller.
[component_container_isolated-6] [INFO] [1791028799.695740835] [controller_server]: Passing new path to controller.
[component_container_isolated-6] [INFO] [1791028800.745742458] [controller_server]: Passing new path to controller.
[component_container_isolated-6] [INFO] [1791028801.745744562] [controller_server]: Passing new path to controller.
[component_container_isolated-6] [INFO] [1791028802.745741598] [controller_server]: Passing new path to controller.
[component_container_isolated-6] [INFO] [1791028803.795745603] [controller_server]: Passing new path to controller.
[component_container_isolated-6] [INFO] [1791028804.845744552] [controller_server]: Passing new path to controller.
[component_container_isolated-6] [INFO] [1791028805.845744579] [controller_server]: Passing new path to controller.
[component_container_isolated-6] [INFO] [1791028806.895707346] [controller_server]: Passing new path to controller.
[component_container_isolated-6] [INFO] [1791028807.545756624] [controller_server]: Reached the goal!
[component_container_isolated-6] [INFO] [1791028807.546022871] [controller_server]: Optimizer reset
[component_container_isolated-6] [INFO] [1791028807.575447510] [bt_navigator]: Goal succeeded
[component_container_isolated-6] [INFO] [1791028808.012372487] [amcl]: initialPoseReceived
[component_container_isolated-6] [WARN] [1791028808.012424056] [amcl]: Failed to transform initial pose in time (Lookup would require extrapolation into the future.  Requested time 1107.585000 but the latest data is at time 1107.576000, when looking up transform from frame [base_footprint] to frame [odom])
[component_container_isolated-6] [INFO] [1791028808.012432006] [amcl]: Setting pose (1107.585000): -2.000 -0.500 0.000
[episode_reset-9] [INFO] [1791028810.012730561] [episode_reset]: Episode reset to (-2.0, -0.5, 0.0).
[component_container_isolated-6] [ERROR] [1791028810.097197484] [global_costmap.global_costmap]: The configured inflation radius (0.700) is smaller than the computed inscribed radius (2.212) of your footprint, it is highly recommended to set inflation radius to be at least as big as the inscribed radius to avoid collisions
[component_container_isolated-6] [ERROR] [1791028810.197748447] [local_costmap.local_costmap]: The configured inflation radius (0.700) is smaller than the computed inscribed radius (2.212) of your footprint, it is highly recommended to set inflation radius to be at least as big as the inscribed radius to avoid collisions
[fault_injector-11] [INFO] [1791028810.248196862] [fault_injector]: costmap inject: global: footprint_padding=0.009999999776482582 -> footprint_padding=2.0 (); local: footprint_padding=0.009999999776482582 -> footprint_padding=2.0 ()
[component_container_isolated-6] [INFO] [1791028813.552066405] [bt_navigator]: Begin navigating from current location (-1.99, -0.49) to (0.75, 1.84)
[component_container_isolated-6] [WARN] [1791028813.552703657] [planner_server]: GridBased plugin failed to plan from (-1.99, -0.49) to (0.75, 1.84): "Failed to create plan with tolerance of: 0.500000"
[component_container_isolated-6] [WARN] [1791028813.552725547] [planner_server]: [compute_path_to_pose] [ActionServer] Aborting handle.
[component_container_isolated-6] [INFO] [1791028813.572342758] [global_costmap.global_costmap]: Received request to clear entirely the global_costmap
[component_container_isolated-6] [WARN] [1791028813.612858606] [planner_server]: GridBased plugin failed to plan from (-1.99, -0.49) to (0.75, 1.84): "Failed to create plan with tolerance of: 0.500000"
[component_container_isolated-6] [WARN] [1791028813.612885095] [planner_server]: [compute_path_to_pose] [ActionServer] Aborting handle.
[component_container_isolated-6] [INFO] [1791028813.632349578] [local_costmap.local_costmap]: Received request to clear entirely the local_costmap
[component_container_isolated-6] [INFO] [1791028813.632468187] [global_costmap.global_costmap]: Received request to clear entirely the global_costmap
[component_container_isolated-6] [WARN] [1791028814.613112592] [planner_server]: GridBased plugin failed to plan from (-1.99, -0.49) to (0.75, 1.84): "Failed to create plan with tolerance of: 0.500000"
[component_container_isolated-6] [WARN] [1791028814.613150811] [planner_server]: [compute_path_to_pose] [ActionServer] Aborting handle.
[component_container_isolated-6] [INFO] [1791028814.632357767] [global_costmap.global_costmap]: Received request to clear entirely the global_costmap
[component_container_isolated-6] [WARN] [1791028815.612871876] [planner_server]: GridBased plugin failed to plan from (-1.99, -0.49) to (0.75, 1.84): "Failed to create plan with tolerance of: 0.500000"
[component_container_isolated-6] [WARN] [1791028815.612900496] [planner_server]: [compute_path_to_pose] [ActionServer] Aborting handle.
[component_container_isolated-6] [INFO] [1791028815.632414208] [behavior_server]: Running spin
[component_container_isolated-6] [INFO] [1791028815.632453218] [behavior_server]: Turning 1.57 for spin behavior.
[component_container_isolated-6] [INFO] [1791028815.672339873] [collision_monitor]: Robot to approach for 1.200000 seconds away from collision
[component_container_isolated-6] [WARN] [1791028825.732533287] [behavior_server]: Exceeded time allowance before reaching the Spin goal - Exiting Spin
[component_container_isolated-6] [WARN] [1791028825.732554307] [behavior_server]: spin failed
[component_container_isolated-6] [WARN] [1791028825.732559547] [behavior_server]: [spin] [ActionServer] Aborting handle.
[component_container_isolated-6] [INFO] [1791028825.752273520] [behavior_server]: Running wait
[component_container_isolated-6] [INFO] [1791028826.082409824] [collision_monitor]: Robot to continue normal operation
[component_container_isolated-6] [INFO] [1791028830.752342719] [behavior_server]: wait completed successfully
[component_container_isolated-6] [WARN] [1791028830.772732596] [planner_server]: GridBased plugin failed to plan from (-1.99, -0.49) to (0.75, 1.84): "Failed to create plan with tolerance of: 0.500000"
[component_container_isolated-6] [WARN] [1791028830.772763825] [planner_server]: [compute_path_to_pose] [ActionServer] Aborting handle.
[component_container_isolated-6] [INFO] [1791028830.792337671] [global_costmap.global_costmap]: Received request to clear entirely the global_costmap
[component_container_isolated-6] [WARN] [1791028831.612869788] [planner_server]: GridBased plugin failed to plan from (-1.99, -0.49) to (0.75, 1.84): "Failed to create plan with tolerance of: 0.500000"
[component_container_isolated-6] [WARN] [1791028831.612905878] [planner_server]: [compute_path_to_pose] [ActionServer] Aborting handle.
[component_container_isolated-6] [INFO] [1791028831.632404815] [behavior_server]: Running backup
[component_container_isolated-6] [WARN] [1791028831.632471654] [behavior_server]: Collision Ahead - Exiting DriveOnHeading
[component_container_isolated-6] [WARN] [1791028831.632477764] [behavior_server]: backup failed
[component_container_isolated-6] [WARN] [1791028831.632481144] [behavior_server]: [backup] [ActionServer] Aborting handle.
[component_container_isolated-6] [INFO] [1791028831.652222268] [local_costmap.local_costmap]: Received request to clear entirely the local_costmap
[component_container_isolated-6] [INFO] [1791028831.652342786] [global_costmap.global_costmap]: Received request to clear entirely the global_costmap
[component_container_isolated-6] [WARN] [1791028832.612979821] [planner_server]: GridBased plugin failed to plan from (-1.99, -0.49) to (0.75, 1.84): "Failed to create plan with tolerance of: 0.500000"
[component_container_isolated-6] [WARN] [1791028832.613008360] [planner_server]: [compute_path_to_pose] [ActionServer] Aborting handle.
[component_container_isolated-6] [INFO] [1791028832.632362219] [global_costmap.global_costmap]: Received request to clear entirely the global_costmap
[component_container_isolated-6] [WARN] [1791028833.613020766] [planner_server]: GridBased plugin failed to plan from (-1.99, -0.49) to (0.75, 1.84): "Failed to create plan with tolerance of: 0.500000"
[component_container_isolated-6] [WARN] [1791028833.613052976] [planner_server]: [compute_path_to_pose] [ActionServer] Aborting handle.
[component_container_isolated-6] [INFO] [1791028833.632446774] [behavior_server]: Running spin
[component_container_isolated-6] [INFO] [1791028833.632498233] [behavior_server]: Turning 1.57 for spin behavior.
[component_container_isolated-6] [INFO] [1791028833.672343658] [collision_monitor]: Robot to approach for 1.200000 seconds away from collision
[component_container_isolated-6] [WARN] [1791028843.732596161] [behavior_server]: Exceeded time allowance before reaching the Spin goal - Exiting Spin
[component_container_isolated-6] [WARN] [1791028843.732621060] [behavior_server]: spin failed
[component_container_isolated-6] [WARN] [1791028843.732628560] [behavior_server]: [spin] [ActionServer] Aborting handle.
[component_container_isolated-6] [INFO] [1791028843.752301498] [behavior_server]: Running wait
[component_container_isolated-6] [INFO] [1791028844.082403314] [collision_monitor]: Robot to continue normal operation
[component_container_isolated-6] [INFO] [1791028848.752411089] [behavior_server]: wait completed successfully
[component_container_isolated-6] [WARN] [1791028848.772690341] [planner_server]: GridBased plugin failed to plan from (-1.99, -0.49) to (0.75, 1.84): "Failed to create plan with tolerance of: 0.500000"
[component_container_isolated-6] [WARN] [1791028848.772717091] [planner_server]: [compute_path_to_pose] [ActionServer] Aborting handle.
[component_container_isolated-6] [INFO] [1791028848.792345860] [global_costmap.global_costmap]: Received request to clear entirely the global_costmap
[component_container_isolated-6] [WARN] [1791028849.612843666] [planner_server]: GridBased plugin failed to plan from (-1.99, -0.49) to (0.75, 1.84): "Failed to create plan with tolerance of: 0.500000"
[component_container_isolated-6] [WARN] [1791028849.612870676] [planner_server]: [compute_path_to_pose] [ActionServer] Aborting handle.
[component_container_isolated-6] [INFO] [1791028849.632414296] [behavior_server]: Running backup
[component_container_isolated-6] [WARN] [1791028849.632483865] [behavior_server]: Collision Ahead - Exiting DriveOnHeading
[component_container_isolated-6] [WARN] [1791028849.632490345] [behavior_server]: backup failed
[component_container_isolated-6] [WARN] [1791028849.632493915] [behavior_server]: [backup] [ActionServer] Aborting handle.
[component_container_isolated-6] [INFO] [1791028849.652218784] [local_costmap.local_costmap]: Received request to clear entirely the local_costmap
[component_container_isolated-6] [INFO] [1791028849.652336213] [global_costmap.global_costmap]: Received request to clear entirely the global_costmap
[component_container_isolated-6] [WARN] [1791028850.613148083] [planner_server]: GridBased plugin failed to plan from (-1.99, -0.49) to (0.75, 1.84): "Failed to create plan with tolerance of: 0.500000"
[component_container_isolated-6] [WARN] [1791028850.613184843] [planner_server]: [compute_path_to_pose] [ActionServer] Aborting handle.
[component_container_isolated-6] [INFO] [1791028850.632352688] [global_costmap.global_costmap]: Received request to clear entirely the global_costmap
[component_container_isolated-6] [WARN] [1791028851.612847609] [planner_server]: GridBased plugin failed to plan from (-1.99, -0.49) to (0.75, 1.84): "Failed to create plan with tolerance of: 0.500000"
[component_container_isolated-6] [WARN] [1791028851.612876388] [planner_server]: [compute_path_to_pose] [ActionServer] Aborting handle.
[component_container_isolated-6] [INFO] [1791028851.632420289] [behavior_server]: Running spin
[component_container_isolated-6] [INFO] [1791028851.632463029] [behavior_server]: Turning 1.57 for spin behavior.
[component_container_isolated-6] [INFO] [1791028851.672336532] [collision_monitor]: Robot to approach for 1.200000 seconds away from collision
[component_container_isolated-6] [WARN] [1791028861.732542927] [behavior_server]: Exceeded time allowance before reaching the Spin goal - Exiting Spin
[component_container_isolated-6] [WARN] [1791028861.732562417] [behavior_server]: spin failed
[component_container_isolated-6] [WARN] [1791028861.732567677] [behavior_server]: [spin] [ActionServer] Aborting handle.
[component_container_isolated-6] [INFO] [1791028861.752279858] [behavior_server]: Running wait
[component_container_isolated-6] [INFO] [1791028862.082376485] [collision_monitor]: Robot to continue normal operation
[component_container_isolated-6] [INFO] [1791028866.752383664] [behavior_server]: wait completed successfully
[component_container_isolated-6] [WARN] [1791028866.772799949] [planner_server]: GridBased plugin failed to plan from (-1.99, -0.49) to (0.75, 1.84): "Failed to create plan with tolerance of: 0.500000"
[component_container_isolated-6] [WARN] [1791028866.772835338] [planner_server]: [compute_path_to_pose] [ActionServer] Aborting handle.
[component_container_isolated-6] [INFO] [1791028866.792361513] [global_costmap.global_costmap]: Received request to clear entirely the global_costmap
[component_container_isolated-6] [WARN] [1791028867.612892271] [planner_server]: GridBased plugin failed to plan from (-1.99, -0.49) to (0.75, 1.84): "Failed to create plan with tolerance of: 0.500000"
[component_container_isolated-6] [WARN] [1791028867.612921321] [planner_server]: [compute_path_to_pose] [ActionServer] Aborting handle.
[component_container_isolated-6] [WARN] [1791028867.642185813] [bt_navigator]: [navigate_to_pose] [ActionServer] Aborting handle.
[component_container_isolated-6] [ERROR] [1791028867.642281472] [bt_navigator]: Goal failed
[fault_injector-11] [INFO] [1791028867.834899986] [fault_injector]: costmap rollback: global: restored 0.009999999776482582; local: restored 0.009999999776482582
[component_container_isolated-6] [INFO] [1791028867.884092219] [global_costmap.global_costmap]: Received request to clear entirely the global_costmap
[component_container_isolated-6] [INFO] [1791028867.934368420] [local_costmap.local_costmap]: Received request to clear entirely the local_costmap
[component_container_isolated-6] [INFO] [1791028870.085535572] [bt_navigator]: Begin navigating from current location (-1.99, -0.49) to (0.75, 1.84)
[component_container_isolated-6] [INFO] [1791028870.105890139] [controller_server]: Received a goal, begin computing control effort.
[component_container_isolated-6] [INFO] [1791028871.155986472] [controller_server]: Passing new path to controller.
[component_container_isolated-6] [INFO] [1791028872.205988339] [controller_server]: Passing new path to controller.
[component_container_isolated-6] [INFO] [1791028873.205984271] [controller_server]: Passing new path to controller.
[component_container_isolated-6] [INFO] [1791028874.255985072] [controller_server]: Passing new path to controller.
[component_container_isolated-6] [INFO] [1791028875.255984347] [controller_server]: Passing new path to controller.
[component_container_isolated-6] [INFO] [1791028876.305985662] [controller_server]: Passing new path to controller.
[component_container_isolated-6] [INFO] [1791028877.305940521] [controller_server]: Passing new path to controller.
[component_container_isolated-6] [INFO] [1791028878.355988230] [controller_server]: Passing new path to controller.
[component_container_isolated-6] [INFO] [1791028879.355986981] [controller_server]: Passing new path to controller.
[component_container_isolated-6] [INFO] [1791028880.405987185] [controller_server]: Passing new path to controller.
[component_container_isolated-6] [INFO] [1791028881.405986149] [controller_server]: Passing new path to controller.
[component_container_isolated-6] [INFO] [1791028882.455987176] [controller_server]: Passing new path to controller.
[component_container_isolated-6] [INFO] [1791028883.455989463] [controller_server]: Passing new path to controller.
[component_container_isolated-6] [INFO] [1791028883.855999478] [controller_server]: Reached the goal!
[component_container_isolated-6] [INFO] [1791028883.856299125] [controller_server]: Optimizer reset
[component_container_isolated-6] [INFO] [1791028883.885717711] [bt_navigator]: Goal succeeded
[component_container_isolated-6] [INFO] [1791028884.372686691] [amcl]: initialPoseReceived
[component_container_isolated-6] [WARN] [1791028884.372731500] [amcl]: Failed to transform initial pose in time (Lookup would require extrapolation into the future.  Requested time 1183.848000 but the latest data is at time 1183.824000, when looking up transform from frame [base_footprint] to frame [odom])
[component_container_isolated-6] [INFO] [1791028884.372737310] [amcl]: Setting pose (1183.848000): -2.000 -0.500 0.000
[episode_reset-9] [INFO] [1791028886.373095224] [episode_reset]: Episode reset to (-2.0, -0.5, 0.0).
[component_container_isolated-6] [INFO] [1791028886.506202222] [bt_navigator]: Begin navigating from current location (-1.94, -0.51) to (0.75, 1.84)
[component_container_isolated-6] [INFO] [1791028886.526622392] [controller_server]: Received a goal, begin computing control effort.
[component_container_isolated-6] [INFO] [1791028887.576732407] [controller_server]: Passing new path to controller.
[component_container_isolated-6] [INFO] [1791028888.626735586] [controller_server]: Passing new path to controller.
[component_container_isolated-6] [INFO] [1791028889.626732421] [controller_server]: Passing new path to controller.
[component_container_isolated-6] [INFO] [1791028890.676732024] [controller_server]: Passing new path to controller.
[component_container_isolated-6] [INFO] [1791028891.676693702] [controller_server]: Passing new path to controller.
[component_container_isolated-6] [INFO] [1791028892.726694678] [controller_server]: Passing new path to controller.
[component_container_isolated-6] [INFO] [1791028893.726731037] [controller_server]: Passing new path to controller.
[component_container_isolated-6] [INFO] [1791028894.776730727] [controller_server]: Passing new path to controller.
[component_container_isolated-6] [INFO] [1791028895.776731049] [controller_server]: Passing new path to controller.
[component_container_isolated-6] [INFO] [1791028896.229107954] [controller_server]: Optimizer reset
[component_container_isolated-6] [INFO] [1791028896.232799996] [controller_server]: Optimizer reset
[component_container_isolated-6] [WARN] [1791028896.232826796] [controller_server]: Optimizer fail to compute path
[component_container_isolated-6] [INFO] [1791028896.279644919] [controller_server]: Optimizer reset
[component_container_isolated-6] [INFO] [1791028896.283547579] [controller_server]: Optimizer reset
[component_container_isolated-6] [WARN] [1791028896.283583049] [controller_server]: Optimizer fail to compute path
[component_container_isolated-6] [INFO] [1791028896.329540310] [controller_server]: Optimizer reset
[component_container_isolated-6] [INFO] [1791028896.333331621] [controller_server]: Optimizer reset
[component_container_isolated-6] [WARN] [1791028896.333364821] [controller_server]: Optimizer fail to compute path
[component_container_isolated-6] [INFO] [1791028896.379523041] [controller_server]: Optimizer reset
[component_container_isolated-6] [INFO] [1791028896.383183223] [controller_server]: Optimizer reset
[component_container_isolated-6] [WARN] [1791028896.383217383] [controller_server]: Optimizer fail to compute path
[component_container_isolated-6] [INFO] [1791028896.629169535] [controller_server]: Optimizer reset
[component_container_isolated-6] [INFO] [1791028896.632531061] [controller_server]: Optimizer reset
[component_container_isolated-6] [WARN] [1791028896.632562481] [controller_server]: Optimizer fail to compute path
[component_container_isolated-6] [INFO] [1791028896.826695542] [controller_server]: Passing new path to controller.
[component_container_isolated-6] [INFO] [1791028897.826729755] [controller_server]: Passing new path to controller.
[component_container_isolated-6] [INFO] [1791028898.876689612] [controller_server]: Passing new path to controller.
[component_container_isolated-6] [WARN] [1791028899.836980351] [planner_server]: GridBased plugin failed to plan from (-0.81, -1.03) to (0.75, 1.84): "Failed to create plan with tolerance of: 0.500000"
[component_container_isolated-6] [WARN] [1791028899.837080470] [planner_server]: [compute_path_to_pose] [ActionServer] Aborting handle.
[component_container_isolated-6] [INFO] [1791028899.856513533] [global_costmap.global_costmap]: Received request to clear entirely the global_costmap
[component_container_isolated-6] [WARN] [1791028900.617034831] [planner_server]: GridBased plugin failed to plan from (-0.99, -0.81) to (0.75, 1.84): "Failed to create plan with tolerance of: 0.500000"
[component_container_isolated-6] [WARN] [1791028900.617063350] [planner_server]: [compute_path_to_pose] [ActionServer] Aborting handle.
[component_container_isolated-6] [ERROR] [1791028900.656563939] [bt_navigator_navigate_to_pose_rclcpp_node]: Failed to get result for follow_path in node halt!
[component_container_isolated-6] [INFO] [1791028900.656666148] [local_costmap.local_costmap]: Received request to clear entirely the local_costmap
[component_container_isolated-6] [INFO] [1791028900.656792157] [global_costmap.global_costmap]: Received request to clear entirely the global_costmap
[component_container_isolated-6] [INFO] [1791028900.676730834] [controller_server]: Cancellation was successful. Stopping the robot.
[component_container_isolated-6] [INFO] [1791028900.676748984] [controller_server]: [follow_path] [ActionServer] Client requested to cancel the goal. Cancelling.
[component_container_isolated-6] [INFO] [1791028900.677003962] [controller_server]: Optimizer reset
[component_container_isolated-6] [WARN] [1791028901.617543580] [planner_server]: Planner loop missed its desired rate of 20.0000 Hz. Current loop rate is 1.0417 Hz
[component_container_isolated-6] [INFO] [1791028901.637684846] [controller_server]: Received a goal, begin computing control effort.
[component_container_isolated-6] [WARN] [1791028902.648014127] [planner_server]: GridBased plugin failed to plan from (-1.04, -0.79) to (0.75, 1.84): "Failed to create plan with tolerance of: 0.500000"
[component_container_isolated-6] [WARN] [1791028902.648049936] [planner_server]: [compute_path_to_pose] [ActionServer] Aborting handle.
[component_container_isolated-6] [INFO] [1791028902.667573419] [global_costmap.global_costmap]: Received request to clear entirely the global_costmap
[component_container_isolated-6] [WARN] [1791028903.618243424] [planner_server]: Planner loop missed its desired rate of 20.0000 Hz. Current loop rate is 1.0515 Hz
[component_container_isolated-6] [INFO] [1791028903.637777597] [controller_server]: Passing new path to controller.
[component_container_isolated-6] [INFO] [1791028904.687784088] [controller_server]: Passing new path to controller.
[component_container_isolated-6] [INFO] [1791028905.737777501] [controller_server]: Passing new path to controller.
[component_container_isolated-6] [INFO] [1791028906.737774261] [controller_server]: Passing new path to controller.
[component_container_isolated-6] [INFO] [1791028907.787778227] [controller_server]: Passing new path to controller.
[component_container_isolated-6] [INFO] [1791028908.787777417] [controller_server]: Passing new path to controller.
[component_container_isolated-6] [INFO] [1791028909.837777596] [controller_server]: Passing new path to controller.
[component_container_isolated-6] [INFO] [1791028910.837775019] [controller_server]: Passing new path to controller.
[component_container_isolated-6] [INFO] [1791028911.887777380] [controller_server]: Passing new path to controller.
[component_container_isolated-6] [INFO] [1791028912.887774714] [controller_server]: Passing new path to controller.
[component_container_isolated-6] [INFO] [1791028913.937776288] [controller_server]: Passing new path to controller.
[component_container_isolated-6] [INFO] [1791028914.937754934] [controller_server]: Passing new path to controller.
[component_container_isolated-6] [INFO] [1791028915.937741530] [controller_server]: Passing new path to controller.
[component_container_isolated-6] [INFO] [1791028916.987775877] [controller_server]: Passing new path to controller.
[component_container_isolated-6] [INFO] [1791028918.037747306] [controller_server]: Passing new path to controller.
[component_container_isolated-6] [INFO] [1791028918.487793643] [controller_server]: Reached the goal!
[component_container_isolated-6] [INFO] [1791028918.488060440] [controller_server]: Optimizer reset
[component_container_isolated-6] [INFO] [1791028918.517486037] [bt_navigator]: Goal succeeded
[component_container_isolated-6] [INFO] [1791028918.991371616] [amcl]: initialPoseReceived
[component_container_isolated-6] [WARN] [1791028918.991417965] [amcl]: Failed to transform initial pose in time (Lookup would require extrapolation into the future.  Requested time 1218.372000 but the latest data is at time 1218.348000, when looking up transform from frame [base_footprint] to frame [odom])
[component_container_isolated-6] [INFO] [1791028918.991423695] [amcl]: Setting pose (1218.372000): -2.000 -0.500 0.000
[episode_reset-9] [INFO] [1791028920.991727468] [episode_reset]: Episode reset to (-2.0, -0.5, 0.0).
[component_container_isolated-6] [ERROR] [1791028921.075769984] [global_costmap.global_costmap]: The configured inflation radius (0.700) is smaller than the computed inscribed radius (2.212) of your footprint, it is highly recommended to set inflation radius to be at least as big as the inscribed radius to avoid collisions
[component_container_isolated-6] [ERROR] [1791028921.176330965] [local_costmap.local_costmap]: The configured inflation radius (0.700) is smaller than the computed inscribed radius (2.212) of your footprint, it is highly recommended to set inflation radius to be at least as big as the inscribed radius to avoid collisions
[fault_injector-11] [INFO] [1791028921.226706105] [fault_injector]: costmap inject: global: footprint_padding=0.009999999776482582 -> footprint_padding=2.0 (); local: footprint_padding=0.009999999776482582 -> footprint_padding=2.0 ()
[component_container_isolated-6] [INFO] [1791028924.530353252] [bt_navigator]: Begin navigating from current location (-1.98, -0.51) to (0.75, 1.84)
[component_container_isolated-6] [WARN] [1791028924.531215354] [planner_server]: GridBased plugin failed to plan from (-1.98, -0.51) to (0.75, 1.84): "Failed to create plan with tolerance of: 0.500000"
[component_container_isolated-6] [WARN] [1791028924.531237603] [planner_server]: [compute_path_to_pose] [ActionServer] Aborting handle.
[component_container_isolated-6] [INFO] [1791028924.550638901] [global_costmap.global_costmap]: Received request to clear entirely the global_costmap
[component_container_isolated-6] [WARN] [1791028924.621165913] [planner_server]: GridBased plugin failed to plan from (-1.98, -0.51) to (0.75, 1.84): "Failed to create plan with tolerance of: 0.500000"
[component_container_isolated-6] [WARN] [1791028924.621193703] [planner_server]: [compute_path_to_pose] [ActionServer] Aborting handle.
[component_container_isolated-6] [INFO] [1791028924.640645800] [local_costmap.local_costmap]: Received request to clear entirely the local_costmap
[component_container_isolated-6] [INFO] [1791028924.640763889] [global_costmap.global_costmap]: Received request to clear entirely the global_costmap
[component_container_isolated-6] [WARN] [1791028925.621361317] [planner_server]: GridBased plugin failed to plan from (-1.98, -0.51) to (0.75, 1.84): "Failed to create plan with tolerance of: 0.500000"
[component_container_isolated-6] [WARN] [1791028925.621394497] [planner_server]: [compute_path_to_pose] [ActionServer] Aborting handle.
[component_container_isolated-6] [INFO] [1791028925.640636196] [global_costmap.global_costmap]: Received request to clear entirely the global_costmap
[component_container_isolated-6] [WARN] [1791028926.621212234] [planner_server]: GridBased plugin failed to plan from (-1.98, -0.51) to (0.75, 1.84): "Failed to create plan with tolerance of: 0.500000"
[component_container_isolated-6] [WARN] [1791028926.621242054] [planner_server]: [compute_path_to_pose] [ActionServer] Aborting handle.
[component_container_isolated-6] [INFO] [1791028926.640678122] [behavior_server]: Running spin
[component_container_isolated-6] [INFO] [1791028926.640718102] [behavior_server]: Turning 1.57 for spin behavior.
[component_container_isolated-6] [INFO] [1791028926.672341419] [collision_monitor]: Robot to approach for 1.200000 seconds away from collision
[component_container_isolated-6] [WARN] [1791028936.740799082] [behavior_server]: Exceeded time allowance before reaching the Spin goal - Exiting Spin
[component_container_isolated-6] [WARN] [1791028936.740819722] [behavior_server]: spin failed
[component_container_isolated-6] [WARN] [1791028936.740824782] [behavior_server]: [spin] [ActionServer] Aborting handle.
[component_container_isolated-6] [INFO] [1791028936.760574099] [behavior_server]: Running wait
[component_container_isolated-6] [INFO] [1791028937.082361793] [collision_monitor]: Robot to continue normal operation
[component_container_isolated-6] [INFO] [1791028941.760648460] [behavior_server]: wait completed successfully
[component_container_isolated-6] [WARN] [1791028941.781044121] [planner_server]: GridBased plugin failed to plan from (-1.98, -0.51) to (0.75, 1.84): "Failed to create plan with tolerance of: 0.500000"
[component_container_isolated-6] [WARN] [1791028941.781074101] [planner_server]: [compute_path_to_pose] [ActionServer] Aborting handle.
[component_container_isolated-6] [INFO] [1791028941.800635051] [global_costmap.global_costmap]: Received request to clear entirely the global_costmap
[component_container_isolated-6] [WARN] [1791028942.621132004] [planner_server]: GridBased plugin failed to plan from (-1.98, -0.51) to (0.75, 1.84): "Failed to create plan with tolerance of: 0.500000"
[component_container_isolated-6] [WARN] [1791028942.621168604] [planner_server]: [compute_path_to_pose] [ActionServer] Aborting handle.
[component_container_isolated-6] [INFO] [1791028942.640706454] [behavior_server]: Running backup
[component_container_isolated-6] [WARN] [1791028942.640778343] [behavior_server]: Collision Ahead - Exiting DriveOnHeading
[component_container_isolated-6] [WARN] [1791028942.640785183] [behavior_server]: backup failed
[component_container_isolated-6] [WARN] [1791028942.640788843] [behavior_server]: [backup] [ActionServer] Aborting handle.
[component_container_isolated-6] [INFO] [1791028942.660486861] [local_costmap.local_costmap]: Received request to clear entirely the local_costmap
[component_container_isolated-6] [INFO] [1791028942.660628400] [global_costmap.global_costmap]: Received request to clear entirely the global_costmap
[component_container_isolated-6] [WARN] [1791028943.621330709] [planner_server]: GridBased plugin failed to plan from (-1.98, -0.51) to (0.75, 1.84): "Failed to create plan with tolerance of: 0.500000"
[component_container_isolated-6] [WARN] [1791028943.621363078] [planner_server]: [compute_path_to_pose] [ActionServer] Aborting handle.
[component_container_isolated-6] [INFO] [1791028943.640653661] [global_costmap.global_costmap]: Received request to clear entirely the global_costmap
[component_container_isolated-6] [WARN] [1791028944.621163587] [planner_server]: GridBased plugin failed to plan from (-1.98, -0.51) to (0.75, 1.84): "Failed to create plan with tolerance of: 0.500000"
[component_container_isolated-6] [WARN] [1791028944.621192016] [planner_server]: [compute_path_to_pose] [ActionServer] Aborting handle.
[component_container_isolated-6] [INFO] [1791028944.640739667] [behavior_server]: Running spin
[component_container_isolated-6] [INFO] [1791028944.640777526] [behavior_server]: Turning 1.57 for spin behavior.
[component_container_isolated-6] [INFO] [1791028944.672349990] [collision_monitor]: Robot to approach for 1.200000 seconds away from collision
[component_container_isolated-6] [WARN] [1791028954.740864189] [behavior_server]: Exceeded time allowance before reaching the Spin goal - Exiting Spin
[component_container_isolated-6] [WARN] [1791028954.740890129] [behavior_server]: spin failed
[component_container_isolated-6] [WARN] [1791028954.740898449] [behavior_server]: [spin] [ActionServer] Aborting handle.
[component_container_isolated-6] [INFO] [1791028954.760552790] [behavior_server]: Running wait
[component_container_isolated-6] [INFO] [1791028955.082405330] [collision_monitor]: Robot to continue normal operation
[component_container_isolated-6] [INFO] [1791028959.760650330] [behavior_server]: wait completed successfully
[component_container_isolated-6] [WARN] [1791028959.780950486] [planner_server]: GridBased plugin failed to plan from (-1.98, -0.51) to (0.75, 1.84): "Failed to create plan with tolerance of: 0.500000"
[component_container_isolated-6] [WARN] [1791028959.780977665] [planner_server]: [compute_path_to_pose] [ActionServer] Aborting handle.
[component_container_isolated-6] [INFO] [1791028959.800643518] [global_costmap.global_costmap]: Received request to clear entirely the global_costmap
[component_container_isolated-6] [WARN] [1791028960.621187104] [planner_server]: GridBased plugin failed to plan from (-1.98, -0.51) to (0.75, 1.84): "Failed to create plan with tolerance of: 0.500000"
[component_container_isolated-6] [WARN] [1791028960.621216773] [planner_server]: [compute_path_to_pose] [ActionServer] Aborting handle.
[component_container_isolated-6] [INFO] [1791028960.640707567] [behavior_server]: Running backup
[component_container_isolated-6] [WARN] [1791028960.640777377] [behavior_server]: Collision Ahead - Exiting DriveOnHeading
[component_container_isolated-6] [WARN] [1791028960.640796277] [behavior_server]: backup failed
[component_container_isolated-6] [WARN] [1791028960.640801467] [behavior_server]: [backup] [ActionServer] Aborting handle.
[component_container_isolated-6] [INFO] [1791028960.660518088] [local_costmap.local_costmap]: Received request to clear entirely the local_costmap
[component_container_isolated-6] [INFO] [1791028960.660645757] [global_costmap.global_costmap]: Received request to clear entirely the global_costmap
[component_container_isolated-6] [WARN] [1791028961.621310324] [planner_server]: GridBased plugin failed to plan from (-1.98, -0.51) to (0.75, 1.84): "Failed to create plan with tolerance of: 0.500000"
[component_container_isolated-6] [WARN] [1791028961.621355693] [planner_server]: [compute_path_to_pose] [ActionServer] Aborting handle.
[component_container_isolated-6] [INFO] [1791028961.640635289] [global_costmap.global_costmap]: Received request to clear entirely the global_costmap
[component_container_isolated-6] [WARN] [1791028962.621188385] [planner_server]: GridBased plugin failed to plan from (-1.98, -0.51) to (0.75, 1.84): "Failed to create plan with tolerance of: 0.500000"
[component_container_isolated-6] [WARN] [1791028962.621214685] [planner_server]: [compute_path_to_pose] [ActionServer] Aborting handle.
[component_container_isolated-6] [INFO] [1791028962.640702929] [behavior_server]: Running spin
[component_container_isolated-6] [INFO] [1791028962.640748239] [behavior_server]: Turning 1.57 for spin behavior.
[component_container_isolated-6] [INFO] [1791028962.672344888] [collision_monitor]: Robot to approach for 1.200000 seconds away from collision
[component_container_isolated-6] [WARN] [1791028972.740833332] [behavior_server]: Exceeded time allowance before reaching the Spin goal - Exiting Spin
[component_container_isolated-6] [WARN] [1791028972.740855272] [behavior_server]: spin failed
[component_container_isolated-6] [WARN] [1791028972.740860392] [behavior_server]: [spin] [ActionServer] Aborting handle.
[component_container_isolated-6] [INFO] [1791028972.760563516] [behavior_server]: Running wait
[component_container_isolated-6] [INFO] [1791028973.082399231] [collision_monitor]: Robot to continue normal operation
[component_container_isolated-6] [INFO] [1791028977.760668544] [behavior_server]: wait completed successfully
[component_container_isolated-6] [WARN] [1791028977.780981973] [planner_server]: GridBased plugin failed to plan from (-1.98, -0.51) to (0.75, 1.84): "Failed to create plan with tolerance of: 0.500000"
[component_container_isolated-6] [WARN] [1791028977.781008873] [planner_server]: [compute_path_to_pose] [ActionServer] Aborting handle.
[component_container_isolated-6] [INFO] [1791028977.800630179] [global_costmap.global_costmap]: Received request to clear entirely the global_costmap
[component_container_isolated-6] [WARN] [1791028978.621141554] [planner_server]: GridBased plugin failed to plan from (-1.98, -0.51) to (0.75, 1.84): "Failed to create plan with tolerance of: 0.500000"
[component_container_isolated-6] [WARN] [1791028978.621176123] [planner_server]: [compute_path_to_pose] [ActionServer] Aborting handle.
[component_container_isolated-6] [WARN] [1791028978.650466769] [bt_navigator]: [navigate_to_pose] [ActionServer] Aborting handle.
[component_container_isolated-6] [ERROR] [1791028978.650557128] [bt_navigator]: Goal failed
[fault_injector-11] [INFO] [1791028978.813146534] [fault_injector]: costmap rollback: global: restored 0.009999999776482582; local: restored 0.009999999776482582
[component_container_isolated-6] [INFO] [1791028978.862130624] [global_costmap.global_costmap]: Received request to clear entirely the global_costmap
[component_container_isolated-6] [INFO] [1791028978.912443842] [local_costmap.local_costmap]: Received request to clear entirely the local_costmap
[component_container_isolated-6] [INFO] [1791028981.063639252] [bt_navigator]: Begin navigating from current location (-1.98, -0.51) to (0.75, 1.84)
[component_container_isolated-6] [INFO] [1791028981.084021111] [controller_server]: Received a goal, begin computing control effort.
[component_container_isolated-6] [INFO] [1791028982.134119455] [controller_server]: Passing new path to controller.
[component_container_isolated-6] [INFO] [1791028983.184119881] [controller_server]: Passing new path to controller.
[component_container_isolated-6] [INFO] [1791028984.184117222] [controller_server]: Passing new path to controller.
[component_container_isolated-6] [INFO] [1791028985.234119257] [controller_server]: Passing new path to controller.
[component_container_isolated-6] [INFO] [1791028986.234117167] [controller_server]: Passing new path to controller.
[component_container_isolated-6] [INFO] [1791028987.284119281] [controller_server]: Passing new path to controller.
[component_container_isolated-6] [INFO] [1791028988.284116739] [controller_server]: Passing new path to controller.
[component_container_isolated-6] [INFO] [1791028989.334112543] [controller_server]: Passing new path to controller.
[component_container_isolated-6] [INFO] [1791028990.334117030] [controller_server]: Passing new path to controller.
[component_container_isolated-6] [INFO] [1791028991.384117133] [controller_server]: Passing new path to controller.
[component_container_isolated-6] [INFO] [1791028992.384117398] [controller_server]: Passing new path to controller.
[component_container_isolated-6] [INFO] [1791028993.434117041] [controller_server]: Passing new path to controller.
[component_container_isolated-6] [INFO] [1791028994.434115984] [controller_server]: Passing new path to controller.
[component_container_isolated-6] [INFO] [1791028995.484096126] [controller_server]: Passing new path to controller.
[component_container_isolated-6] [INFO] [1791028995.984134185] [controller_server]: Reached the goal!
[component_container_isolated-6] [INFO] [1791028995.984391222] [controller_server]: Optimizer reset
[component_container_isolated-6] [INFO] [1791028996.013822341] [bt_navigator]: Goal succeeded
[component_container_isolated-6] [INFO] [1791028996.443446503] [amcl]: initialPoseReceived
[component_container_isolated-6] [WARN] [1791028996.443504722] [amcl]: Failed to transform initial pose in time (Lookup would require extrapolation into the future.  Requested time 1295.727000 but the latest data is at time 1295.712000, when looking up transform from frame [base_footprint] to frame [odom])
[component_container_isolated-6] [INFO] [1791028996.443512722] [amcl]: Setting pose (1295.727000): -2.000 -0.500 0.000
[episode_reset-9] [INFO] [1791028998.444051377] [episode_reset]: Episode reset to (-2.0, -0.5, 0.0).
[component_container_isolated-6] [INFO] [1791028998.576631898] [bt_navigator]: Begin navigating from current location (-1.99, -0.50) to (0.75, 1.84)
[component_container_isolated-6] [INFO] [1791028998.597004950] [controller_server]: Received a goal, begin computing control effort.
[component_container_isolated-6] [INFO] [1791028999.647099430] [controller_server]: Passing new path to controller.
[component_container_isolated-6] [INFO] [1791029000.697101440] [controller_server]: Passing new path to controller.
[component_container_isolated-6] [INFO] [1791029001.697099059] [controller_server]: Passing new path to controller.
[component_container_isolated-6] [INFO] [1791029002.747062830] [controller_server]: Passing new path to controller.
[component_container_isolated-6] [INFO] [1791029003.747103635] [controller_server]: Passing new path to controller.
[component_container_isolated-6] [INFO] [1791029004.797101573] [controller_server]: Passing new path to controller.
[component_container_isolated-6] [INFO] [1791029005.797101487] [controller_server]: Passing new path to controller.
[component_container_isolated-6] [INFO] [1791029006.847100064] [controller_server]: Passing new path to controller.
[component_container_isolated-6] [INFO] [1791029007.847060076] [controller_server]: Passing new path to controller.
[component_container_isolated-6] [INFO] [1791029008.897102221] [controller_server]: Passing new path to controller.
[component_container_isolated-6] [INFO] [1791029009.897102611] [controller_server]: Passing new path to controller.
[component_container_isolated-6] [INFO] [1791029010.947099565] [controller_server]: Passing new path to controller.
[component_container_isolated-6] [INFO] [1791029011.947099432] [controller_server]: Passing new path to controller.
[component_container_isolated-6] [INFO] [1791029012.997102255] [controller_server]: Passing new path to controller.
[component_container_isolated-6] [INFO] [1791029013.747119886] [controller_server]: Reached the goal!
[component_container_isolated-6] [INFO] [1791029013.747458353] [controller_server]: Optimizer reset
[component_container_isolated-6] [INFO] [1791029013.776804197] [bt_navigator]: Goal succeeded
[component_container_isolated-6] [INFO] [1791029014.290664411] [amcl]: initialPoseReceived
[component_container_isolated-6] [WARN] [1791029014.290713311] [amcl]: Failed to transform initial pose in time (Lookup would require extrapolation into the future.  Requested time 1313.478000 but the latest data is at time 1313.460000, when looking up transform from frame [base_footprint] to frame [odom])
[component_container_isolated-6] [INFO] [1791029014.290719291] [amcl]: Setting pose (1313.478000): -2.000 -0.500 0.000
[episode_reset-9] [INFO] [1791029016.291153288] [episode_reset]: Episode reset to (-2.0, -0.5, 0.0).
[component_container_isolated-6] [ERROR] [1791029016.374653973] [global_costmap.global_costmap]: The configured inflation radius (0.700) is smaller than the computed inscribed radius (2.212) of your footprint, it is highly recommended to set inflation radius to be at least as big as the inscribed radius to avoid collisions
[component_container_isolated-6] [ERROR] [1791029016.475212775] [local_costmap.local_costmap]: The configured inflation radius (0.700) is smaller than the computed inscribed radius (2.212) of your footprint, it is highly recommended to set inflation radius to be at least as big as the inscribed radius to avoid collisions
[fault_injector-11] [INFO] [1791029016.525554699] [fault_injector]: costmap inject: global: footprint_padding=0.009999999776482582 -> footprint_padding=2.0 (); local: footprint_padding=0.009999999776482582 -> footprint_padding=2.0 ()
[component_container_isolated-6] [INFO] [1791029019.829329643] [bt_navigator]: Begin navigating from current location (-1.98, -0.49) to (0.75, 1.84)
[component_container_isolated-6] [WARN] [1791029019.829886608] [planner_server]: GridBased plugin failed to plan from (-1.98, -0.49) to (0.75, 1.84): "Failed to create plan with tolerance of: 0.500000"
[component_container_isolated-6] [WARN] [1791029019.829911618] [planner_server]: [compute_path_to_pose] [ActionServer] Aborting handle.
[component_container_isolated-6] [INFO] [1791029019.849603770] [global_costmap.global_costmap]: Received request to clear entirely the global_costmap
[component_container_isolated-6] [WARN] [1791029020.620056201] [planner_server]: GridBased plugin failed to plan from (-1.98, -0.49) to (0.75, 1.84): "Failed to create plan with tolerance of: 0.500000"
[component_container_isolated-6] [WARN] [1791029020.620083221] [planner_server]: [compute_path_to_pose] [ActionServer] Aborting handle.
[component_container_isolated-6] [INFO] [1791029020.639596945] [local_costmap.local_costmap]: Received request to clear entirely the local_costmap
[component_container_isolated-6] [INFO] [1791029020.639723944] [global_costmap.global_costmap]: Received request to clear entirely the global_costmap
[component_container_isolated-6] [WARN] [1791029021.620333309] [planner_server]: GridBased plugin failed to plan from (-1.98, -0.49) to (0.75, 1.84): "Failed to create plan with tolerance of: 0.500000"
[component_container_isolated-6] [WARN] [1791029021.620362179] [planner_server]: [compute_path_to_pose] [ActionServer] Aborting handle.
[component_container_isolated-6] [INFO] [1791029021.639624795] [global_costmap.global_costmap]: Received request to clear entirely the global_costmap
[component_container_isolated-6] [WARN] [1791029022.620115080] [planner_server]: GridBased plugin failed to plan from (-1.98, -0.49) to (0.75, 1.84): "Failed to create plan with tolerance of: 0.500000"
[component_container_isolated-6] [WARN] [1791029022.620142129] [planner_server]: [compute_path_to_pose] [ActionServer] Aborting handle.
[component_container_isolated-6] [INFO] [1791029022.639702784] [behavior_server]: Running spin
[component_container_isolated-6] [INFO] [1791029022.639752013] [behavior_server]: Turning 1.57 for spin behavior.
[component_container_isolated-6] [INFO] [1791029022.702530419] [collision_monitor]: Robot to approach for 1.200000 seconds away from collision
[component_container_isolated-6] [WARN] [1791029032.739840743] [behavior_server]: Exceeded time allowance before reaching the Spin goal - Exiting Spin
[component_container_isolated-6] [WARN] [1791029032.739864552] [behavior_server]: spin failed
[component_container_isolated-6] [WARN] [1791029032.739871672] [behavior_server]: [spin] [ActionServer] Aborting handle.
[component_container_isolated-6] [INFO] [1791029032.759533237] [behavior_server]: Running wait
[component_container_isolated-6] [INFO] [1791029033.102506744] [collision_monitor]: Robot to continue normal operation
[component_container_isolated-6] [INFO] [1791029037.759598568] [behavior_server]: wait completed successfully
[component_container_isolated-6] [WARN] [1791029037.780028607] [planner_server]: GridBased plugin failed to plan from (-1.98, -0.49) to (0.75, 1.84): "Failed to create plan with tolerance of: 0.500000"
[component_container_isolated-6] [WARN] [1791029037.780060897] [planner_server]: [compute_path_to_pose] [ActionServer] Aborting handle.
[component_container_isolated-6] [INFO] [1791029037.799620314] [global_costmap.global_costmap]: Received request to clear entirely the global_costmap
[component_container_isolated-6] [WARN] [1791029038.620171946] [planner_server]: GridBased plugin failed to plan from (-1.98, -0.49) to (0.75, 1.84): "Failed to create plan with tolerance of: 0.500000"
[component_container_isolated-6] [WARN] [1791029038.620201546] [planner_server]: [compute_path_to_pose] [ActionServer] Aborting handle.
[component_container_isolated-6] [INFO] [1791029038.639649764] [behavior_server]: Running backup
[component_container_isolated-6] [WARN] [1791029038.639726433] [behavior_server]: Collision Ahead - Exiting DriveOnHeading
[component_container_isolated-6] [WARN] [1791029038.639733613] [behavior_server]: backup failed
[component_container_isolated-6] [WARN] [1791029038.639737593] [behavior_server]: [backup] [ActionServer] Aborting handle.
[component_container_isolated-6] [INFO] [1791029038.659484958] [local_costmap.local_costmap]: Received request to clear entirely the local_costmap
[component_container_isolated-6] [INFO] [1791029038.659601497] [global_costmap.global_costmap]: Received request to clear entirely the global_costmap
[component_container_isolated-6] [WARN] [1791029039.620227725] [planner_server]: GridBased plugin failed to plan from (-1.98, -0.49) to (0.75, 1.84): "Failed to create plan with tolerance of: 0.500000"
[component_container_isolated-6] [WARN] [1791029039.620258885] [planner_server]: [compute_path_to_pose] [ActionServer] Aborting handle.
[component_container_isolated-6] [INFO] [1791029039.639619964] [global_costmap.global_costmap]: Received request to clear entirely the global_costmap
[component_container_isolated-6] [WARN] [1791029040.620207414] [planner_server]: GridBased plugin failed to plan from (-1.98, -0.49) to (0.75, 1.84): "Failed to create plan with tolerance of: 0.500000"
[component_container_isolated-6] [WARN] [1791029040.620239844] [planner_server]: [compute_path_to_pose] [ActionServer] Aborting handle.
[component_container_isolated-6] [INFO] [1791029040.639694142] [behavior_server]: Running spin
[component_container_isolated-6] [INFO] [1791029040.639739051] [behavior_server]: Turning 1.57 for spin behavior.
[component_container_isolated-6] [INFO] [1791029040.702517096] [collision_monitor]: Robot to approach for 1.200000 seconds away from collision
[component_container_isolated-6] [WARN] [1791029050.739845374] [behavior_server]: Exceeded time allowance before reaching the Spin goal - Exiting Spin
[component_container_isolated-6] [WARN] [1791029050.739870704] [behavior_server]: spin failed
[component_container_isolated-6] [WARN] [1791029050.739877434] [behavior_server]: [spin] [ActionServer] Aborting handle.
[component_container_isolated-6] [INFO] [1791029050.759549311] [behavior_server]: Running wait
[component_container_isolated-6] [INFO] [1791029051.102554538] [collision_monitor]: Robot to continue normal operation
[component_container_isolated-6] [INFO] [1791029055.759611601] [behavior_server]: wait completed successfully
[component_container_isolated-6] [WARN] [1791029055.780097663] [planner_server]: GridBased plugin failed to plan from (-1.98, -0.49) to (0.75, 1.84): "Failed to create plan with tolerance of: 0.500000"
[component_container_isolated-6] [WARN] [1791029055.780131842] [planner_server]: [compute_path_to_pose] [ActionServer] Aborting handle.
[component_container_isolated-6] [INFO] [1791029055.799600672] [global_costmap.global_costmap]: Received request to clear entirely the global_costmap
[component_container_isolated-6] [WARN] [1791029056.620103044] [planner_server]: GridBased plugin failed to plan from (-1.98, -0.49) to (0.75, 1.84): "Failed to create plan with tolerance of: 0.500000"
[component_container_isolated-6] [WARN] [1791029056.620132274] [planner_server]: [compute_path_to_pose] [ActionServer] Aborting handle.
[component_container_isolated-6] [INFO] [1791029056.639632124] [behavior_server]: Running backup
[component_container_isolated-6] [WARN] [1791029056.639702133] [behavior_server]: Collision Ahead - Exiting DriveOnHeading
[component_container_isolated-6] [WARN] [1791029056.639708443] [behavior_server]: backup failed
[component_container_isolated-6] [WARN] [1791029056.639711883] [behavior_server]: [backup] [ActionServer] Aborting handle.
[component_container_isolated-6] [INFO] [1791029056.659482471] [local_costmap.local_costmap]: Received request to clear entirely the local_costmap
[component_container_isolated-6] [INFO] [1791029056.659605510] [global_costmap.global_costmap]: Received request to clear entirely the global_costmap
[component_container_isolated-6] [WARN] [1791029057.620304247] [planner_server]: GridBased plugin failed to plan from (-1.98, -0.49) to (0.75, 1.84): "Failed to create plan with tolerance of: 0.500000"
[component_container_isolated-6] [WARN] [1791029057.620339357] [planner_server]: [compute_path_to_pose] [ActionServer] Aborting handle.
[component_container_isolated-6] [INFO] [1791029057.639620109] [global_costmap.global_costmap]: Received request to clear entirely the global_costmap
[component_container_isolated-6] [WARN] [1791029058.620254200] [planner_server]: GridBased plugin failed to plan from (-1.98, -0.49) to (0.75, 1.84): "Failed to create plan with tolerance of: 0.500000"
[component_container_isolated-6] [WARN] [1791029058.620287230] [planner_server]: [compute_path_to_pose] [ActionServer] Aborting handle.
[component_container_isolated-6] [INFO] [1791029058.639698881] [behavior_server]: Running spin
[component_container_isolated-6] [INFO] [1791029058.639744981] [behavior_server]: Turning 1.57 for spin behavior.
[component_container_isolated-6] [INFO] [1791029058.702543045] [collision_monitor]: Robot to approach for 1.200000 seconds away from collision
[component_container_isolated-6] [WARN] [1791029068.739784126] [behavior_server]: Exceeded time allowance before reaching the Spin goal - Exiting Spin
[component_container_isolated-6] [WARN] [1791029068.739805626] [behavior_server]: spin failed
[component_container_isolated-6] [WARN] [1791029068.739810536] [behavior_server]: [spin] [ActionServer] Aborting handle.
[component_container_isolated-6] [INFO] [1791029068.759534156] [behavior_server]: Running wait
[component_container_isolated-6] [INFO] [1791029069.102449542] [collision_monitor]: Robot to continue normal operation
[component_container_isolated-6] [INFO] [1791029073.759651609] [behavior_server]: wait completed successfully
[component_container_isolated-6] [WARN] [1791029073.780073544] [planner_server]: GridBased plugin failed to plan from (-1.98, -0.49) to (0.75, 1.84): "Failed to create plan with tolerance of: 0.500000"
[component_container_isolated-6] [WARN] [1791029073.780105313] [planner_server]: [compute_path_to_pose] [ActionServer] Aborting handle.
[component_container_isolated-6] [INFO] [1791029073.799605216] [global_costmap.global_costmap]: Received request to clear entirely the global_costmap
[component_container_isolated-6] [WARN] [1791029074.620178882] [planner_server]: GridBased plugin failed to plan from (-1.98, -0.49) to (0.75, 1.84): "Failed to create plan with tolerance of: 0.500000"
[component_container_isolated-6] [WARN] [1791029074.620209282] [planner_server]: [compute_path_to_pose] [ActionServer] Aborting handle.
[component_container_isolated-6] [WARN] [1791029074.649439511] [bt_navigator]: [navigate_to_pose] [ActionServer] Aborting handle.
[component_container_isolated-6] [ERROR] [1791029074.649519880] [bt_navigator]: Goal failed
[fault_injector-11] [INFO] [1791029074.811956898] [fault_injector]: costmap rollback: global: restored 0.009999999776482582; local: restored 0.009999999776482582
[component_container_isolated-6] [INFO] [1791029074.860995798] [global_costmap.global_costmap]: Received request to clear entirely the global_costmap
[component_container_isolated-6] [INFO] [1791029074.911282597] [local_costmap.local_costmap]: Received request to clear entirely the local_costmap
[component_container_isolated-6] [INFO] [1791029077.062422985] [bt_navigator]: Begin navigating from current location (-1.98, -0.49) to (0.75, 1.84)
[component_container_isolated-6] [INFO] [1791029077.082810811] [controller_server]: Received a goal, begin computing control effort.
[component_container_isolated-6] [INFO] [1791029078.132910076] [controller_server]: Passing new path to controller.
[component_container_isolated-6] [INFO] [1791029079.182907860] [controller_server]: Passing new path to controller.
[component_container_isolated-6] [INFO] [1791029080.182908759] [controller_server]: Passing new path to controller.
[component_container_isolated-6] [INFO] [1791029081.232909350] [controller_server]: Passing new path to controller.
[component_container_isolated-6] [INFO] [1791029082.232909094] [controller_server]: Passing new path to controller.
[component_container_isolated-6] [INFO] [1791029083.282873621] [controller_server]: Passing new path to controller.
[component_container_isolated-6] [INFO] [1791029084.282906891] [controller_server]: Passing new path to controller.
[component_container_isolated-6] [INFO] [1791029085.332909043] [controller_server]: Passing new path to controller.
[component_container_isolated-6] [INFO] [1791029086.332911189] [controller_server]: Passing new path to controller.
[component_container_isolated-6] [INFO] [1791029087.382907697] [controller_server]: Passing new path to controller.
[component_container_isolated-6] [INFO] [1791029088.382907638] [controller_server]: Passing new path to controller.
[component_container_isolated-6] [INFO] [1791029089.432906173] [controller_server]: Passing new path to controller.
[component_container_isolated-6] [INFO] [1791029090.432907418] [controller_server]: Passing new path to controller.
[component_container_isolated-6] [INFO] [1791029091.032922088] [controller_server]: Reached the goal!
[component_container_isolated-6] [INFO] [1791029091.033212716] [controller_server]: Optimizer reset
[component_container_isolated-6] [INFO] [1791029091.062602998] [bt_navigator]: Goal succeeded
[component_container_isolated-6] [INFO] [1791029091.531831106] [amcl]: initialPoseReceived
[component_container_isolated-6] [WARN] [1791029091.531877996] [amcl]: Failed to transform initial pose in time (Lookup would require extrapolation into the future.  Requested time 1390.623000 but the latest data is at time 1390.608000, when looking up transform from frame [base_footprint] to frame [odom])
[component_container_isolated-6] [INFO] [1791029091.531883806] [amcl]: Setting pose (1390.623000): -2.000 -0.500 0.000
[episode_reset-9] [INFO] [1791029093.532242582] [episode_reset]: Episode reset to (-2.0, -0.5, 0.0).
[component_container_isolated-6] [INFO] [1791029093.665245481] [bt_navigator]: Begin navigating from current location (-1.97, -0.53) to (0.75, 1.84)
[component_container_isolated-6] [WARN] [1791029093.665808226] [planner_server]: GridBased plugin failed to plan from (-1.97, -0.53) to (0.75, 1.84): "Failed to create plan with tolerance of: 0.500000"
[component_container_isolated-6] [WARN] [1791029093.665831636] [planner_server]: [compute_path_to_pose] [ActionServer] Aborting handle.
[component_container_isolated-6] [INFO] [1791029093.685483651] [global_costmap.global_costmap]: Received request to clear entirely the global_costmap
[component_container_isolated-6] [WARN] [1791029094.616178661] [planner_server]: Planner loop missed its desired rate of 20.0000 Hz. Current loop rate is 1.0753 Hz
[component_container_isolated-6] [INFO] [1791029094.635612427] [controller_server]: Received a goal, begin computing control effort.
[component_container_isolated-6] [INFO] [1791029095.685709030] [controller_server]: Passing new path to controller.
[component_container_isolated-6] [INFO] [1791029096.735712761] [controller_server]: Passing new path to controller.
[component_container_isolated-6] [INFO] [1791029097.735700031] [controller_server]: Passing new path to controller.
[component_container_isolated-6] [INFO] [1791029098.785707177] [controller_server]: Passing new path to controller.
[component_container_isolated-6] [INFO] [1791029099.785708152] [controller_server]: Passing new path to controller.
[component_container_isolated-6] [INFO] [1791029100.835709974] [controller_server]: Passing new path to controller.
[component_container_isolated-6] [INFO] [1791029101.835710023] [controller_server]: Passing new path to controller.
[component_container_isolated-6] [INFO] [1791029102.885712901] [controller_server]: Passing new path to controller.
[component_container_isolated-6] [INFO] [1791029103.885708795] [controller_server]: Passing new path to controller.
[component_container_isolated-6] [INFO] [1791029104.935711639] [controller_server]: Passing new path to controller.
[component_container_isolated-6] [INFO] [1791029105.935712038] [controller_server]: Passing new path to controller.
[component_container_isolated-6] [INFO] [1791029106.985711577] [controller_server]: Passing new path to controller.
[component_container_isolated-6] [INFO] [1791029107.985709060] [controller_server]: Passing new path to controller.
[component_container_isolated-6] [INFO] [1791029108.535724814] [controller_server]: Reached the goal!
[component_container_isolated-6] [INFO] [1791029108.535995752] [controller_server]: Optimizer reset
[component_container_isolated-6] [INFO] [1791029108.565436057] [bt_navigator]: Goal succeeded
[component_container_isolated-6] [INFO] [1791029108.998922591] [amcl]: initialPoseReceived
[component_container_isolated-6] [WARN] [1791029108.998976830] [amcl]: Failed to transform initial pose in time (Lookup would require extrapolation into the future.  Requested time 1407.993000 but the latest data is at time 1407.960000, when looking up transform from frame [base_footprint] to frame [odom])
[component_container_isolated-6] [INFO] [1791029108.998985400] [amcl]: Setting pose (1407.993000): -2.000 -0.500 0.000
[episode_reset-9] [INFO] [1791029110.999277810] [episode_reset]: Episode reset to (-2.0, -0.5, 0.0).
[component_container_isolated-6] [ERROR] [1791029111.082487700] [global_costmap.global_costmap]: The configured inflation radius (0.700) is smaller than the computed inscribed radius (2.212) of your footprint, it is highly recommended to set inflation radius to be at least as big as the inscribed radius to avoid collisions
[component_container_isolated-6] [ERROR] [1791029111.183029255] [local_costmap.local_costmap]: The configured inflation radius (0.700) is smaller than the computed inscribed radius (2.212) of your footprint, it is highly recommended to set inflation radius to be at least as big as the inscribed radius to avoid collisions
[fault_injector-11] [INFO] [1791029111.233487517] [fault_injector]: costmap inject: global: footprint_padding=0.009999999776482582 -> footprint_padding=2.0 (); local: footprint_padding=0.009999999776482582 -> footprint_padding=2.0 ()
[component_container_isolated-6] [INFO] [1791029114.537424083] [bt_navigator]: Begin navigating from current location (-1.99, -0.51) to (0.75, 1.84)
[component_container_isolated-6] [WARN] [1791029114.538004878] [planner_server]: GridBased plugin failed to plan from (-1.99, -0.51) to (0.75, 1.84): "Failed to create plan with tolerance of: 0.500000"
[component_container_isolated-6] [WARN] [1791029114.538032288] [planner_server]: [compute_path_to_pose] [ActionServer] Aborting handle.
[component_container_isolated-6] [INFO] [1791029114.557708495] [global_costmap.global_costmap]: Received request to clear entirely the global_costmap
[component_container_isolated-6] [WARN] [1791029114.618201045] [planner_server]: GridBased plugin failed to plan from (-1.99, -0.51) to (0.75, 1.84): "Failed to create plan with tolerance of: 0.500000"
[component_container_isolated-6] [WARN] [1791029114.618231594] [planner_server]: [compute_path_to_pose] [ActionServer] Aborting handle.
[component_container_isolated-6] [INFO] [1791029114.637727023] [local_costmap.local_costmap]: Received request to clear entirely the local_costmap
[component_container_isolated-6] [INFO] [1791029114.637856302] [global_costmap.global_costmap]: Received request to clear entirely the global_costmap
[component_container_isolated-6] [WARN] [1791029115.618505090] [planner_server]: GridBased plugin failed to plan from (-1.99, -0.51) to (0.75, 1.84): "Failed to create plan with tolerance of: 0.500000"
[component_container_isolated-6] [WARN] [1791029115.618533019] [planner_server]: [compute_path_to_pose] [ActionServer] Aborting handle.
[component_container_isolated-6] [INFO] [1791029115.637715371] [global_costmap.global_costmap]: Received request to clear entirely the global_costmap
[component_container_isolated-6] [WARN] [1791029116.618191377] [planner_server]: GridBased plugin failed to plan from (-1.99, -0.51) to (0.75, 1.84): "Failed to create plan with tolerance of: 0.500000"
[component_container_isolated-6] [WARN] [1791029116.618217687] [planner_server]: [compute_path_to_pose] [ActionServer] Aborting handle.
[component_container_isolated-6] [INFO] [1791029116.637851764] [behavior_server]: Running spin
[component_container_isolated-6] [INFO] [1791029116.637888804] [behavior_server]: Turning 1.57 for spin behavior.
[component_container_isolated-6] [INFO] [1791029116.712576517] [collision_monitor]: Robot to approach for 1.200000 seconds away from collision
[component_container_isolated-6] [WARN] [1791029126.737973705] [behavior_server]: Exceeded time allowance before reaching the Spin goal - Exiting Spin
[component_container_isolated-6] [WARN] [1791029126.737996475] [behavior_server]: spin failed
[component_container_isolated-6] [WARN] [1791029126.738003305] [behavior_server]: [spin] [ActionServer] Aborting handle.
[component_container_isolated-6] [INFO] [1791029126.757602624] [behavior_server]: Running wait
[component_container_isolated-6] [INFO] [1791029127.082407924] [collision_monitor]: Robot to continue normal operation
[component_container_isolated-6] [INFO] [1791029131.757711492] [behavior_server]: wait completed successfully
[component_container_isolated-6] [WARN] [1791029131.778071326] [planner_server]: GridBased plugin failed to plan from (-1.99, -0.51) to (0.75, 1.84): "Failed to create plan with tolerance of: 0.500000"
[component_container_isolated-6] [WARN] [1791029131.778096406] [planner_server]: [compute_path_to_pose] [ActionServer] Aborting handle.
[component_container_isolated-6] [INFO] [1791029131.797693606] [global_costmap.global_costmap]: Received request to clear entirely the global_costmap
[component_container_isolated-6] [WARN] [1791029132.618216956] [planner_server]: GridBased plugin failed to plan from (-1.99, -0.51) to (0.75, 1.84): "Failed to create plan with tolerance of: 0.500000"
[component_container_isolated-6] [WARN] [1791029132.618244966] [planner_server]: [compute_path_to_pose] [ActionServer] Aborting handle.
[component_container_isolated-6] [INFO] [1791029132.637781286] [behavior_server]: Running backup
[component_container_isolated-6] [WARN] [1791029132.637850396] [behavior_server]: Collision Ahead - Exiting DriveOnHeading
[component_container_isolated-6] [WARN] [1791029132.637857376] [behavior_server]: backup failed
[component_container_isolated-6] [WARN] [1791029132.637861916] [behavior_server]: [backup] [ActionServer] Aborting handle.
[component_container_isolated-6] [INFO] [1791029132.657595425] [local_costmap.local_costmap]: Received request to clear entirely the local_costmap
[component_container_isolated-6] [INFO] [1791029132.657726734] [global_costmap.global_costmap]: Received request to clear entirely the global_costmap
[component_container_isolated-6] [WARN] [1791029133.618500286] [planner_server]: GridBased plugin failed to plan from (-1.99, -0.51) to (0.75, 1.84): "Failed to create plan with tolerance of: 0.500000"
[component_container_isolated-6] [WARN] [1791029133.618531125] [planner_server]: [compute_path_to_pose] [ActionServer] Aborting handle.
[component_container_isolated-6] [INFO] [1791029133.637705369] [global_costmap.global_costmap]: Received request to clear entirely the global_costmap
[component_container_isolated-6] [WARN] [1791029134.618254847] [planner_server]: GridBased plugin failed to plan from (-1.99, -0.51) to (0.75, 1.84): "Failed to create plan with tolerance of: 0.500000"
[component_container_isolated-6] [WARN] [1791029134.618284746] [planner_server]: [compute_path_to_pose] [ActionServer] Aborting handle.
[component_container_isolated-6] [INFO] [1791029134.637792088] [behavior_server]: Running spin
[component_container_isolated-6] [INFO] [1791029134.637830117] [behavior_server]: Turning 1.57 for spin behavior.
[component_container_isolated-6] [INFO] [1791029134.712596079] [collision_monitor]: Robot to approach for 1.200000 seconds away from collision
[component_container_isolated-6] [WARN] [1791029144.737916862] [behavior_server]: Exceeded time allowance before reaching the Spin goal - Exiting Spin
[component_container_isolated-6] [WARN] [1791029144.737938372] [behavior_server]: spin failed
[component_container_isolated-6] [WARN] [1791029144.737944401] [behavior_server]: [spin] [ActionServer] Aborting handle.
[component_container_isolated-6] [INFO] [1791029144.757639413] [behavior_server]: Running wait
[component_container_isolated-6] [INFO] [1791029145.082402242] [collision_monitor]: Robot to continue normal operation
[component_container_isolated-6] [INFO] [1791029149.757743177] [behavior_server]: wait completed successfully
[component_container_isolated-6] [WARN] [1791029149.778079263] [planner_server]: GridBased plugin failed to plan from (-1.99, -0.51) to (0.75, 1.84): "Failed to create plan with tolerance of: 0.500000"
[component_container_isolated-6] [WARN] [1791029149.778105563] [planner_server]: [compute_path_to_pose] [ActionServer] Aborting handle.
[component_container_isolated-6] [INFO] [1791029149.797709946] [global_costmap.global_costmap]: Received request to clear entirely the global_costmap
[component_container_isolated-6] [WARN] [1791029150.618305274] [planner_server]: GridBased plugin failed to plan from (-1.99, -0.51) to (0.75, 1.84): "Failed to create plan with tolerance of: 0.500000"
[component_container_isolated-6] [WARN] [1791029150.618334963] [planner_server]: [compute_path_to_pose] [ActionServer] Aborting handle.
[component_container_isolated-6] [INFO] [1791029150.637768667] [behavior_server]: Running backup
[component_container_isolated-6] [WARN] [1791029150.637848607] [behavior_server]: Collision Ahead - Exiting DriveOnHeading
[component_container_isolated-6] [WARN] [1791029150.637859507] [behavior_server]: backup failed
[component_container_isolated-6] [WARN] [1791029150.637864307] [behavior_server]: [backup] [ActionServer] Aborting handle.
[component_container_isolated-6] [INFO] [1791029150.657613358] [local_costmap.local_costmap]: Received request to clear entirely the local_costmap
[component_container_isolated-6] [INFO] [1791029150.657762737] [global_costmap.global_costmap]: Received request to clear entirely the global_costmap
[component_container_isolated-6] [WARN] [1791029151.618533614] [planner_server]: GridBased plugin failed to plan from (-1.99, -0.51) to (0.75, 1.84): "Failed to create plan with tolerance of: 0.500000"
[component_container_isolated-6] [WARN] [1791029151.618564694] [planner_server]: [compute_path_to_pose] [ActionServer] Aborting handle.
[component_container_isolated-6] [INFO] [1791029151.637701581] [global_costmap.global_costmap]: Received request to clear entirely the global_costmap
[component_container_isolated-6] [WARN] [1791029152.618236806] [planner_server]: GridBased plugin failed to plan from (-1.99, -0.51) to (0.75, 1.84): "Failed to create plan with tolerance of: 0.500000"
[component_container_isolated-6] [WARN] [1791029152.618266126] [planner_server]: [compute_path_to_pose] [ActionServer] Aborting handle.
[component_container_isolated-6] [INFO] [1791029152.637804549] [behavior_server]: Running spin
[component_container_isolated-6] [INFO] [1791029152.637845059] [behavior_server]: Turning 1.57 for spin behavior.
[component_container_isolated-6] [INFO] [1791029152.712570099] [collision_monitor]: Robot to approach for 1.200000 seconds away from collision
[component_container_isolated-6] [WARN] [1791029162.737925693] [behavior_server]: Exceeded time allowance before reaching the Spin goal - Exiting Spin
[component_container_isolated-6] [WARN] [1791029162.737947893] [behavior_server]: spin failed
[component_container_isolated-6] [WARN] [1791029162.737953793] [behavior_server]: [spin] [ActionServer] Aborting handle.
[component_container_isolated-6] [INFO] [1791029162.757656386] [behavior_server]: Running wait
[component_container_isolated-6] [INFO] [1791029163.082427354] [collision_monitor]: Robot to continue normal operation
[component_container_isolated-6] [INFO] [1791029167.757766006] [behavior_server]: wait completed successfully
[component_container_isolated-6] [WARN] [1791029167.778062485] [planner_server]: GridBased plugin failed to plan from (-1.99, -0.51) to (0.75, 1.84): "Failed to create plan with tolerance of: 0.500000"
[component_container_isolated-6] [WARN] [1791029167.778088175] [planner_server]: [compute_path_to_pose] [ActionServer] Aborting handle.
[component_container_isolated-6] [INFO] [1791029167.797710679] [global_costmap.global_costmap]: Received request to clear entirely the global_costmap
[component_container_isolated-6] [WARN] [1791029168.618420922] [planner_server]: GridBased plugin failed to plan from (-1.99, -0.51) to (0.75, 1.84): "Failed to create plan with tolerance of: 0.500000"
[component_container_isolated-6] [WARN] [1791029168.618453342] [planner_server]: [compute_path_to_pose] [ActionServer] Aborting handle.
[component_container_isolated-6] [WARN] [1791029168.647536251] [bt_navigator]: [navigate_to_pose] [ActionServer] Aborting handle.
[component_container_isolated-6] [ERROR] [1791029168.647618231] [bt_navigator]: Goal failed
[fault_injector-11] [INFO] [1791029168.819343492] [fault_injector]: costmap rollback: global: restored 0.009999999776482582; local: restored 0.009999999776482582
[component_container_isolated-6] [INFO] [1791029168.868496023] [global_costmap.global_costmap]: Received request to clear entirely the global_costmap
[component_container_isolated-6] [INFO] [1791029168.918757605] [local_costmap.local_costmap]: Received request to clear entirely the local_costmap
[component_container_isolated-6] [INFO] [1791029171.069931278] [bt_navigator]: Begin navigating from current location (-1.99, -0.51) to (0.75, 1.84)
[component_container_isolated-6] [INFO] [1791029171.090284557] [controller_server]: Received a goal, begin computing control effort.
[component_container_isolated-6] [INFO] [1791029172.140344187] [controller_server]: Passing new path to controller.
[component_container_isolated-6] [INFO] [1791029173.190344373] [controller_server]: Passing new path to controller.
[component_container_isolated-6] [INFO] [1791029174.190345911] [controller_server]: Passing new path to controller.
[component_container_isolated-6] [INFO] [1791029175.240382971] [controller_server]: Passing new path to controller.
[component_container_isolated-6] [INFO] [1791029176.240339382] [controller_server]: Passing new path to controller.
[component_container_isolated-6] [INFO] [1791029177.290378725] [controller_server]: Passing new path to controller.
[component_container_isolated-6] [INFO] [1791029178.290381969] [controller_server]: Passing new path to controller.
[component_container_isolated-6] [INFO] [1791029179.340379836] [controller_server]: Passing new path to controller.
[component_container_isolated-6] [INFO] [1791029180.340382092] [controller_server]: Passing new path to controller.
[component_container_isolated-6] [INFO] [1791029181.390388182] [controller_server]: Passing new path to controller.
[component_container_isolated-6] [INFO] [1791029182.390380171] [controller_server]: Passing new path to controller.
[component_container_isolated-6] [INFO] [1791029183.440380775] [controller_server]: Passing new path to controller.
[component_container_isolated-6] [INFO] [1791029184.440381896] [controller_server]: Passing new path to controller.
[component_container_isolated-6] [INFO] [1791029185.490385293] [controller_server]: Passing new path to controller.
[component_container_isolated-6] [INFO] [1791029185.890402100] [controller_server]: Reached the goal!
[component_container_isolated-6] [INFO] [1791029185.890644958] [controller_server]: Optimizer reset
[component_container_isolated-6] [INFO] [1791029185.920112968] [bt_navigator]: Goal succeeded
[component_container_isolated-6] [INFO] [1791029189.608131319] [amcl]: initialPoseReceived
[component_container_isolated-6] [WARN] [1791029189.608189059] [amcl]: Failed to transform initial pose in time (Lookup would require extrapolation into the future.  Requested time 1488.507000 but the latest data is at time 1488.492000, when looking up transform from frame [base_footprint] to frame [odom])
[component_container_isolated-6] [INFO] [1791029189.608197019] [amcl]: Setting pose (1488.507000): -2.000 -0.500 0.000
[episode_reset-9] [INFO] [1791029191.608516691] [episode_reset]: Episode reset to (-2.0, -0.5, 0.0).
[component_container_isolated-6] [INFO] [1791029191.740979771] [bt_navigator]: Begin navigating from current location (-1.97, -0.48) to (0.75, 1.84)
[component_container_isolated-6] [INFO] [1791029191.761334883] [controller_server]: Received a goal, begin computing control effort.
[component_container_isolated-6] [INFO] [1791029192.811430236] [controller_server]: Passing new path to controller.
[component_container_isolated-6] [INFO] [1791029193.861391377] [controller_server]: Passing new path to controller.
[component_container_isolated-6] [INFO] [1791029194.861430491] [controller_server]: Passing new path to controller.
[component_container_isolated-6] [INFO] [1791029195.911432525] [controller_server]: Passing new path to controller.
[component_container_isolated-6] [INFO] [1791029196.911428922] [controller_server]: Passing new path to controller.
[component_container_isolated-6] [INFO] [1791029197.961430689] [controller_server]: Passing new path to controller.
[component_container_isolated-6] [INFO] [1791029198.961431108] [controller_server]: Passing new path to controller.
[component_container_isolated-6] [INFO] [1791029200.011431018] [controller_server]: Passing new path to controller.
[component_container_isolated-6] [INFO] [1791029201.011429859] [controller_server]: Passing new path to controller.
[component_container_isolated-6] [INFO] [1791029202.061431242] [controller_server]: Passing new path to controller.
[component_container_isolated-6] [INFO] [1791029203.061429886] [controller_server]: Passing new path to controller.
[component_container_isolated-6] [INFO] [1791029204.111429111] [controller_server]: Passing new path to controller.
[component_container_isolated-6] [INFO] [1791029205.111432517] [controller_server]: Passing new path to controller.
[component_container_isolated-6] [WARN] [1791029206.101661424] [planner_server]: GridBased plugin failed to plan from (-1.28, 1.26) to (0.75, 1.84): "Failed to create plan with tolerance of: 0.500000"
[component_container_isolated-6] [WARN] [1791029206.101695824] [planner_server]: [compute_path_to_pose] [ActionServer] Aborting handle.
[component_container_isolated-6] [INFO] [1791029206.121231254] [global_costmap.global_costmap]: Received request to clear entirely the global_costmap
[component_container_isolated-6] [WARN] [1791029206.611799175] [planner_server]: GridBased plugin failed to plan from (-1.14, 1.38) to (0.75, 1.84): "Failed to create plan with tolerance of: 0.500000"
[component_container_isolated-6] [WARN] [1791029206.611831155] [planner_server]: [compute_path_to_pose] [ActionServer] Aborting handle.
[component_container_isolated-6] [ERROR] [1791029206.641494857] [bt_navigator_navigate_to_pose_rclcpp_node]: Failed to get result for follow_path in node halt!
[component_container_isolated-6] [INFO] [1791029206.641599676] [local_costmap.local_costmap]: Received request to clear entirely the local_costmap
[component_container_isolated-6] [INFO] [1791029206.641722705] [global_costmap.global_costmap]: Received request to clear entirely the global_costmap
[component_container_isolated-6] [INFO] [1791029206.661431344] [controller_server]: Cancellation was successful. Stopping the robot.
[component_container_isolated-6] [INFO] [1791029206.661449784] [controller_server]: [follow_path] [ActionServer] Client requested to cancel the goal. Cancelling.
[component_container_isolated-6] [INFO] [1791029206.661793941] [controller_server]: Optimizer reset
[component_container_isolated-6] [WARN] [1791029207.612377672] [planner_server]: Planner loop missed its desired rate of 20.0000 Hz. Current loop rate is 1.0320 Hz
[component_container_isolated-6] [INFO] [1791029207.612625330] [controller_server]: Received a goal, begin computing control effort.
[component_container_isolated-6] [INFO] [1791029208.662728802] [controller_server]: Passing new path to controller.
[component_container_isolated-6] [INFO] [1791029209.662725386] [controller_server]: Passing new path to controller.
[component_container_isolated-6] [INFO] [1791029210.712728901] [controller_server]: Passing new path to controller.
[component_container_isolated-6] [INFO] [1791029211.712727886] [controller_server]: Passing new path to controller.
[component_container_isolated-6] [INFO] [1791029212.762727995] [controller_server]: Passing new path to controller.
[component_container_isolated-6] [INFO] [1791029213.762727672] [controller_server]: Passing new path to controller.
[component_container_isolated-6] [INFO] [1791029213.912746125] [controller_server]: Reached the goal!
[component_container_isolated-6] [INFO] [1791029213.913666168] [controller_server]: Optimizer reset
[component_container_isolated-6] [INFO] [1791029213.942426029] [bt_navigator]: Goal succeeded
[component_container_isolated-6] [INFO] [1791029214.425088303] [amcl]: initialPoseReceived
[component_container_isolated-6] [WARN] [1791029214.425135222] [amcl]: Failed to transform initial pose in time (Lookup would require extrapolation into the future.  Requested time 1513.227000 but the latest data is at time 1513.224000, when looking up transform from frame [base_footprint] to frame [odom])
[component_container_isolated-6] [INFO] [1791029214.425146112] [amcl]: Setting pose (1513.227000): -2.000 -0.500 0.000
[episode_reset-9] [INFO] [1791029216.425428409] [episode_reset]: Episode reset to (-2.0, -0.5, 0.0).
[component_container_isolated-6] [WARN] [1791029216.508258057] [controller_server]: Parameter min_x_velocity_threshold not found
[component_container_isolated-6] [INFO] [1791029216.509615237] [controller_server]: Optimizer reset
[fault_injector-11] [INFO] [1791029216.608966510] [fault_injector]: control inject: min_x_velocity_threshold: min_x_velocity_threshold=0.001 -> min_x_velocity_threshold=10.0
[component_container_isolated-6] [INFO] [1791029219.913014622] [bt_navigator]: Begin navigating from current location (-1.96, -0.51) to (0.75, 1.84)
[component_container_isolated-6] [INFO] [1791029219.933388287] [controller_server]: Received a goal, begin computing control effort.
[component_container_isolated-6] [INFO] [1791029220.983480434] [controller_server]: Passing new path to controller.
[component_container_isolated-6] [INFO] [1791029222.033485739] [controller_server]: Passing new path to controller.
[component_container_isolated-6] [INFO] [1791029223.033482629] [controller_server]: Passing new path to controller.
[component_container_isolated-6] [INFO] [1791029224.083483637] [controller_server]: Passing new path to controller.
[component_container_isolated-6] [INFO] [1791029225.083480599] [controller_server]: Passing new path to controller.
[component_container_isolated-6] [INFO] [1791029226.133480788] [controller_server]: Passing new path to controller.
[component_container_isolated-6] [INFO] [1791029227.133484122] [controller_server]: Passing new path to controller.
[component_container_isolated-6] [INFO] [1791029228.183481194] [controller_server]: Passing new path to controller.
[component_container_isolated-6] [INFO] [1791029229.183442099] [controller_server]: Passing new path to controller.
[component_container_isolated-6] [INFO] [1791029230.233484392] [controller_server]: Passing new path to controller.
[component_container_isolated-6] [INFO] [1791029231.233483209] [controller_server]: Passing new path to controller.
[component_container_isolated-6] [INFO] [1791029232.283480695] [controller_server]: Passing new path to controller.
[component_container_isolated-6] [INFO] [1791029233.283480344] [controller_server]: Passing new path to controller.
[component_container_isolated-6] [INFO] [1791029234.333480132] [controller_server]: Passing new path to controller.
[component_container_isolated-6] [ERROR] [1791029234.533526887] [controller_server]: Failed to make progress
[component_container_isolated-6] [INFO] [1791029234.534519769] [controller_server]: Optimizer reset
[component_container_isolated-6] [WARN] [1791029234.534536499] [controller_server]: [follow_path] [ActionServer] Aborting handle.
[component_container_isolated-6] [INFO] [1791029234.553290168] [local_costmap.local_costmap]: Received request to clear entirely the local_costmap
[component_container_isolated-6] [INFO] [1791029234.553478907] [controller_server]: Received a goal, begin computing control effort.
[component_container_isolated-6] [WARN] [1791029234.606895415] [controller_server]: Control loop missed its desired rate of 20.0000 Hz. Current loop rate is 18.5185 Hz.
[component_container_isolated-6] [INFO] [1791029235.356991085] [controller_server]: Passing new path to controller.
[component_container_isolated-6] [INFO] [1791029236.356985860] [controller_server]: Passing new path to controller.
[component_container_isolated-6] [INFO] [1791029237.406987466] [controller_server]: Passing new path to controller.
[component_container_isolated-6] [INFO] [1791029238.406983793] [controller_server]: Passing new path to controller.
[component_container_isolated-6] [INFO] [1791029239.456944951] [controller_server]: Passing new path to controller.
[component_container_isolated-6] [INFO] [1791029240.456981089] [controller_server]: Passing new path to controller.
[component_container_isolated-6] [INFO] [1791029241.506983768] [controller_server]: Passing new path to controller.
[component_container_isolated-6] [INFO] [1791029242.506986058] [controller_server]: Passing new path to controller.
[component_container_isolated-6] [INFO] [1791029243.556986769] [controller_server]: Passing new path to controller.
[component_container_isolated-6] [INFO] [1791029244.556980210] [controller_server]: Passing new path to controller.
[component_container_isolated-6] [INFO] [1791029245.606980793] [controller_server]: Passing new path to controller.
[component_container_isolated-6] [INFO] [1791029246.606983005] [controller_server]: Passing new path to controller.
[component_container_isolated-6] [INFO] [1791029247.656984430] [controller_server]: Passing new path to controller.
[component_container_isolated-6] [INFO] [1791029248.656980593] [controller_server]: Passing new path to controller.
[component_container_isolated-6] [INFO] [1791029249.706981900] [controller_server]: Passing new path to controller.
[component_container_isolated-6] [INFO] [1791029250.706979864] [controller_server]: Passing new path to controller.
[component_container_isolated-6] [INFO] [1791029251.756980522] [controller_server]: Passing new path to controller.
[component_container_isolated-6] [INFO] [1791029252.756983658] [controller_server]: Passing new path to controller.
[component_container_isolated-6] [INFO] [1791029253.806982237] [controller_server]: Passing new path to controller.
[component_container_isolated-6] [INFO] [1791029254.806982234] [controller_server]: Passing new path to controller.
[component_container_isolated-6] [INFO] [1791029255.856985615] [controller_server]: Passing new path to controller.
[component_container_isolated-6] [INFO] [1791029256.856983983] [controller_server]: Passing new path to controller.
[component_container_isolated-6] [INFO] [1791029257.906981145] [controller_server]: Passing new path to controller.
[component_container_isolated-6] [INFO] [1791029258.906980354] [controller_server]: Passing new path to controller.
[component_container_isolated-6] [INFO] [1791029259.906979538] [controller_server]: Passing new path to controller.
[component_container_isolated-6] [INFO] [1791029260.956988847] [controller_server]: Passing new path to controller.
[component_container_isolated-6] [INFO] [1791029262.006982443] [controller_server]: Passing new path to controller.
[component_container_isolated-6] [INFO] [1791029263.006980303] [controller_server]: Passing new path to controller.
[component_container_isolated-6] [INFO] [1791029264.056981551] [controller_server]: Passing new path to controller.
[component_container_isolated-6] [INFO] [1791029265.056984182] [controller_server]: Passing new path to controller.
[component_container_isolated-6] [INFO] [1791029266.106979890] [controller_server]: Passing new path to controller.
[component_container_isolated-6] [INFO] [1791029267.056997739] [controller_server]: Reached the goal!
[component_container_isolated-6] [INFO] [1791029267.057263477] [controller_server]: Optimizer reset
[component_container_isolated-6] [INFO] [1791029267.073539607] [planner_server]: Goal was canceled. Canceling planning action.
[component_container_isolated-6] [INFO] [1791029267.073561857] [planner_server]: [compute_path_to_pose] [ActionServer] Client requested to cancel the goal. Cancelling.
[component_container_isolated-6] [INFO] [1791029267.083198696] [bt_navigator]: Goal succeeded
[component_container_isolated-6] [WARN] [1791029267.098365305] [controller_server]: Parameter min_x_velocity_threshold not found
[component_container_isolated-6] [INFO] [1791029267.099713845] [controller_server]: Optimizer reset
[fault_injector-11] [INFO] [1791029267.199084145] [fault_injector]: control rollback: min_x_velocity_threshold: restored min_x_velocity_threshold=0.001
[component_container_isolated-6] [INFO] [1791029267.248324514] [global_costmap.global_costmap]: Received request to clear entirely the global_costmap
[component_container_isolated-6] [INFO] [1791029267.298605885] [local_costmap.local_costmap]: Received request to clear entirely the local_costmap
[component_container_isolated-6] [INFO] [1791029269.449738304] [bt_navigator]: Begin navigating from current location (0.60, 1.63) to (0.75, 1.84)
[component_container_isolated-6] [INFO] [1791029269.470092135] [controller_server]: Received a goal, begin computing control effort.
[component_container_isolated-6] [INFO] [1791029269.720185211] [controller_server]: Reached the goal!
[component_container_isolated-6] [INFO] [1791029269.721148594] [controller_server]: Optimizer reset
[component_container_isolated-6] [INFO] [1791029269.749938063] [bt_navigator]: Goal succeeded
[component_container_isolated-6] [INFO] [1791029270.220381243] [amcl]: initialPoseReceived
[component_container_isolated-6] [WARN] [1791029270.220434752] [amcl]: Failed to transform initial pose in time (Lookup would require extrapolation into the future.  Requested time 1568.925000 but the latest data is at time 1568.916000, when looking up transform from frame [base_footprint] to frame [odom])
[component_container_isolated-6] [INFO] [1791029270.220442922] [amcl]: Setting pose (1568.925000): -2.000 -0.500 0.000
[episode_reset-9] [INFO] [1791029272.220731849] [episode_reset]: Episode reset to (-2.0, -0.5, 0.0).
[component_container_isolated-6] [INFO] [1791029272.354493860] [bt_navigator]: Begin navigating from current location (-1.98, -0.48) to (0.75, 1.84)
[component_container_isolated-6] [INFO] [1791029272.374877791] [controller_server]: Received a goal, begin computing control effort.
[component_container_isolated-6] [INFO] [1791029273.424927719] [controller_server]: Passing new path to controller.
[component_container_isolated-6] [INFO] [1791029274.474973613] [controller_server]: Passing new path to controller.
[component_container_isolated-6] [INFO] [1791029275.474972349] [controller_server]: Passing new path to controller.
[component_container_isolated-6] [INFO] [1791029276.524975664] [controller_server]: Passing new path to controller.
[component_container_isolated-6] [INFO] [1791029277.524975160] [controller_server]: Passing new path to controller.
[component_container_isolated-6] [INFO] [1791029278.574974266] [controller_server]: Passing new path to controller.
[component_container_isolated-6] [INFO] [1791029279.574977803] [controller_server]: Passing new path to controller.
[component_container_isolated-6] [INFO] [1791029280.624974290] [controller_server]: Passing new path to controller.
[component_container_isolated-6] [INFO] [1791029281.624974457] [controller_server]: Passing new path to controller.
[component_container_isolated-6] [INFO] [1791029282.674976745] [controller_server]: Passing new path to controller.
[component_container_isolated-6] [INFO] [1791029283.674973582] [controller_server]: Passing new path to controller.
[component_container_isolated-6] [INFO] [1791029284.724978462] [controller_server]: Passing new path to controller.
[component_container_isolated-6] [INFO] [1791029285.724976309] [controller_server]: Passing new path to controller.
[component_container_isolated-6] [INFO] [1791029286.474990413] [controller_server]: Reached the goal!
[component_container_isolated-6] [INFO] [1791029286.475671398] [controller_server]: Optimizer reset
[component_container_isolated-6] [INFO] [1791029286.504683538] [bt_navigator]: Goal succeeded
[component_container_isolated-6] [INFO] [1791029286.963529263] [amcl]: initialPoseReceived
[component_container_isolated-6] [WARN] [1791029286.963577993] [amcl]: Failed to transform initial pose in time (Lookup would require extrapolation into the future.  Requested time 1585.572000 but the latest data is at time 1585.548000, when looking up transform from frame [base_footprint] to frame [odom])
[component_container_isolated-6] [INFO] [1791029286.963584362] [amcl]: Setting pose (1585.572000): -2.000 -0.500 0.000
[episode_reset-9] [INFO] [1791029288.964020862] [episode_reset]: Episode reset to (-2.0, -0.5, 0.0).
[component_container_isolated-6] [WARN] [1791029289.048230363] [controller_server]: Parameter min_x_velocity_threshold not found
[component_container_isolated-6] [INFO] [1791029289.049562583] [controller_server]: Optimizer reset
[fault_injector-11] [INFO] [1791029289.148928285] [fault_injector]: control inject: min_x_velocity_threshold: min_x_velocity_threshold=0.001 -> min_x_velocity_threshold=10.0
[component_container_isolated-6] [INFO] [1791029292.453256623] [bt_navigator]: Begin navigating from current location (-1.97, -0.52) to (0.75, 1.84)
[component_container_isolated-6] [WARN] [1791029292.453849689] [planner_server]: GridBased plugin failed to plan from (-1.97, -0.52) to (0.75, 1.84): "Failed to create plan with tolerance of: 0.500000"
[component_container_isolated-6] [WARN] [1791029292.453874068] [planner_server]: [compute_path_to_pose] [ActionServer] Aborting handle.
[component_container_isolated-6] [INFO] [1791029292.473560136] [global_costmap.global_costmap]: Received request to clear entirely the global_costmap
[component_container_isolated-6] [WARN] [1791029292.614233111] [planner_server]: Planner loop missed its desired rate of 20.0000 Hz. Current loop rate is 7.2464 Hz
[component_container_isolated-6] [INFO] [1791029292.633634631] [controller_server]: Received a goal, begin computing control effort.
[component_container_isolated-6] [INFO] [1791029293.683733057] [controller_server]: Passing new path to controller.
[component_container_isolated-6] [INFO] [1791029294.733734899] [controller_server]: Passing new path to controller.
[component_container_isolated-6] [INFO] [1791029295.733734227] [controller_server]: Passing new path to controller.
[component_container_isolated-6] [INFO] [1791029296.783733929] [controller_server]: Passing new path to controller.
[component_container_isolated-6] [INFO] [1791029297.783731597] [controller_server]: Passing new path to controller.
[component_container_isolated-6] [INFO] [1791029298.833731330] [controller_server]: Passing new path to controller.
[component_container_isolated-6] [INFO] [1791029299.833732158] [controller_server]: Passing new path to controller.
[component_container_isolated-6] [INFO] [1791029300.883734502] [controller_server]: Passing new path to controller.
[component_container_isolated-6] [INFO] [1791029301.883733560] [controller_server]: Passing new path to controller.
[component_container_isolated-6] [INFO] [1791029302.933733074] [controller_server]: Passing new path to controller.
[component_container_isolated-6] [INFO] [1791029303.933733022] [controller_server]: Passing new path to controller.
[component_container_isolated-6] [INFO] [1791029304.983730877] [controller_server]: Passing new path to controller.
[component_container_isolated-6] [INFO] [1791029305.983733725] [controller_server]: Passing new path to controller.
[component_container_isolated-6] [INFO] [1791029307.033735601] [controller_server]: Passing new path to controller.
[component_container_isolated-6] [WARN] [1791029307.994091191] [planner_server]: GridBased plugin failed to plan from (-1.28, 1.37) to (0.75, 1.84): "Failed to create plan with tolerance of: 0.500000"
[component_container_isolated-6] [WARN] [1791029307.994124981] [planner_server]: [compute_path_to_pose] [ActionServer] Aborting handle.
[component_container_isolated-6] [INFO] [1791029308.013540492] [global_costmap.global_costmap]: Received request to clear entirely the global_costmap
[component_container_isolated-6] [WARN] [1791029308.614081746] [planner_server]: Planner loop missed its desired rate of 20.0000 Hz. Current loop rate is 1.6667 Hz
[component_container_isolated-6] [INFO] [1791029308.633685456] [controller_server]: Passing new path to controller.
[component_container_isolated-6] [INFO] [1791029309.683742635] [controller_server]: Passing new path to controller.
[component_container_isolated-6] [INFO] [1791029310.733734459] [controller_server]: Passing new path to controller.
[component_container_isolated-6] [INFO] [1791029311.733733384] [controller_server]: Passing new path to controller.
[component_container_isolated-6] [INFO] [1791029312.783731339] [controller_server]: Passing new path to controller.
[component_container_isolated-6] [INFO] [1791029313.783730944] [controller_server]: Passing new path to controller.
[component_container_isolated-6] [INFO] [1791029314.833734089] [controller_server]: Passing new path to controller.
[component_container_isolated-6] [INFO] [1791029315.833732804] [controller_server]: Passing new path to controller.
[component_container_isolated-6] [INFO] [1791029316.883732839] [controller_server]: Passing new path to controller.
[component_container_isolated-6] [INFO] [1791029317.883733554] [controller_server]: Passing new path to controller.
[component_container_isolated-6] [INFO] [1791029318.933733260] [controller_server]: Passing new path to controller.
[component_container_isolated-6] [INFO] [1791029319.933730904] [controller_server]: Passing new path to controller.
[component_container_isolated-6] [INFO] [1791029320.983737970] [controller_server]: Passing new path to controller.
[component_container_isolated-6] [INFO] [1791029321.433750935] [controller_server]: Reached the goal!
[component_container_isolated-6] [INFO] [1791029321.434861878] [controller_server]: Optimizer reset
[component_container_isolated-6] [INFO] [1791029321.463445175] [bt_navigator]: Goal succeeded
[component_container_isolated-6] [WARN] [1791029321.465819229] [controller_server]: Parameter min_x_velocity_threshold not found
[component_container_isolated-6] [INFO] [1791029321.467351008] [controller_server]: Optimizer reset
[fault_injector-11] [INFO] [1791029321.566579056] [fault_injector]: control rollback: min_x_velocity_threshold: restored min_x_velocity_threshold=0.001
[component_container_isolated-6] [INFO] [1791029321.615756858] [global_costmap.global_costmap]: Received request to clear entirely the global_costmap
[component_container_isolated-6] [INFO] [1791029321.666045262] [local_costmap.local_costmap]: Received request to clear entirely the local_costmap
[component_container_isolated-6] [INFO] [1791029323.817253363] [bt_navigator]: Begin navigating from current location (0.61, 1.84) to (0.75, 1.84)
[component_container_isolated-6] [INFO] [1791029323.837589090] [controller_server]: Received a goal, begin computing control effort.
[component_container_isolated-6] [INFO] [1791029323.837636699] [controller_server]: Reached the goal!
[component_container_isolated-6] [INFO] [1791029323.838973450] [controller_server]: Optimizer reset
[component_container_isolated-6] [INFO] [1791029323.867429239] [bt_navigator]: Goal succeeded
[component_container_isolated-6] [INFO] [1791029324.388802517] [amcl]: initialPoseReceived
[component_container_isolated-6] [WARN] [1791029324.388849736] [amcl]: Failed to transform initial pose in time (Lookup would require extrapolation into the future.  Requested time 1622.901000 but the latest data is at time 1622.880000, when looking up transform from frame [base_footprint] to frame [odom])
[component_container_isolated-6] [INFO] [1791029324.388855826] [amcl]: Setting pose (1622.901000): -2.000 -0.500 0.000
[episode_reset-9] [INFO] [1791029326.389189509] [episode_reset]: Episode reset to (-2.0, -0.5, 0.0).
[component_container_isolated-6] [INFO] [1791029326.521916603] [bt_navigator]: Begin navigating from current location (-1.97, -0.49) to (0.75, 1.84)
[component_container_isolated-6] [INFO] [1791029326.542312409] [controller_server]: Received a goal, begin computing control effort.
[component_container_isolated-6] [INFO] [1791029327.592410496] [controller_server]: Passing new path to controller.
[component_container_isolated-6] [INFO] [1791029328.642376600] [controller_server]: Passing new path to controller.
[component_container_isolated-6] [INFO] [1791029329.642371900] [controller_server]: Passing new path to controller.
[component_container_isolated-6] [INFO] [1791029330.692370653] [controller_server]: Passing new path to controller.
[component_container_isolated-6] [INFO] [1791029331.692375313] [controller_server]: Passing new path to controller.
[component_container_isolated-6] [INFO] [1791029332.742411516] [controller_server]: Passing new path to controller.
[component_container_isolated-6] [INFO] [1791029333.742411585] [controller_server]: Passing new path to controller.
[component_container_isolated-6] [INFO] [1791029334.792412398] [controller_server]: Passing new path to controller.
[component_container_isolated-6] [INFO] [1791029335.792411166] [controller_server]: Passing new path to controller.
[component_container_isolated-6] [INFO] [1791029336.842410499] [controller_server]: Passing new path to controller.
[component_container_isolated-6] [INFO] [1791029337.842412827] [controller_server]: Passing new path to controller.
[component_container_isolated-6] [INFO] [1791029338.892412750] [controller_server]: Passing new path to controller.
[component_container_isolated-6] [INFO] [1791029339.892363767] [controller_server]: Passing new path to controller.
[component_container_isolated-6] [INFO] [1791029340.942410819] [controller_server]: Passing new path to controller.
[component_container_isolated-6] [INFO] [1791029341.242426424] [controller_server]: Reached the goal!
[component_container_isolated-6] [INFO] [1791029341.243033160] [controller_server]: Optimizer reset
[component_container_isolated-6] [INFO] [1791029341.272119696] [bt_navigator]: Goal succeeded
[component_container_isolated-6] [INFO] [1791029341.701659147] [amcl]: initialPoseReceived
[component_container_isolated-6] [WARN] [1791029341.701713097] [amcl]: Failed to transform initial pose in time (Lookup would require extrapolation into the future.  Requested time 1640.118000 but the latest data is at time 1640.088000, when looking up transform from frame [base_footprint] to frame [odom])
[component_container_isolated-6] [INFO] [1791029341.701719657] [amcl]: Setting pose (1640.118000): -2.000 -0.500 0.000
[episode_reset-9] [INFO] [1791029343.702120798] [episode_reset]: Episode reset to (-2.0, -0.5, 0.0).
[component_container_isolated-6] [WARN] [1791029343.783970527] [controller_server]: Parameter min_x_velocity_threshold not found
[component_container_isolated-6] [INFO] [1791029343.785486997] [controller_server]: Optimizer reset
[fault_injector-11] [INFO] [1791029343.884706995] [fault_injector]: control inject: min_x_velocity_threshold: min_x_velocity_threshold=0.001 -> min_x_velocity_threshold=10.0
[component_container_isolated-6] [INFO] [1791029347.188738852] [bt_navigator]: Begin navigating from current location (-1.96, -0.49) to (0.75, 1.84)
[component_container_isolated-6] [INFO] [1791029347.209098561] [controller_server]: Received a goal, begin computing control effort.
[component_container_isolated-6] [INFO] [1791029348.259157307] [controller_server]: Passing new path to controller.
[component_container_isolated-6] [INFO] [1791029349.259155837] [controller_server]: Passing new path to controller.
[component_container_isolated-6] [INFO] [1791029350.309156434] [controller_server]: Passing new path to controller.
[component_container_isolated-6] [INFO] [1791029351.359155325] [controller_server]: Passing new path to controller.
[component_container_isolated-6] [INFO] [1791029352.359158118] [controller_server]: Passing new path to controller.
[component_container_isolated-6] [INFO] [1791029353.409160590] [controller_server]: Passing new path to controller.
[component_container_isolated-6] [INFO] [1791029354.409157732] [controller_server]: Passing new path to controller.
[component_container_isolated-6] [INFO] [1791029355.459166062] [controller_server]: Passing new path to controller.
[component_container_isolated-6] [INFO] [1791029356.459156624] [controller_server]: Passing new path to controller.
[component_container_isolated-6] [INFO] [1791029357.509159724] [controller_server]: Passing new path to controller.
[component_container_isolated-6] [INFO] [1791029358.509164944] [controller_server]: Passing new path to controller.
[component_container_isolated-6] [INFO] [1791029359.509160549] [controller_server]: Passing new path to controller.
[component_container_isolated-6] [INFO] [1791029360.559164733] [controller_server]: Passing new path to controller.
[component_container_isolated-6] [INFO] [1791029361.609153982] [controller_server]: Passing new path to controller.
[component_container_isolated-6] [INFO] [1791029362.609164560] [controller_server]: Passing new path to controller.
[component_container_isolated-6] [INFO] [1791029363.659156799] [controller_server]: Passing new path to controller.
[component_container_isolated-6] [WARN] [1791029364.619491579] [planner_server]: GridBased plugin failed to plan from (-1.35, 1.31) to (0.75, 1.84): "Failed to create plan with tolerance of: 0.500000"
[component_container_isolated-6] [WARN] [1791029364.619523269] [planner_server]: [compute_path_to_pose] [ActionServer] Aborting handle.
[component_container_isolated-6] [INFO] [1791029364.638983245] [global_costmap.global_costmap]: Received request to clear entirely the global_costmap
[component_container_isolated-6] [WARN] [1791029365.619557989] [planner_server]: GridBased plugin failed to plan from (-1.28, 1.36) to (0.75, 1.84): "Failed to create plan with tolerance of: 0.500000"
[component_container_isolated-6] [WARN] [1791029365.619590969] [planner_server]: [compute_path_to_pose] [ActionServer] Aborting handle.
[component_container_isolated-6] [ERROR] [1791029365.659153247] [bt_navigator_navigate_to_pose_rclcpp_node]: Failed to get result for follow_path in node halt!
[component_container_isolated-6] [INFO] [1791029365.659155967] [controller_server]: Cancellation was successful. Stopping the robot.
[component_container_isolated-6] [INFO] [1791029365.659204287] [controller_server]: [follow_path] [ActionServer] Client requested to cancel the goal. Cancelling.
[component_container_isolated-6] [INFO] [1791029365.659264567] [local_costmap.local_costmap]: Received request to clear entirely the local_costmap
[component_container_isolated-6] [INFO] [1791029365.659423895] [global_costmap.global_costmap]: Received request to clear entirely the global_costmap
[component_container_isolated-6] [INFO] [1791029365.660445408] [controller_server]: Optimizer reset
[component_container_isolated-6] [WARN] [1791029366.620169541] [planner_server]: GridBased plugin failed to plan from (-1.28, 1.36) to (0.75, 1.84): "Failed to create plan with tolerance of: 0.500000"
[component_container_isolated-6] [WARN] [1791029366.620201661] [planner_server]: [compute_path_to_pose] [ActionServer] Aborting handle.
[component_container_isolated-6] [INFO] [1791029366.620326310] [global_costmap.global_costmap]: Received request to clear entirely the global_costmap
[component_container_isolated-6] [WARN] [1791029367.620909206] [planner_server]: GridBased plugin failed to plan from (-1.28, 1.36) to (0.75, 1.84): "Failed to create plan with tolerance of: 0.500000"
[component_container_isolated-6] [WARN] [1791029367.620942185] [planner_server]: [compute_path_to_pose] [ActionServer] Aborting handle.
[component_container_isolated-6] [INFO] [1791029367.640341532] [behavior_server]: Running spin
[component_container_isolated-6] [INFO] [1791029367.640375222] [behavior_server]: Turning 1.57 for spin behavior.
[component_container_isolated-6] [INFO] [1791029369.540481040] [behavior_server]: spin completed successfully
[component_container_isolated-6] [INFO] [1791029369.580354567] [controller_server]: Received a goal, begin computing control effort.
[component_container_isolated-6] [INFO] [1791029370.630447966] [controller_server]: Passing new path to controller.
[component_container_isolated-6] [INFO] [1791029371.680450640] [controller_server]: Passing new path to controller.
[component_container_isolated-6] [INFO] [1791029372.680446952] [controller_server]: Passing new path to controller.
[component_container_isolated-6] [INFO] [1791029373.730446616] [controller_server]: Passing new path to controller.
[component_container_isolated-6] [INFO] [1791029374.730448706] [controller_server]: Passing new path to controller.
[component_container_isolated-6] [INFO] [1791029375.780450599] [controller_server]: Passing new path to controller.
[component_container_isolated-6] [INFO] [1791029376.780448188] [controller_server]: Passing new path to controller.
[component_container_isolated-6] [INFO] [1791029377.830447930] [controller_server]: Passing new path to controller.
[component_container_isolated-6] [INFO] [1791029378.830451288] [controller_server]: Passing new path to controller.
[component_container_isolated-6] [INFO] [1791029379.880447769] [controller_server]: Passing new path to controller.
[component_container_isolated-6] [INFO] [1791029380.880448225] [controller_server]: Passing new path to controller.
[component_container_isolated-6] [INFO] [1791029381.930447145] [controller_server]: Passing new path to controller.
[component_container_isolated-6] [INFO] [1791029382.930450800] [controller_server]: Passing new path to controller.
[component_container_isolated-6] [INFO] [1791029383.980448279] [controller_server]: Passing new path to controller.
[component_container_isolated-6] [INFO] [1791029384.980448372] [controller_server]: Passing new path to controller.
[component_container_isolated-6] [INFO] [1791029385.980446100] [controller_server]: Passing new path to controller.
[component_container_isolated-6] [INFO] [1791029387.030450842] [controller_server]: Passing new path to controller.
[component_container_isolated-6] [INFO] [1791029388.080451679] [controller_server]: Passing new path to controller.
[component_container_isolated-6] [INFO] [1791029389.080446950] [controller_server]: Passing new path to controller.
[component_container_isolated-6] [INFO] [1791029390.080449764] [controller_server]: Passing new path to controller.
[component_container_isolated-6] [INFO] [1791029391.130448155] [controller_server]: Passing new path to controller.
[component_container_isolated-6] [INFO] [1791029392.180448010] [controller_server]: Passing new path to controller.
[component_container_isolated-6] [INFO] [1791029393.180449107] [controller_server]: Passing new path to controller.
[component_container_isolated-6] [INFO] [1791029394.180446878] [controller_server]: Passing new path to controller.
[component_container_isolated-6] [INFO] [1791029395.230446686] [controller_server]: Passing new path to controller.
[component_container_isolated-6] [ERROR] [1791029395.580487323] [controller_server]: Failed to make progress
[component_container_isolated-6] [INFO] [1791029395.580771101] [controller_server]: Optimizer reset
[component_container_isolated-6] [WARN] [1791029395.580784441] [controller_server]: [follow_path] [ActionServer] Aborting handle.
[component_container_isolated-6] [INFO] [1791029395.600279609] [local_costmap.local_costmap]: Received request to clear entirely the local_costmap
[component_container_isolated-6] [INFO] [1791029395.600461548] [controller_server]: Received a goal, begin computing control effort.
[component_container_isolated-6] [INFO] [1791029396.250546931] [controller_server]: Passing new path to controller.
[component_container_isolated-6] [INFO] [1791029397.300547187] [controller_server]: Passing new path to controller.
[component_container_isolated-6] [INFO] [1791029398.300547275] [controller_server]: Passing new path to controller.
[component_container_isolated-6] [INFO] [1791029399.350548171] [controller_server]: Passing new path to controller.
[component_container_isolated-6] [INFO] [1791029400.350546047] [controller_server]: Passing new path to controller.
[component_container_isolated-6] [INFO] [1791029401.400545741] [controller_server]: Passing new path to controller.
[component_container_isolated-6] [INFO] [1791029402.400545836] [controller_server]: Passing new path to controller.
[component_container_isolated-6] [INFO] [1791029403.450545259] [controller_server]: Passing new path to controller.
[component_container_isolated-6] [INFO] [1791029404.450547862] [controller_server]: Passing new path to controller.
[component_container_isolated-6] [INFO] [1791029405.500545583] [controller_server]: Passing new path to controller.
[component_container_isolated-6] [ERROR] [1791029405.650586246] [controller_server]: Failed to make progress
[component_container_isolated-6] [INFO] [1791029405.650858245] [controller_server]: Optimizer reset
[component_container_isolated-6] [WARN] [1791029405.650866995] [controller_server]: [follow_path] [ActionServer] Aborting handle.
[component_container_isolated-6] [INFO] [1791029405.670342044] [behavior_server]: Running wait
[component_container_isolated-6] [ERROR] [1791029407.310269115] [bt_navigator_navigate_to_pose_rclcpp_node]: Failed to get result for wait in node halt!
[component_container_isolated-6] [INFO] [1791029407.310360994] [bt_navigator]: [navigate_to_pose] [ActionServer] Client requested to cancel the goal. Cancelling.
[component_container_isolated-6] [INFO] [1791029407.310458634] [bt_navigator]: Goal canceled
[component_container_isolated-6] [WARN] [1791029407.338394196] [controller_server]: Parameter min_x_velocity_threshold not found
[component_container_isolated-6] [INFO] [1791029407.339761947] [controller_server]: Optimizer reset
[component_container_isolated-6] [INFO] [1791029407.370428762] [behavior_server]: Canceling wait
[component_container_isolated-6] [INFO] [1791029407.370484781] [behavior_server]: [wait] [ActionServer] Client requested to cancel the goal. Cancelling.
[fault_injector-11] [INFO] [1791029407.439204331] [fault_injector]: control rollback: min_x_velocity_threshold: restored min_x_velocity_threshold=0.001
[component_container_isolated-6] [INFO] [1791029407.488304762] [global_costmap.global_costmap]: Received request to clear entirely the global_costmap
[component_container_isolated-6] [INFO] [1791029407.538573275] [local_costmap.local_costmap]: Received request to clear entirely the local_costmap
[component_container_isolated-6] [INFO] [1791029409.689768175] [bt_navigator]: Begin navigating from current location (0.49, 1.86) to (0.75, 1.84)
[component_container_isolated-6] [INFO] [1791029409.710105699] [controller_server]: Received a goal, begin computing control effort.
[component_container_isolated-6] [INFO] [1791029410.760160132] [controller_server]: Passing new path to controller.
[component_container_isolated-6] [INFO] [1791029411.810154809] [controller_server]: Passing new path to controller.
[component_container_isolated-6] [INFO] [1791029412.810155516] [controller_server]: Passing new path to controller.
[component_container_isolated-6] [INFO] [1791029413.860157162] [controller_server]: Passing new path to controller.
[component_container_isolated-6] [INFO] [1791029414.860155066] [controller_server]: Passing new path to controller.
[component_container_isolated-6] [INFO] [1791029415.910160871] [controller_server]: Passing new path to controller.
[component_container_isolated-6] [INFO] [1791029416.910156173] [controller_server]: Passing new path to controller.
[component_container_isolated-6] [INFO] [1791029417.960157856] [controller_server]: Passing new path to controller.
[component_container_isolated-6] [INFO] [1791029418.960155496] [controller_server]: Passing new path to controller.
[component_container_isolated-6] [ERROR] [1791029419.710189514] [controller_server]: Failed to make progress
[component_container_isolated-6] [INFO] [1791029419.710836290] [controller_server]: Optimizer reset
[component_container_isolated-6] [WARN] [1791029419.710856350] [controller_server]: [follow_path] [ActionServer] Aborting handle.
[component_container_isolated-6] [INFO] [1791029419.730046812] [local_costmap.local_costmap]: Received request to clear entirely the local_costmap
[component_container_isolated-6] [INFO] [1791029419.730227091] [controller_server]: Received a goal, begin computing control effort.
[component_container_isolated-6] [WARN] [1791029419.813474877] [controller_server]: Control loop missed its desired rate of 20.0000 Hz. Current loop rate is 11.9048 Hz.
[component_container_isolated-6] [INFO] [1791029420.013529525] [controller_server]: Passing new path to controller.
[component_container_isolated-6] [INFO] [1791029421.013559563] [controller_server]: Passing new path to controller.
[component_container_isolated-6] [INFO] [1791029422.063565803] [controller_server]: Passing new path to controller.
[component_container_isolated-6] [INFO] [1791029423.063561649] [controller_server]: Passing new path to controller.
[component_container_isolated-6] [INFO] [1791029424.063561059] [controller_server]: Passing new path to controller.
[component_container_isolated-6] [INFO] [1791029425.113560392] [controller_server]: Passing new path to controller.
[component_container_isolated-6] [INFO] [1791029426.163560468] [controller_server]: Passing new path to controller.
[component_container_isolated-6] [INFO] [1791029427.163561920] [controller_server]: Passing new path to controller.
[component_container_isolated-6] [INFO] [1791029428.213563165] [controller_server]: Passing new path to controller.
[component_container_isolated-6] [INFO] [1791029429.213514885] [controller_server]: Passing new path to controller.
[component_container_isolated-6] [ERROR] [1791029429.813553134] [controller_server]: Failed to make progress
[component_container_isolated-6] [INFO] [1791029429.813848102] [controller_server]: Optimizer reset
[component_container_isolated-6] [WARN] [1791029429.813862602] [controller_server]: [follow_path] [ActionServer] Aborting handle.
[component_container_isolated-6] [INFO] [1791029429.830077055] [local_costmap.local_costmap]: Received request to clear entirely the local_costmap
[component_container_isolated-6] [INFO] [1791029429.830215514] [global_costmap.global_costmap]: Received request to clear entirely the global_costmap
[component_container_isolated-6] [WARN] [1791029430.620865385] [planner_server]: Planner loop missed its desired rate of 20.0000 Hz. Current loop rate is 1.2626 Hz
[component_container_isolated-6] [INFO] [1791029430.640106417] [controller_server]: Received a goal, begin computing control effort.
[component_container_isolated-6] [INFO] [1791029431.690159016] [controller_server]: Passing new path to controller.
[component_container_isolated-6] [INFO] [1791029432.740158518] [controller_server]: Passing new path to controller.
[component_container_isolated-6] [INFO] [1791029433.740167245] [controller_server]: Passing new path to controller.
[component_container_isolated-6] [INFO] [1791029434.790162406] [controller_server]: Passing new path to controller.
[component_container_isolated-6] [INFO] [1791029435.790157101] [controller_server]: Passing new path to controller.
[component_container_isolated-6] [INFO] [1791029436.840157600] [controller_server]: Passing new path to controller.
[component_container_isolated-6] [INFO] [1791029437.840167122] [controller_server]: Passing new path to controller.
[component_container_isolated-6] [INFO] [1791029438.890159339] [controller_server]: Passing new path to controller.
[component_container_isolated-6] [INFO] [1791029439.890162630] [controller_server]: Passing new path to controller.
[component_container_isolated-6] [ERROR] [1791029440.690193169] [controller_server]: Failed to make progress
[component_container_isolated-6] [INFO] [1791029440.690464737] [controller_server]: Optimizer reset
[component_container_isolated-6] [WARN] [1791029440.690475357] [controller_server]: [follow_path] [ActionServer] Aborting handle.
[component_container_isolated-6] [INFO] [1791029440.710012678] [local_costmap.local_costmap]: Received request to clear entirely the local_costmap
[component_container_isolated-6] [INFO] [1791029440.710204567] [controller_server]: Received a goal, begin computing control effort.
[component_container_isolated-6] [WARN] [1791029440.812578504] [controller_server]: Control loop missed its desired rate of 20.0000 Hz. Current loop rate is 9.8039 Hz.
[component_container_isolated-6] [INFO] [1791029440.912664365] [controller_server]: Passing new path to controller.
[component_container_isolated-6] [INFO] [1791029441.962664635] [controller_server]: Passing new path to controller.
[component_container_isolated-6] [INFO] [1791029442.962659666] [controller_server]: Passing new path to controller.
[component_container_isolated-6] [INFO] [1791029444.012660113] [controller_server]: Passing new path to controller.
[component_container_isolated-6] [INFO] [1791029445.012659353] [controller_server]: Passing new path to controller.
[component_container_isolated-6] [INFO] [1791029446.062663808] [controller_server]: Passing new path to controller.
[component_container_isolated-6] [INFO] [1791029447.062670284] [controller_server]: Passing new path to controller.
[component_container_isolated-6] [INFO] [1791029448.112625778] [controller_server]: Passing new path to controller.
[component_container_isolated-6] [INFO] [1791029449.112660822] [controller_server]: Passing new path to controller.
[component_container_isolated-6] [INFO] [1791029450.162663773] [controller_server]: Passing new path to controller.
[component_container_isolated-6] [ERROR] [1791029450.812697863] [controller_server]: Failed to make progress
[component_container_isolated-6] [INFO] [1791029450.812940171] [controller_server]: Optimizer reset
[component_container_isolated-6] [WARN] [1791029450.812947161] [controller_server]: [follow_path] [ActionServer] Aborting handle.
[component_container_isolated-6] [INFO] [1791029450.830132999] [behavior_server]: Running spin
[component_container_isolated-6] [INFO] [1791029450.830174658] [behavior_server]: Turning 1.57 for spin behavior.
[component_container_isolated-6] [INFO] [1791029452.830276990] [behavior_server]: spin completed successfully
[component_container_isolated-6] [INFO] [1791029452.870103560] [controller_server]: Received a goal, begin computing control effort.
[component_container_isolated-6] [INFO] [1791029453.622842866] [controller_server]: Optimizer reset
[component_container_isolated-6] [INFO] [1791029453.627135958] [controller_server]: Optimizer reset
[component_container_isolated-6] [WARN] [1791029453.627172047] [controller_server]: Optimizer fail to compute path
[component_container_isolated-6] [INFO] [1791029453.920158425] [controller_server]: Passing new path to controller.
[component_container_isolated-6] [INFO] [1791029454.970158064] [controller_server]: Passing new path to controller.
[component_container_isolated-6] [INFO] [1791029455.970159373] [controller_server]: Passing new path to controller.
[component_container_isolated-6] [INFO] [1791029457.020158711] [controller_server]: Passing new path to controller.
[component_container_isolated-6] [INFO] [1791029457.720171441] [controller_server]: Reached the goal!
[component_container_isolated-6] [INFO] [1791029457.720857527] [controller_server]: Optimizer reset
[component_container_isolated-6] [INFO] [1791029457.749965437] [bt_navigator]: Goal succeeded
[component_container_isolated-6] [INFO] [1791029458.187301459] [amcl]: initialPoseReceived
[component_container_isolated-6] [WARN] [1791029458.187347859] [amcl]: Failed to transform initial pose in time (Lookup would require extrapolation into the future.  Requested time 1756.509000 but the latest data is at time 1756.476000, when looking up transform from frame [base_footprint] to frame [odom])
[component_container_isolated-6] [INFO] [1791029458.187353609] [amcl]: Setting pose (1756.509000): -2.000 -0.500 0.000
[episode_reset-9] [INFO] [1791029460.187654092] [episode_reset]: Episode reset to (-2.0, -0.5, 0.0).
[component_container_isolated-6] [INFO] [1791029460.321610221] [bt_navigator]: Begin navigating from current location (-1.97, -0.51) to (0.75, 1.84)
[component_container_isolated-6] [INFO] [1791029460.341992369] [controller_server]: Received a goal, begin computing control effort.
[component_container_isolated-6] [INFO] [1791029461.392089662] [controller_server]: Passing new path to controller.
[component_container_isolated-6] [INFO] [1791029462.392085745] [controller_server]: Passing new path to controller.
[component_container_isolated-6] [INFO] [1791029463.442082436] [controller_server]: Passing new path to controller.
[component_container_isolated-6] [INFO] [1791029464.492076362] [controller_server]: Passing new path to controller.
[component_container_isolated-6] [INFO] [1791029465.492091305] [controller_server]: Passing new path to controller.
[component_container_isolated-6] [INFO] [1791029466.542088858] [controller_server]: Passing new path to controller.
[component_container_isolated-6] [INFO] [1791029467.542088299] [controller_server]: Passing new path to controller.
[component_container_isolated-6] [INFO] [1791029468.592084980] [controller_server]: Passing new path to controller.
[component_container_isolated-6] [INFO] [1791029469.592094957] [controller_server]: Passing new path to controller.
[component_container_isolated-6] [INFO] [1791029470.642091656] [controller_server]: Passing new path to controller.
[component_container_isolated-6] [INFO] [1791029471.642089011] [controller_server]: Passing new path to controller.
[component_container_isolated-6] [INFO] [1791029472.692087627] [controller_server]: Passing new path to controller.
[component_container_isolated-6] [INFO] [1791029473.692086129] [controller_server]: Passing new path to controller.
[component_container_isolated-6] [INFO] [1791029474.742085453] [controller_server]: Passing new path to controller.
[component_container_isolated-6] [INFO] [1791029475.692101995] [controller_server]: Reached the goal!
[component_container_isolated-6] [INFO] [1791029475.692390943] [controller_server]: Optimizer reset
[component_container_isolated-6] [INFO] [1791029475.712244854] [planner_server]: Goal was canceled. Canceling planning action.
[component_container_isolated-6] [INFO] [1791029475.712267044] [planner_server]: [compute_path_to_pose] [ActionServer] Client requested to cancel the goal. Cancelling.
[component_container_isolated-6] [INFO] [1791029475.721807013] [bt_navigator]: Goal succeeded
[component_container_isolated-6] [INFO] [1791029476.200740215] [amcl]: initialPoseReceived
[component_container_isolated-6] [WARN] [1791029476.200788974] [amcl]: Failed to transform initial pose in time (Lookup would require extrapolation into the future.  Requested time 1774.425000 but the latest data is at time 1774.404000, when looking up transform from frame [base_footprint] to frame [odom])
[component_container_isolated-6] [INFO] [1791029476.200796144] [amcl]: Setting pose (1774.425000): -2.000 -0.500 0.000
[episode_reset-9] [INFO] [1791029478.201097315] [episode_reset]: Episode reset to (-2.0, -0.5, 0.0).
[component_container_isolated-6] [WARN] [1791029478.284277180] [controller_server]: Parameter min_x_velocity_threshold not found
[component_container_isolated-6] [INFO] [1791029478.285664011] [controller_server]: Optimizer reset
[fault_injector-11] [INFO] [1791029478.385001751] [fault_injector]: control inject: min_x_velocity_threshold: min_x_velocity_threshold=0.001 -> min_x_velocity_threshold=10.0
[component_container_isolated-6] [INFO] [1791029481.689154213] [bt_navigator]: Begin navigating from current location (-1.95, -0.49) to (0.75, 1.84)
[component_container_isolated-6] [INFO] [1791029481.709518212] [controller_server]: Received a goal, begin computing control effort.
[component_container_isolated-6] [INFO] [1791029482.759615424] [controller_server]: Passing new path to controller.
[component_container_isolated-6] [INFO] [1791029483.809618000] [controller_server]: Passing new path to controller.
[component_container_isolated-6] [INFO] [1791029484.809615031] [controller_server]: Passing new path to controller.
[component_container_isolated-6] [INFO] [1791029485.859619105] [controller_server]: Passing new path to controller.
[component_container_isolated-6] [INFO] [1791029486.859618422] [controller_server]: Passing new path to controller.
[component_container_isolated-6] [INFO] [1791029487.909613753] [controller_server]: Passing new path to controller.
[component_container_isolated-6] [WARN] [1791029488.869901823] [planner_server]: GridBased plugin failed to plan from (-0.90, -0.32) to (0.75, 1.84): "Failed to create plan with tolerance of: 0.500000"
[component_container_isolated-6] [WARN] [1791029488.869934542] [planner_server]: [compute_path_to_pose] [ActionServer] Aborting handle.
[component_container_isolated-6] [INFO] [1791029488.889409758] [global_costmap.global_costmap]: Received request to clear entirely the global_costmap
[component_container_isolated-6] [WARN] [1791029489.620085720] [planner_server]: Planner loop missed its desired rate of 20.0000 Hz. Current loop rate is 1.3661 Hz
[component_container_isolated-6] [INFO] [1791029489.659613777] [controller_server]: Passing new path to controller.
[component_container_isolated-6] [INFO] [1791029490.709614168] [controller_server]: Passing new path to controller.
[component_container_isolated-6] [INFO] [1791029491.709608752] [controller_server]: Passing new path to controller.
[component_container_isolated-6] [INFO] [1791029492.759616721] [controller_server]: Passing new path to controller.
[component_container_isolated-6] [INFO] [1791029493.759614392] [controller_server]: Passing new path to controller.
[component_container_isolated-6] [INFO] [1791029494.759613497] [controller_server]: Passing new path to controller.
[component_container_isolated-6] [INFO] [1791029495.809578906] [controller_server]: Passing new path to controller.
[component_container_isolated-6] [INFO] [1791029496.859617438] [controller_server]: Passing new path to controller.
[component_container_isolated-6] [INFO] [1791029497.859621223] [controller_server]: Passing new path to controller.
[component_container_isolated-6] [INFO] [1791029498.909616943] [controller_server]: Passing new path to controller.
[component_container_isolated-6] [INFO] [1791029499.909569225] [controller_server]: Passing new path to controller.
[component_container_isolated-6] [INFO] [1791029500.959618012] [controller_server]: Passing new path to controller.
[component_container_isolated-6] [INFO] [1791029501.959613391] [controller_server]: Passing new path to controller.
[component_container_isolated-6] [INFO] [1791029503.009616545] [controller_server]: Passing new path to controller.
[component_container_isolated-6] [INFO] [1791029504.009617150] [controller_server]: Passing new path to controller.
[component_container_isolated-6] [INFO] [1791029505.059615972] [controller_server]: Passing new path to controller.
[component_container_isolated-6] [INFO] [1791029506.059613224] [controller_server]: Passing new path to controller.
[component_container_isolated-6] [INFO] [1791029507.109613552] [controller_server]: Passing new path to controller.
[component_container_isolated-6] [INFO] [1791029508.109567271] [controller_server]: Passing new path to controller.
[component_container_isolated-6] [INFO] [1791029509.159615637] [controller_server]: Passing new path to controller.
[component_container_isolated-6] [INFO] [1791029510.159615662] [controller_server]: Passing new path to controller.
[component_container_isolated-6] [INFO] [1791029511.209615795] [controller_server]: Passing new path to controller.
[component_container_isolated-6] [INFO] [1791029512.209615387] [controller_server]: Passing new path to controller.
[component_container_isolated-6] [INFO] [1791029512.809627422] [controller_server]: Reached the goal!
[component_container_isolated-6] [INFO] [1791029512.810274068] [controller_server]: Optimizer reset
[component_container_isolated-6] [INFO] [1791029512.839339604] [bt_navigator]: Goal succeeded
[component_container_isolated-6] [WARN] [1791029512.920345051] [controller_server]: Parameter min_x_velocity_threshold not found
[component_container_isolated-6] [INFO] [1791029512.921924171] [controller_server]: Optimizer reset
[fault_injector-11] [INFO] [1791029513.021152034] [fault_injector]: control rollback: min_x_velocity_threshold: restored min_x_velocity_threshold=0.001
[component_container_isolated-6] [INFO] [1791029513.070255504] [global_costmap.global_costmap]: Received request to clear entirely the global_costmap
[component_container_isolated-6] [INFO] [1791029513.120496966] [local_costmap.local_costmap]: Received request to clear entirely the local_costmap
[component_container_isolated-6] [INFO] [1791029515.271662962] [bt_navigator]: Begin navigating from current location (0.53, 1.78) to (0.75, 1.84)
[component_container_isolated-6] [INFO] [1791029515.292034753] [controller_server]: Received a goal, begin computing control effort.
[component_container_isolated-6] [INFO] [1791029515.292087892] [controller_server]: Reached the goal!
[component_container_isolated-6] [INFO] [1791029515.293366894] [controller_server]: Optimizer reset
[component_container_isolated-6] [INFO] [1791029515.321837445] [bt_navigator]: Goal succeeded
[component_container_isolated-6] [INFO] [1791029519.033390054] [amcl]: initialPoseReceived
[component_container_isolated-6] [WARN] [1791029519.033447174] [amcl]: Failed to transform initial pose in time (Lookup would require extrapolation into the future.  Requested time 1817.160000 but the latest data is at time 1817.136000, when looking up transform from frame [base_footprint] to frame [odom])
[component_container_isolated-6] [INFO] [1791029519.033455444] [amcl]: Setting pose (1817.160000): -2.000 -0.500 0.000
[episode_reset-9] [INFO] [1791029521.033732400] [episode_reset]: Episode reset to (-2.0, -0.5, 0.0).
[component_container_isolated-6] [INFO] [1791029521.165652350] [bt_navigator]: Begin navigating from current location (-1.96, -0.51) to (0.75, 1.84)
[component_container_isolated-6] [INFO] [1791029521.185985702] [controller_server]: Received a goal, begin computing control effort.
[component_container_isolated-6] [INFO] [1791029522.236079571] [controller_server]: Passing new path to controller.
[component_container_isolated-6] [INFO] [1791029523.236079618] [controller_server]: Passing new path to controller.
[component_container_isolated-6] [INFO] [1791029524.286084665] [controller_server]: Passing new path to controller.
[component_container_isolated-6] [INFO] [1791029525.286080009] [controller_server]: Passing new path to controller.
[component_container_isolated-6] [INFO] [1791029526.336079483] [controller_server]: Passing new path to controller.
[component_container_isolated-6] [INFO] [1791029527.336080433] [controller_server]: Passing new path to controller.
[component_container_isolated-6] [INFO] [1791029528.386079123] [controller_server]: Passing new path to controller.
[component_container_isolated-6] [INFO] [1791029529.386080100] [controller_server]: Passing new path to controller.
[component_container_isolated-6] [INFO] [1791029530.436081827] [controller_server]: Passing new path to controller.
[component_container_isolated-6] [INFO] [1791029531.436080051] [controller_server]: Passing new path to controller.
[component_container_isolated-6] [INFO] [1791029532.486080594] [controller_server]: Passing new path to controller.
[component_container_isolated-6] [INFO] [1791029533.486080194] [controller_server]: Passing new path to controller.
[component_container_isolated-6] [INFO] [1791029534.536040805] [controller_server]: Passing new path to controller.
[component_container_isolated-6] [INFO] [1791029534.786094421] [controller_server]: Reached the goal!
[component_container_isolated-6] [INFO] [1791029534.786583298] [controller_server]: Optimizer reset
[component_container_isolated-6] [INFO] [1791029534.815807075] [bt_navigator]: Goal succeeded
[component_container_isolated-6] [INFO] [1791029535.294413372] [amcl]: initialPoseReceived
[component_container_isolated-6] [WARN] [1791029535.294472051] [amcl]: Failed to transform initial pose in time (Lookup would require extrapolation into the future.  Requested time 1833.324000 but the latest data is at time 1833.300000, when looking up transform from frame [base_footprint] to frame [odom])
[component_container_isolated-6] [INFO] [1791029535.294479671] [amcl]: Setting pose (1833.324000): -2.000 -0.500 0.000
[episode_reset-9] [INFO] [1791029537.294813720] [episode_reset]: Episode reset to (-2.0, -0.5, 0.0).
[component_container_isolated-6] [INFO] [1791029537.330052090] [amcl]: initialPoseReceived
[component_container_isolated-6] [WARN] [1791029537.330102029] [amcl]: Failed to transform initial pose in time (Lookup would require extrapolation into the future.  Requested time 1835.358000 but the latest data is at time 1835.352000, when looking up transform from frame [base_footprint] to frame [odom])
[component_container_isolated-6] [INFO] [1791029537.330108069] [amcl]: Setting pose (1835.358000): -1.350 -0.950 0.350
[component_container_isolated-6] [INFO] [1791029537.430206294] [amcl]: initialPoseReceived
[component_container_isolated-6] [WARN] [1791029537.430261364] [amcl]: Failed to transform initial pose in time (Lookup would require extrapolation into the future.  Requested time 1791029537.329962 but the latest data is at time 1836.400000, when looking up transform from frame [odom] to frame [base_footprint])
[component_container_isolated-6] [INFO] [1791029537.430269874] [amcl]: Setting pose (1835.460000): -1.350 -0.950 0.350
[component_container_isolated-6] [INFO] [1791029537.530344989] [amcl]: initialPoseReceived
[component_container_isolated-6] [WARN] [1791029537.530394798] [amcl]: Failed to transform initial pose in time (Lookup would require extrapolation into the future.  Requested time 1835.559000 but the latest data is at time 1835.532000, when looking up transform from frame [base_footprint] to frame [odom])
[component_container_isolated-6] [INFO] [1791029537.530401498] [amcl]: Setting pose (1835.559000): -1.350 -0.950 0.350
[component_container_isolated-6] [INFO] [1791029537.630548573] [amcl]: initialPoseReceived
[component_container_isolated-6] [WARN] [1791029537.630606132] [amcl]: Failed to transform initial pose in time (Lookup would require extrapolation into the future.  Requested time 1835.661000 but the latest data is at time 1835.640000, when looking up transform from frame [base_footprint] to frame [odom])
[component_container_isolated-6] [INFO] [1791029537.630613062] [amcl]: Setting pose (1835.661000): -1.350 -0.950 0.350
[fault_injector-11] [INFO] [1791029537.730951486] [fault_injector]: localization inject: {"offset_x": 0.65, "offset_y": -0.45, "offset_yaw": 0.35}
[component_container_isolated-6] [INFO] [1791029538.032131865] [bt_navigator]: Begin navigating from current location (-1.98, -0.50) to (0.75, 1.84)
[component_container_isolated-6] [INFO] [1791029538.052509727] [controller_server]: Received a goal, begin computing control effort.
[component_container_isolated-6] [WARN] [1791029539.063183068] [planner_server]: GridBased plugin failed to plan from (-1.25, -0.90) to (0.75, 1.84): "Failed to create plan with tolerance of: 0.500000"
[component_container_isolated-6] [WARN] [1791029539.063216008] [planner_server]: [compute_path_to_pose] [ActionServer] Aborting handle.
[component_container_isolated-6] [INFO] [1791029539.082427368] [global_costmap.global_costmap]: Received request to clear entirely the global_costmap
[component_container_isolated-6] [WARN] [1791029539.612981887] [planner_server]: GridBased plugin failed to plan from (-1.17, -0.82) to (0.75, 1.84): "Failed to create plan with tolerance of: 0.500000"
[component_container_isolated-6] [WARN] [1791029539.613017557] [planner_server]: [compute_path_to_pose] [ActionServer] Aborting handle.
[component_container_isolated-6] [ERROR] [1791029539.652548830] [bt_navigator_navigate_to_pose_rclcpp_node]: Failed to get result for follow_path in node halt!
[component_container_isolated-6] [INFO] [1791029539.652609370] [controller_server]: Cancellation was successful. Stopping the robot.
[component_container_isolated-6] [INFO] [1791029539.652622820] [controller_server]: [follow_path] [ActionServer] Client requested to cancel the goal. Cancelling.
[component_container_isolated-6] [INFO] [1791029539.652668370] [local_costmap.local_costmap]: Received request to clear entirely the local_costmap
[component_container_isolated-6] [INFO] [1791029539.652892648] [global_costmap.global_costmap]: Received request to clear entirely the global_costmap
[component_container_isolated-6] [INFO] [1791029539.652916378] [controller_server]: Optimizer reset
[component_container_isolated-6] [WARN] [1791029540.613735314] [planner_server]: Planner loop missed its desired rate of 20.0000 Hz. Current loop rate is 1.0417 Hz
[component_container_isolated-6] [INFO] [1791029540.633876899] [controller_server]: Received a goal, begin computing control effort.
[component_container_isolated-6] [INFO] [1791029541.683979072] [controller_server]: Passing new path to controller.
[component_container_isolated-6] [INFO] [1791029542.683980220] [controller_server]: Passing new path to controller.
[component_container_isolated-6] [INFO] [1791029543.733976050] [controller_server]: Passing new path to controller.
[component_container_isolated-6] [INFO] [1791029544.733976895] [controller_server]: Passing new path to controller.
[component_container_isolated-6] [INFO] [1791029545.783978292] [controller_server]: Passing new path to controller.
[component_container_isolated-6] [INFO] [1791029546.783978572] [controller_server]: Passing new path to controller.
[component_container_isolated-6] [INFO] [1791029547.833977485] [controller_server]: Passing new path to controller.
[component_container_isolated-6] [INFO] [1791029548.833933133] [controller_server]: Passing new path to controller.
[component_container_isolated-6] [INFO] [1791029549.883979932] [controller_server]: Passing new path to controller.
[component_container_isolated-6] [INFO] [1791029550.883935455] [controller_server]: Passing new path to controller.
[component_container_isolated-6] [INFO] [1791029551.933977761] [controller_server]: Passing new path to controller.
[component_container_isolated-6] [INFO] [1791029552.933979181] [controller_server]: Passing new path to controller.
[component_container_isolated-6] [INFO] [1791029553.983977323] [controller_server]: Passing new path to controller.
[component_container_isolated-6] [INFO] [1791029554.683991997] [controller_server]: Reached the goal!
[component_container_isolated-6] [INFO] [1791029554.684238265] [controller_server]: Optimizer reset
[component_container_isolated-6] [INFO] [1791029554.713689193] [bt_navigator]: Goal succeeded
[component_container_isolated-6] [INFO] [1791029554.718708172] [amcl]: initialPoseReceived
[component_container_isolated-6] [WARN] [1791029554.718754421] [amcl]: Failed to transform initial pose in time (Lookup would require extrapolation into the future.  Requested time 1852.749000 but the latest data is at time 1852.740000, when looking up transform from frame [base_footprint] to frame [odom])
[component_container_isolated-6] [INFO] [1791029554.718763671] [amcl]: Setting pose (1852.749000): -2.000 -0.500 0.000
[component_container_isolated-6] [INFO] [1791029554.818850621] [amcl]: initialPoseReceived
[component_container_isolated-6] [WARN] [1791029554.818898211] [amcl]: Failed to transform initial pose in time (Lookup would require extrapolation into the future.  Requested time 1791029554.718622 but the latest data is at time 1853.800000, when looking up transform from frame [odom] to frame [base_footprint])
[component_container_isolated-6] [INFO] [1791029554.818904911] [amcl]: Setting pose (1852.848000): -2.000 -0.500 0.000
[component_container_isolated-6] [INFO] [1791029554.919034441] [amcl]: initialPoseReceived
[component_container_isolated-6] [WARN] [1791029554.919100100] [amcl]: Failed to transform initial pose in time (Lookup would require extrapolation into the future.  Requested time 1852.947000 but the latest data is at time 1852.920000, when looking up transform from frame [base_footprint] to frame [odom])
[component_container_isolated-6] [INFO] [1791029554.919107470] [amcl]: Setting pose (1852.947000): -2.000 -0.500 0.000
[component_container_isolated-6] [INFO] [1791029555.019168101] [amcl]: initialPoseReceived
[component_container_isolated-6] [WARN] [1791029555.019219710] [amcl]: Failed to transform initial pose in time (Lookup would require extrapolation into the future.  Requested time 1853.049000 but the latest data is at time 1853.028000, when looking up transform from frame [base_footprint] to frame [odom])
[component_container_isolated-6] [INFO] [1791029555.019227820] [amcl]: Setting pose (1853.049000): -2.000 -0.500 0.000
[fault_injector-11] [INFO] [1791029555.119650858] [fault_injector]: localization rollback: initial pose restored
[component_container_isolated-6] [INFO] [1791029555.169070102] [global_costmap.global_costmap]: Received request to clear entirely the global_costmap
[component_container_isolated-6] [INFO] [1791029555.219353481] [local_costmap.local_costmap]: Received request to clear entirely the local_costmap
[component_container_isolated-6] [INFO] [1791029557.370596607] [bt_navigator]: Begin navigating from current location (-1.97, -0.48) to (0.75, 1.84)
[component_container_isolated-6] [INFO] [1791029557.390970361] [controller_server]: Received a goal, begin computing control effort.
[component_container_isolated-6] [INFO] [1791029558.441067917] [controller_server]: Passing new path to controller.
[component_container_isolated-6] [INFO] [1791029559.491067227] [controller_server]: Passing new path to controller.
[component_container_isolated-6] [INFO] [1791029560.491071258] [controller_server]: Passing new path to controller.
[component_container_isolated-6] [INFO] [1791029561.541066304] [controller_server]: Passing new path to controller.
[component_container_isolated-6] [INFO] [1791029562.541067492] [controller_server]: Passing new path to controller.
[component_container_isolated-6] [INFO] [1791029563.591069665] [controller_server]: Passing new path to controller.
[component_container_isolated-6] [INFO] [1791029564.591066419] [controller_server]: Passing new path to controller.
[component_container_isolated-6] [INFO] [1791029565.641067527] [controller_server]: Passing new path to controller.
[component_container_isolated-6] [INFO] [1791029566.641065697] [controller_server]: Passing new path to controller.
[component_container_isolated-6] [INFO] [1791029567.691068262] [controller_server]: Passing new path to controller.
[component_container_isolated-6] [INFO] [1791029568.691066198] [controller_server]: Passing new path to controller.
[component_container_isolated-6] [INFO] [1791029569.741065170] [controller_server]: Passing new path to controller.
[component_container_isolated-6] [INFO] [1791029570.741067831] [controller_server]: Passing new path to controller.
[component_container_isolated-6] [INFO] [1791029571.791068819] [controller_server]: Passing new path to controller.
[component_container_isolated-6] [INFO] [1791029572.291083927] [controller_server]: Reached the goal!
[component_container_isolated-6] [INFO] [1791029572.291323466] [controller_server]: Optimizer reset
[component_container_isolated-6] [INFO] [1791029572.320743815] [bt_navigator]: Goal succeeded
[component_container_isolated-6] [INFO] [1791029572.784894844] [amcl]: initialPoseReceived
[component_container_isolated-6] [WARN] [1791029572.784942914] [amcl]: Failed to transform initial pose in time (Lookup would require extrapolation into the future.  Requested time 1870.719000 but the latest data is at time 1870.704000, when looking up transform from frame [base_footprint] to frame [odom])
[component_container_isolated-6] [INFO] [1791029572.784950604] [amcl]: Setting pose (1870.719000): -2.000 -0.500 0.000
[episode_reset-9] [INFO] [1791029574.785266426] [episode_reset]: Episode reset to (-2.0, -0.5, 0.0).
[component_container_isolated-6] [INFO] [1791029574.918877506] [bt_navigator]: Begin navigating from current location (-1.91, -0.49) to (0.75, 1.84)
[component_container_isolated-6] [WARN] [1791029574.919531132] [planner_server]: GridBased plugin failed to plan from (-1.91, -0.49) to (0.75, 1.84): "Failed to create plan with tolerance of: 0.500000"
[component_container_isolated-6] [WARN] [1791029574.919558292] [planner_server]: [compute_path_to_pose] [ActionServer] Aborting handle.
[component_container_isolated-6] [INFO] [1791029574.939181912] [global_costmap.global_costmap]: Received request to clear entirely the global_costmap
[component_container_isolated-6] [WARN] [1791029575.619806328] [planner_server]: Planner loop missed its desired rate of 20.0000 Hz. Current loop rate is 1.4684 Hz
[component_container_isolated-6] [INFO] [1791029575.639252888] [controller_server]: Received a goal, begin computing control effort.
[component_container_isolated-6] [INFO] [1791029576.689345170] [controller_server]: Passing new path to controller.
[component_container_isolated-6] [INFO] [1791029577.739348275] [controller_server]: Passing new path to controller.
[component_container_isolated-6] [INFO] [1791029578.739350790] [controller_server]: Passing new path to controller.
[component_container_isolated-6] [WARN] [1791029579.729598568] [planner_server]: GridBased plugin failed to plan from (-1.33, -0.05) to (0.75, 1.84): "Failed to create plan with tolerance of: 0.500000"
[component_container_isolated-6] [WARN] [1791029579.729629827] [planner_server]: [compute_path_to_pose] [ActionServer] Aborting handle.
[component_container_isolated-6] [INFO] [1791029579.749185618] [global_costmap.global_costmap]: Received request to clear entirely the global_costmap
[component_container_isolated-6] [WARN] [1791029580.619782800] [planner_server]: GridBased plugin failed to plan from (-1.21, 0.20) to (0.75, 1.84): "Failed to create plan with tolerance of: 0.500000"
[component_container_isolated-6] [WARN] [1791029580.619815900] [planner_server]: [compute_path_to_pose] [ActionServer] Aborting handle.
[component_container_isolated-6] [INFO] [1791029580.639347230] [controller_server]: Cancellation was successful. Stopping the robot.
[component_container_isolated-6] [INFO] [1791029580.639367030] [controller_server]: [follow_path] [ActionServer] Client requested to cancel the goal. Cancelling.
[component_container_isolated-6] [INFO] [1791029580.639513859] [local_costmap.local_costmap]: Received request to clear entirely the local_costmap
[component_container_isolated-6] [INFO] [1791029580.639653048] [controller_server]: Optimizer reset
[component_container_isolated-6] [INFO] [1791029580.639731778] [global_costmap.global_costmap]: Received request to clear entirely the global_costmap
[component_container_isolated-6] [WARN] [1791029581.620403069] [planner_server]: GridBased plugin failed to plan from (-1.19, 0.30) to (0.75, 1.84): "Failed to create plan with tolerance of: 0.500000"
[component_container_isolated-6] [WARN] [1791029581.620438709] [planner_server]: [compute_path_to_pose] [ActionServer] Aborting handle.
[component_container_isolated-6] [INFO] [1791029581.639163214] [global_costmap.global_costmap]: Received request to clear entirely the global_costmap
[component_container_isolated-6] [WARN] [1791029582.619749139] [planner_server]: GridBased plugin failed to plan from (-1.18, 0.29) to (0.75, 1.84): "Failed to create plan with tolerance of: 0.500000"
[component_container_isolated-6] [WARN] [1791029582.619781379] [planner_server]: [compute_path_to_pose] [ActionServer] Aborting handle.
[component_container_isolated-6] [INFO] [1791029582.639258830] [behavior_server]: Running spin
[component_container_isolated-6] [INFO] [1791029582.639306709] [behavior_server]: Turning 1.57 for spin behavior.
[component_container_isolated-6] [INFO] [1791029584.639401749] [behavior_server]: spin completed successfully
[component_container_isolated-6] [WARN] [1791029584.659514436] [planner_server]: GridBased plugin failed to plan from (-1.14, 0.29) to (0.75, 1.84): "Failed to create plan with tolerance of: 0.500000"
[component_container_isolated-6] [WARN] [1791029584.659540816] [planner_server]: [compute_path_to_pose] [ActionServer] Aborting handle.
[component_container_isolated-6] [INFO] [1791029584.679165706] [global_costmap.global_costmap]: Received request to clear entirely the global_costmap
[component_container_isolated-6] [WARN] [1791029585.619810953] [planner_server]: GridBased plugin failed to plan from (-1.10, 0.30) to (0.75, 1.84): "Failed to create plan with tolerance of: 0.500000"
[component_container_isolated-6] [WARN] [1791029585.619842073] [planner_server]: [compute_path_to_pose] [ActionServer] Aborting handle.
[component_container_isolated-6] [INFO] [1791029585.639258444] [behavior_server]: Running wait
[component_container_isolated-6] [INFO] [1791029590.739374208] [behavior_server]: wait completed successfully
[component_container_isolated-6] [WARN] [1791029590.759540685] [planner_server]: GridBased plugin failed to plan from (-1.06, 0.27) to (0.75, 1.84): "Failed to create plan with tolerance of: 0.500000"
[component_container_isolated-6] [WARN] [1791029590.759570465] [planner_server]: [compute_path_to_pose] [ActionServer] Aborting handle.
[component_container_isolated-6] [INFO] [1791029590.779161956] [global_costmap.global_costmap]: Received request to clear entirely the global_costmap
[component_container_isolated-6] [WARN] [1791029591.619831027] [planner_server]: GridBased plugin failed to plan from (-1.06, 0.27) to (0.75, 1.84): "Failed to create plan with tolerance of: 0.500000"
[component_container_isolated-6] [WARN] [1791029591.619871637] [planner_server]: [compute_path_to_pose] [ActionServer] Aborting handle.
[component_container_isolated-6] [INFO] [1791029591.639232239] [behavior_server]: Running backup
[component_container_isolated-6] [INFO] [1791029593.262631540] [collision_monitor]: Robot to approach for 1.200000 seconds away from collision
[component_container_isolated-6] [INFO] [1791029594.139366108] [behavior_server]: backup completed successfully
[component_container_isolated-6] [INFO] [1791029594.179231655] [controller_server]: Received a goal, begin computing control effort.
[component_container_isolated-6] [INFO] [1791029594.192482495] [collision_monitor]: Robot to continue normal operation
[component_container_isolated-6] [INFO] [1791029595.229326952] [controller_server]: Passing new path to controller.
[component_container_isolated-6] [INFO] [1791029596.279328462] [controller_server]: Passing new path to controller.
[component_container_isolated-6] [INFO] [1791029597.279327126] [controller_server]: Passing new path to controller.
[component_container_isolated-6] [INFO] [1791029598.329328745] [controller_server]: Passing new path to controller.
[component_container_isolated-6] [INFO] [1791029599.329327685] [controller_server]: Passing new path to controller.
[component_container_isolated-6] [WARN] [1791029600.319514313] [planner_server]: GridBased plugin failed to plan from (-0.32, 1.24) to (0.75, 1.84): "Failed to create plan with tolerance of: 0.500000"
[component_container_isolated-6] [WARN] [1791029600.319543846] [planner_server]: [compute_path_to_pose] [ActionServer] Aborting handle.
[component_container_isolated-6] [INFO] [1791029600.339168855] [global_costmap.global_costmap]: Received request to clear entirely the global_costmap
[component_container_isolated-6] [WARN] [1791029600.619761141] [planner_server]: Planner loop missed its desired rate of 20.0000 Hz. Current loop rate is 3.5842 Hz
[component_container_isolated-6] [INFO] [1791029600.679330567] [controller_server]: Passing new path to controller.
[component_container_isolated-6] [INFO] [1791029601.679326932] [controller_server]: Passing new path to controller.
[component_container_isolated-6] [INFO] [1791029602.729336971] [controller_server]: Passing new path to controller.
[component_container_isolated-6] [INFO] [1791029603.729330135] [controller_server]: Passing new path to controller.
[component_container_isolated-6] [INFO] [1791029604.779330606] [controller_server]: Passing new path to controller.
[component_container_isolated-6] [INFO] [1791029605.779329731] [controller_server]: Passing new path to controller.
[component_container_isolated-6] [INFO] [1791029606.829326985] [controller_server]: Passing new path to controller.
[component_container_isolated-6] [INFO] [1791029607.179338562] [controller_server]: Reached the goal!
[component_container_isolated-6] [INFO] [1791029607.179571965] [controller_server]: Optimizer reset
[component_container_isolated-6] [INFO] [1791029607.209061923] [bt_navigator]: Goal succeeded
[component_container_isolated-6] [INFO] [1791029607.725240187] [amcl]: initialPoseReceived
[component_container_isolated-6] [WARN] [1791029607.725287452] [amcl]: Failed to transform initial pose in time (Lookup would require extrapolation into the future.  Requested time 1905.564000 but the latest data is at time 1905.552000, when looking up transform from frame [base_footprint] to frame [odom])
[component_container_isolated-6] [INFO] [1791029607.725294063] [amcl]: Setting pose (1905.564000): -2.000 -0.500 0.000
[episode_reset-9] [INFO] [1791029609.725583652] [episode_reset]: Episode reset to (-2.0, -0.5, 0.0).
[component_container_isolated-6] [INFO] [1791029609.757963825] [amcl]: initialPoseReceived
[component_container_isolated-6] [WARN] [1791029609.758017460] [amcl]: Failed to transform initial pose in time (Lookup would require extrapolation into the future.  Requested time 1907.595000 but the latest data is at time 1907.568000, when looking up transform from frame [base_footprint] to frame [odom])
[component_container_isolated-6] [INFO] [1791029609.758024031] [amcl]: Setting pose (1907.595000): -1.350 -0.950 0.350
[component_container_isolated-6] [INFO] [1791029609.858117238] [amcl]: initialPoseReceived
[component_container_isolated-6] [WARN] [1791029609.858180934] [amcl]: Failed to transform initial pose in time (Lookup would require extrapolation into the future.  Requested time 1907.697000 but the latest data is at time 1907.676000, when looking up transform from frame [base_footprint] to frame [odom])
[component_container_isolated-6] [INFO] [1791029609.858191775] [amcl]: Setting pose (1907.697000): -1.350 -0.950 0.350
[component_container_isolated-6] [INFO] [1791029609.958194794] [amcl]: initialPoseReceived
[component_container_isolated-6] [WARN] [1791029609.958245028] [amcl]: Failed to transform initial pose in time (Lookup would require extrapolation into the future.  Requested time 1907.796000 but the latest data is at time 1907.784000, when looking up transform from frame [base_footprint] to frame [odom])
[component_container_isolated-6] [INFO] [1791029609.958251449] [amcl]: Setting pose (1907.796000): -1.350 -0.950 0.350
[component_container_isolated-6] [INFO] [1791029610.058339076] [amcl]: initialPoseReceived
[component_container_isolated-6] [WARN] [1791029610.058389401] [amcl]: Failed to transform initial pose in time (Lookup would require extrapolation into the future.  Requested time 1907.898000 but the latest data is at time 1907.892000, when looking up transform from frame [base_footprint] to frame [odom])
[component_container_isolated-6] [INFO] [1791029610.058396032] [amcl]: Setting pose (1907.898000): -1.350 -0.950 0.350
[fault_injector-11] [INFO] [1791029610.158777400] [fault_injector]: localization inject: {"offset_x": 0.65, "offset_y": -0.45, "offset_yaw": 0.35}
[component_container_isolated-6] [INFO] [1791029610.459988262] [bt_navigator]: Begin navigating from current location (-1.97, -0.55) to (0.75, 1.84)
[component_container_isolated-6] [INFO] [1791029610.480360561] [controller_server]: Received a goal, begin computing control effort.
[component_container_isolated-6] [WARN] [1791029611.490745568] [planner_server]: GridBased plugin failed to plan from (-1.30, -0.93) to (0.75, 1.84): "Failed to create plan with tolerance of: 0.500000"
[component_container_isolated-6] [WARN] [1791029611.490775351] [planner_server]: [compute_path_to_pose] [ActionServer] Aborting handle.
[component_container_isolated-6] [INFO] [1791029611.510284112] [global_costmap.global_costmap]: Received request to clear entirely the global_costmap
[component_container_isolated-6] [WARN] [1791029611.620798406] [planner_server]: GridBased plugin failed to plan from (-1.28, -0.92) to (0.75, 1.84): "Failed to create plan with tolerance of: 0.500000"
[component_container_isolated-6] [WARN] [1791029611.620826259] [planner_server]: [compute_path_to_pose] [ActionServer] Aborting handle.
[component_container_isolated-6] [ERROR] [1791029611.660375602] [bt_navigator_navigate_to_pose_rclcpp_node]: Failed to get result for follow_path in node halt!
[component_container_isolated-6] [INFO] [1791029611.660493764] [local_costmap.local_costmap]: Received request to clear entirely the local_costmap
[component_container_isolated-6] [INFO] [1791029611.660627507] [global_costmap.global_costmap]: Received request to clear entirely the global_costmap
[component_container_isolated-6] [INFO] [1791029611.680457959] [controller_server]: Cancellation was successful. Stopping the robot.
[component_container_isolated-6] [INFO] [1791029611.680475271] [controller_server]: [follow_path] [ActionServer] Client requested to cancel the goal. Cancelling.
[component_container_isolated-6] [INFO] [1791029611.680760609] [controller_server]: Optimizer reset
[component_container_isolated-6] [WARN] [1791029612.621251358] [planner_server]: GridBased plugin failed to plan from (-1.28, -0.89) to (0.75, 1.84): "Failed to create plan with tolerance of: 0.500000"
[component_container_isolated-6] [WARN] [1791029612.621284841] [planner_server]: [compute_path_to_pose] [ActionServer] Aborting handle.
[component_container_isolated-6] [INFO] [1791029612.631484879] [global_costmap.global_costmap]: Received request to clear entirely the global_costmap
[component_container_isolated-6] [WARN] [1791029613.612000026] [planner_server]: GridBased plugin failed to plan from (-1.28, -0.89) to (0.75, 1.84): "Failed to create plan with tolerance of: 0.500000"
[component_container_isolated-6] [WARN] [1791029613.612030209] [planner_server]: [compute_path_to_pose] [ActionServer] Aborting handle.
[component_container_isolated-6] [INFO] [1791029613.631538803] [behavior_server]: Running spin
[component_container_isolated-6] [INFO] [1791029613.631573746] [behavior_server]: Turning 1.57 for spin behavior.
[component_container_isolated-6] [INFO] [1791029615.531674165] [behavior_server]: spin completed successfully
[component_container_isolated-6] [WARN] [1791029615.551740387] [planner_server]: GridBased plugin failed to plan from (-1.23, -0.85) to (0.75, 1.84): "Failed to create plan with tolerance of: 0.500000"
[component_container_isolated-6] [WARN] [1791029615.551768799] [planner_server]: [compute_path_to_pose] [ActionServer] Aborting handle.
[component_container_isolated-6] [INFO] [1791029615.571460605] [global_costmap.global_costmap]: Received request to clear entirely the global_costmap
[component_container_isolated-6] [WARN] [1791029615.612019360] [planner_server]: GridBased plugin failed to plan from (-1.23, -0.84) to (0.75, 1.84): "Failed to create plan with tolerance of: 0.500000"
[component_container_isolated-6] [WARN] [1791029615.612048783] [planner_server]: [compute_path_to_pose] [ActionServer] Aborting handle.
[component_container_isolated-6] [INFO] [1791029615.631522637] [behavior_server]: Running wait
[component_container_isolated-6] [INFO] [1791029620.631618944] [behavior_server]: wait completed successfully
[component_container_isolated-6] [WARN] [1791029620.651790829] [planner_server]: GridBased plugin failed to plan from (-1.24, -0.88) to (0.75, 1.84): "Failed to create plan with tolerance of: 0.500000"
[component_container_isolated-6] [WARN] [1791029620.651821352] [planner_server]: [compute_path_to_pose] [ActionServer] Aborting handle.
[component_container_isolated-6] [INFO] [1791029620.671448805] [global_costmap.global_costmap]: Received request to clear entirely the global_costmap
[component_container_isolated-6] [WARN] [1791029621.611938768] [planner_server]: GridBased plugin failed to plan from (-1.24, -0.88) to (0.75, 1.84): "Failed to create plan with tolerance of: 0.500000"
[component_container_isolated-6] [WARN] [1791029621.611968171] [planner_server]: [compute_path_to_pose] [ActionServer] Aborting handle.
[component_container_isolated-6] [INFO] [1791029621.631523444] [behavior_server]: Running backup
[component_container_isolated-6] [WARN] [1791029621.631590160] [behavior_server]: Collision Ahead - Exiting DriveOnHeading
[component_container_isolated-6] [WARN] [1791029621.631596191] [behavior_server]: backup failed
[component_container_isolated-6] [WARN] [1791029621.631599511] [behavior_server]: [backup] [ActionServer] Aborting handle.
[component_container_isolated-6] [INFO] [1791029621.651356123] [local_costmap.local_costmap]: Received request to clear entirely the local_costmap
[component_container_isolated-6] [INFO] [1791029621.651491886] [global_costmap.global_costmap]: Received request to clear entirely the global_costmap
[component_container_isolated-6] [WARN] [1791029622.612131933] [planner_server]: GridBased plugin failed to plan from (-1.24, -0.88) to (0.75, 1.84): "Failed to create plan with tolerance of: 0.500000"
[component_container_isolated-6] [WARN] [1791029622.612166797] [planner_server]: [compute_path_to_pose] [ActionServer] Aborting handle.
[component_container_isolated-6] [INFO] [1791029622.631485493] [global_costmap.global_costmap]: Received request to clear entirely the global_costmap
[component_container_isolated-6] [WARN] [1791029623.612106323] [planner_server]: GridBased plugin failed to plan from (-1.24, -0.88) to (0.75, 1.84): "Failed to create plan with tolerance of: 0.500000"
[component_container_isolated-6] [WARN] [1791029623.612140497] [planner_server]: [compute_path_to_pose] [ActionServer] Aborting handle.
[component_container_isolated-6] [INFO] [1791029623.631524767] [behavior_server]: Running spin
[component_container_isolated-6] [INFO] [1791029623.631556940] [behavior_server]: Turning 1.57 for spin behavior.
[component_container_isolated-6] [WARN] [1791029623.931666455] [behavior_server]: Collision Ahead - Exiting Spin
[component_container_isolated-6] [WARN] [1791029623.931685756] [behavior_server]: spin failed
[component_container_isolated-6] [WARN] [1791029623.931690647] [behavior_server]: [spin] [ActionServer] Aborting handle.
[component_container_isolated-6] [INFO] [1791029623.951404889] [behavior_server]: Running wait
[component_container_isolated-6] [INFO] [1791029629.051514453] [behavior_server]: wait completed successfully
[component_container_isolated-6] [WARN] [1791029629.071850094] [planner_server]: GridBased plugin failed to plan from (-1.24, -0.87) to (0.75, 1.84): "Failed to create plan with tolerance of: 0.500000"
[component_container_isolated-6] [WARN] [1791029629.071878597] [planner_server]: [compute_path_to_pose] [ActionServer] Aborting handle.
[component_container_isolated-6] [INFO] [1791029629.091454706] [global_costmap.global_costmap]: Received request to clear entirely the global_costmap
[component_container_isolated-6] [WARN] [1791029629.612008123] [planner_server]: GridBased plugin failed to plan from (-1.24, -0.87) to (0.75, 1.84): "Failed to create plan with tolerance of: 0.500000"
[component_container_isolated-6] [WARN] [1791029629.612042566] [planner_server]: [compute_path_to_pose] [ActionServer] Aborting handle.
[component_container_isolated-6] [INFO] [1791029629.631514635] [behavior_server]: Running backup
[component_container_isolated-6] [WARN] [1791029629.631577151] [behavior_server]: Collision Ahead - Exiting DriveOnHeading
[component_container_isolated-6] [WARN] [1791029629.631583852] [behavior_server]: backup failed
[component_container_isolated-6] [WARN] [1791029629.631587322] [behavior_server]: [backup] [ActionServer] Aborting handle.
[component_container_isolated-6] [INFO] [1791029629.651333937] [local_costmap.local_costmap]: Received request to clear entirely the local_costmap
[component_container_isolated-6] [INFO] [1791029629.651452299] [global_costmap.global_costmap]: Received request to clear entirely the global_costmap
[component_container_isolated-6] [WARN] [1791029630.612068828] [planner_server]: GridBased plugin failed to plan from (-1.24, -0.87) to (0.75, 1.84): "Failed to create plan with tolerance of: 0.500000"
[component_container_isolated-6] [WARN] [1791029630.612096711] [planner_server]: [compute_path_to_pose] [ActionServer] Aborting handle.
[component_container_isolated-6] [INFO] [1791029630.631470378] [global_costmap.global_costmap]: Received request to clear entirely the global_costmap
[component_container_isolated-6] [WARN] [1791029631.611958176] [planner_server]: GridBased plugin failed to plan from (-1.24, -0.87) to (0.75, 1.84): "Failed to create plan with tolerance of: 0.500000"
[component_container_isolated-6] [WARN] [1791029631.611987698] [planner_server]: [compute_path_to_pose] [ActionServer] Aborting handle.
[component_container_isolated-6] [WARN] [1791029631.641248368] [bt_navigator]: [navigate_to_pose] [ActionServer] Aborting handle.
[component_container_isolated-6] [ERROR] [1791029631.641334296] [bt_navigator]: Goal failed
[component_container_isolated-6] [INFO] [1791029631.723536546] [amcl]: initialPoseReceived
[component_container_isolated-6] [WARN] [1791029631.723589851] [amcl]: Failed to transform initial pose in time (Lookup would require extrapolation into the future.  Requested time 1929.561000 but the latest data is at time 1929.528000, when looking up transform from frame [base_footprint] to frame [odom])
[component_container_isolated-6] [INFO] [1791029631.723595682] [amcl]: Setting pose (1929.561000): -2.000 -0.500 0.000
[component_container_isolated-6] [INFO] [1791029631.823667763] [amcl]: initialPoseReceived
[component_container_isolated-6] [WARN] [1791029631.823718318] [amcl]: Failed to transform initial pose in time (Lookup would require extrapolation into the future.  Requested time 1929.663000 but the latest data is at time 1929.636000, when looking up transform from frame [base_footprint] to frame [odom])
[component_container_isolated-6] [INFO] [1791029631.823726128] [amcl]: Setting pose (1929.663000): -2.000 -0.500 0.000
[component_container_isolated-6] [INFO] [1791029631.923761956] [amcl]: initialPoseReceived
[component_container_isolated-6] [WARN] [1791029631.923811581] [amcl]: Failed to transform initial pose in time (Lookup would require extrapolation into the future.  Requested time 1929.762000 but the latest data is at time 1929.744000, when looking up transform from frame [base_footprint] to frame [odom])
[component_container_isolated-6] [INFO] [1791029631.923817432] [amcl]: Setting pose (1929.762000): -2.000 -0.500 0.000
[component_container_isolated-6] [INFO] [1791029632.023896720] [amcl]: initialPoseReceived
[component_container_isolated-6] [WARN] [1791029632.023942234] [amcl]: Failed to transform initial pose in time (Lookup would require extrapolation into the future.  Requested time 1929.861000 but the latest data is at time 1929.852000, when looking up transform from frame [base_footprint] to frame [odom])
[component_container_isolated-6] [INFO] [1791029632.023947564] [amcl]: Setting pose (1929.861000): -2.000 -0.500 0.000
[fault_injector-11] [INFO] [1791029632.124342530] [fault_injector]: localization rollback: initial pose restored
[component_container_isolated-6] [INFO] [1791029632.173905053] [global_costmap.global_costmap]: Received request to clear entirely the global_costmap
[component_container_isolated-6] [INFO] [1791029632.224192884] [local_costmap.local_costmap]: Received request to clear entirely the local_costmap
[component_container_isolated-6] [INFO] [1791029634.375351262] [bt_navigator]: Begin navigating from current location (-2.07, -0.54) to (0.75, 1.84)
[component_container_isolated-6] [INFO] [1791029634.395714429] [controller_server]: Received a goal, begin computing control effort.
[component_container_isolated-6] [INFO] [1791029634.432415355] [collision_monitor]: Robot to approach for 1.200000 seconds away from collision
[component_container_isolated-6] [INFO] [1791029634.612612353] [collision_monitor]: Robot to continue normal operation
[component_container_isolated-6] [INFO] [1791029635.445815467] [controller_server]: Passing new path to controller.
[component_container_isolated-6] [INFO] [1791029636.495817689] [controller_server]: Passing new path to controller.
[component_container_isolated-6] [INFO] [1791029637.495813880] [controller_server]: Passing new path to controller.
[component_container_isolated-6] [INFO] [1791029638.545814947] [controller_server]: Passing new path to controller.
[component_container_isolated-6] [INFO] [1791029639.545815502] [controller_server]: Passing new path to controller.
[component_container_isolated-6] [INFO] [1791029640.595776853] [controller_server]: Passing new path to controller.
[component_container_isolated-6] [INFO] [1791029641.595814275] [controller_server]: Passing new path to controller.
[component_container_isolated-6] [INFO] [1791029642.645813848] [controller_server]: Passing new path to controller.
[component_container_isolated-6] [INFO] [1791029643.645812371] [controller_server]: Passing new path to controller.
[component_container_isolated-6] [INFO] [1791029644.695813146] [controller_server]: Passing new path to controller.
[component_container_isolated-6] [INFO] [1791029645.695813336] [controller_server]: Passing new path to controller.
[component_container_isolated-6] [INFO] [1791029646.745813972] [controller_server]: Passing new path to controller.
[component_container_isolated-6] [INFO] [1791029647.745812290] [controller_server]: Passing new path to controller.
[component_container_isolated-6] [INFO] [1791029648.795816679] [controller_server]: Passing new path to controller.
[component_container_isolated-6] [INFO] [1791029649.095834268] [controller_server]: Reached the goal!
[component_container_isolated-6] [INFO] [1791029649.096530612] [controller_server]: Optimizer reset
[component_container_isolated-6] [INFO] [1791029649.125541745] [bt_navigator]: Goal succeeded
[component_container_isolated-6] [INFO] [1791029649.570099088] [amcl]: initialPoseReceived
[component_container_isolated-6] [WARN] [1791029649.570154373] [amcl]: Failed to transform initial pose in time (Lookup would require extrapolation into the future.  Requested time 1791029649.569989 but the latest data is at time 1948.201000, when looking up transform from frame [odom] to frame [base_footprint])
[component_container_isolated-6] [INFO] [1791029649.570160754] [amcl]: Setting pose (1947.312000): -2.000 -0.500 0.000
[episode_reset-9] [INFO] [1791029651.570568069] [episode_reset]: Episode reset to (-2.0, -0.5, 0.0).
[component_container_isolated-6] [INFO] [1791029651.703317102] [bt_navigator]: Begin navigating from current location (-2.00, -0.48) to (0.75, 1.84)
[component_container_isolated-6] [INFO] [1791029651.723680404] [controller_server]: Received a goal, begin computing control effort.
[component_container_isolated-6] [INFO] [1791029652.773774450] [controller_server]: Passing new path to controller.
[component_container_isolated-6] [INFO] [1791029653.823774987] [controller_server]: Passing new path to controller.
[component_container_isolated-6] [INFO] [1791029654.823773753] [controller_server]: Passing new path to controller.
[component_container_isolated-6] [INFO] [1791029655.873779658] [controller_server]: Passing new path to controller.
[component_container_isolated-6] [INFO] [1791029656.873777338] [controller_server]: Passing new path to controller.
[component_container_isolated-6] [INFO] [1791029657.923779021] [controller_server]: Passing new path to controller.
[component_container_isolated-6] [INFO] [1791029658.923774135] [controller_server]: Passing new path to controller.
[component_container_isolated-6] [WARN] [1791029659.913915567] [planner_server]: GridBased plugin failed to plan from (-1.27, 1.04) to (0.75, 1.84): "Failed to create plan with tolerance of: 0.500000"
[component_container_isolated-6] [WARN] [1791029659.913946920] [planner_server]: [compute_path_to_pose] [ActionServer] Aborting handle.
[component_container_isolated-6] [INFO] [1791029659.933607384] [global_costmap.global_costmap]: Received request to clear entirely the global_costmap
[component_container_isolated-6] [WARN] [1791029660.614244961] [planner_server]: GridBased plugin failed to plan from (-1.08, 1.29) to (0.75, 1.84): "Failed to create plan with tolerance of: 0.500000"
[component_container_isolated-6] [WARN] [1791029660.614276214] [planner_server]: [compute_path_to_pose] [ActionServer] Aborting handle.
[component_container_isolated-6] [ERROR] [1791029660.653689294] [bt_navigator_navigate_to_pose_rclcpp_node]: Failed to get result for follow_path in node halt!
[component_container_isolated-6] [INFO] [1791029660.653826057] [local_costmap.local_costmap]: Received request to clear entirely the local_costmap
[component_container_isolated-6] [INFO] [1791029660.653975770] [global_costmap.global_costmap]: Received request to clear entirely the global_costmap
[component_container_isolated-6] [INFO] [1791029660.673775654] [controller_server]: Cancellation was successful. Stopping the robot.
[component_container_isolated-6] [INFO] [1791029660.673794755] [controller_server]: [follow_path] [ActionServer] Client requested to cancel the goal. Cancelling.
[component_container_isolated-6] [INFO] [1791029660.674091252] [controller_server]: Optimizer reset
[component_container_isolated-6] [WARN] [1791029661.614663201] [planner_server]: GridBased plugin failed to plan from (-1.00, 1.40) to (0.75, 1.84): "Failed to create plan with tolerance of: 0.500000"
[component_container_isolated-6] [WARN] [1791029661.614692764] [planner_server]: [compute_path_to_pose] [ActionServer] Aborting handle.
[component_container_isolated-6] [INFO] [1791029661.624865389] [global_costmap.global_costmap]: Received request to clear entirely the global_costmap
[component_container_isolated-6] [WARN] [1791029662.615405788] [planner_server]: GridBased plugin failed to plan from (-1.01, 1.39) to (0.75, 1.84): "Failed to create plan with tolerance of: 0.500000"
[component_container_isolated-6] [WARN] [1791029662.615435901] [planner_server]: [compute_path_to_pose] [ActionServer] Aborting handle.
[component_container_isolated-6] [INFO] [1791029662.634924881] [behavior_server]: Running spin
[component_container_isolated-6] [INFO] [1791029662.634971455] [behavior_server]: Turning 1.57 for spin behavior.
[component_container_isolated-6] [INFO] [1791029664.535086335] [behavior_server]: spin completed successfully
[component_container_isolated-6] [INFO] [1791029664.574897147] [controller_server]: Received a goal, begin computing control effort.
[component_container_isolated-6] [WARN] [1791029665.585473373] [planner_server]: GridBased plugin failed to plan from (-1.22, 1.40) to (0.75, 1.84): "Failed to create plan with tolerance of: 0.500000"
[component_container_isolated-6] [WARN] [1791029665.585503426] [planner_server]: [compute_path_to_pose] [ActionServer] Aborting handle.
[component_container_isolated-6] [INFO] [1791029665.604863775] [global_costmap.global_costmap]: Received request to clear entirely the global_costmap
[component_container_isolated-6] [WARN] [1791029665.615371644] [planner_server]: GridBased plugin failed to plan from (-1.22, 1.41) to (0.75, 1.84): "Failed to create plan with tolerance of: 0.500000"
[component_container_isolated-6] [WARN] [1791029665.615394546] [planner_server]: [compute_path_to_pose] [ActionServer] Aborting handle.
[component_container_isolated-6] [ERROR] [1791029665.654887334] [bt_navigator_navigate_to_pose_rclcpp_node]: Failed to get result for follow_path in node halt!
[component_container_isolated-6] [INFO] [1791029665.655090442] [behavior_server]: Running wait
[component_container_isolated-6] [INFO] [1791029665.675007141] [controller_server]: Cancellation was successful. Stopping the robot.
[component_container_isolated-6] [INFO] [1791029665.675033933] [controller_server]: [follow_path] [ActionServer] Client requested to cancel the goal. Cancelling.
[component_container_isolated-6] [INFO] [1791029665.675419268] [controller_server]: Optimizer reset
[component_container_isolated-6] [INFO] [1791029670.755170108] [behavior_server]: wait completed successfully
[component_container_isolated-6] [INFO] [1791029670.785662148] [controller_server]: Received a goal, begin computing control effort.
[component_container_isolated-6] [INFO] [1791029671.835752524] [controller_server]: Passing new path to controller.
[component_container_isolated-6] [INFO] [1791029672.885755107] [controller_server]: Passing new path to controller.
[component_container_isolated-6] [INFO] [1791029673.885756370] [controller_server]: Passing new path to controller.
[component_container_isolated-6] [INFO] [1791029674.935755083] [controller_server]: Passing new path to controller.
[component_container_isolated-6] [INFO] [1791029675.935753871] [controller_server]: Passing new path to controller.
[component_container_isolated-6] [INFO] [1791029676.985746354] [controller_server]: Passing new path to controller.
[component_container_isolated-6] [INFO] [1791029677.985752049] [controller_server]: Passing new path to controller.
[component_container_isolated-6] [INFO] [1791029679.035753030] [controller_server]: Passing new path to controller.
[component_container_isolated-6] [INFO] [1791029680.035755272] [controller_server]: Passing new path to controller.
[component_container_isolated-6] [INFO] [1791029681.085754594] [controller_server]: Passing new path to controller.
[component_container_isolated-6] [INFO] [1791029681.085829781] [controller_server]: Reached the goal!
[component_container_isolated-6] [INFO] [1791029681.086445994] [controller_server]: Optimizer reset
[component_container_isolated-6] [INFO] [1791029681.125506681] [bt_navigator]: Goal succeeded
[component_container_isolated-6] [INFO] [1791029681.600720217] [amcl]: initialPoseReceived
[component_container_isolated-6] [WARN] [1791029681.600767851] [amcl]: Failed to transform initial pose in time (Lookup would require extrapolation into the future.  Requested time 1979.247000 but the latest data is at time 1979.244000, when looking up transform from frame [base_footprint] to frame [odom])
[component_container_isolated-6] [INFO] [1791029681.600773622] [amcl]: Setting pose (1979.247000): -2.000 -0.500 0.000
[episode_reset-9] [INFO] [1791029683.601114876] [episode_reset]: Episode reset to (-2.0, -0.5, 0.0).
[component_container_isolated-6] [INFO] [1791029683.630652046] [amcl]: initialPoseReceived
[component_container_isolated-6] [WARN] [1791029683.630694519] [amcl]: Failed to transform initial pose in time (Lookup would require extrapolation into the future.  Requested time 1981.278000 but the latest data is at time 1981.260000, when looking up transform from frame [base_footprint] to frame [odom])
[component_container_isolated-6] [INFO] [1791029683.630700490] [amcl]: Setting pose (1981.278000): -1.350 -0.950 0.350
[component_container_isolated-6] [INFO] [1791029683.730793653] [amcl]: initialPoseReceived
[component_container_isolated-6] [WARN] [1791029683.730842327] [amcl]: Failed to transform initial pose in time (Lookup would require extrapolation into the future.  Requested time 1981.377000 but the latest data is at time 1981.368000, when looking up transform from frame [base_footprint] to frame [odom])
[component_container_isolated-6] [INFO] [1791029683.730848098] [amcl]: Setting pose (1981.377000): -1.350 -0.950 0.350
[component_container_isolated-6] [INFO] [1791029683.830932910] [amcl]: initialPoseReceived
[component_container_isolated-6] [WARN] [1791029683.830976134] [amcl]: Failed to transform initial pose in time (Lookup would require extrapolation into the future.  Requested time 1791029683.630542 but the latest data is at time 1982.401000, when looking up transform from frame [odom] to frame [base_footprint])
[component_container_isolated-6] [INFO] [1791029683.830982814] [amcl]: Setting pose (1981.476000): -1.350 -0.950 0.350
[component_container_isolated-6] [INFO] [1791029683.931088128] [amcl]: initialPoseReceived
[component_container_isolated-6] [WARN] [1791029683.931160865] [amcl]: Failed to transform initial pose in time (Lookup would require extrapolation into the future.  Requested time 1981.578000 but the latest data is at time 1981.548000, when looking up transform from frame [base_footprint] to frame [odom])
[component_container_isolated-6] [INFO] [1791029683.931169726] [amcl]: Setting pose (1981.578000): -1.350 -0.950 0.350
[fault_injector-11] [INFO] [1791029684.031547139] [fault_injector]: localization inject: {"offset_x": 0.65, "offset_y": -0.45, "offset_yaw": 0.35}
[component_container_isolated-6] [INFO] [1791029684.332770596] [bt_navigator]: Begin navigating from current location (-1.97, -0.52) to (0.75, 1.84)
[component_container_isolated-6] [INFO] [1791029684.353132647] [controller_server]: Received a goal, begin computing control effort.
[component_container_isolated-6] [WARN] [1791029685.363784081] [planner_server]: GridBased plugin failed to plan from (-1.36, -0.98) to (0.75, 1.84): "Failed to create plan with tolerance of: 0.500000"
[component_container_isolated-6] [WARN] [1791029685.363826295] [planner_server]: [compute_path_to_pose] [ActionServer] Aborting handle.
[component_container_isolated-6] [INFO] [1791029685.383076527] [global_costmap.global_costmap]: Received request to clear entirely the global_costmap
[component_container_isolated-6] [WARN] [1791029685.613635768] [planner_server]: GridBased plugin failed to plan from (-1.36, -0.98) to (0.75, 1.84): "Failed to create plan with tolerance of: 0.500000"
[component_container_isolated-6] [WARN] [1791029685.613668641] [planner_server]: [compute_path_to_pose] [ActionServer] Aborting handle.
[component_container_isolated-6] [ERROR] [1791029685.653229018] [bt_navigator_navigate_to_pose_rclcpp_node]: Failed to get result for follow_path in node halt!
[component_container_isolated-6] [INFO] [1791029685.653235958] [controller_server]: Cancellation was successful. Stopping the robot.
[component_container_isolated-6] [INFO] [1791029685.653285502] [controller_server]: [follow_path] [ActionServer] Client requested to cancel the goal. Cancelling.
[component_container_isolated-6] [INFO] [1791029685.653362319] [local_costmap.local_costmap]: Received request to clear entirely the local_costmap
[component_container_isolated-6] [INFO] [1791029685.653557686] [controller_server]: Optimizer reset
[component_container_isolated-6] [INFO] [1791029685.653586848] [global_costmap.global_costmap]: Received request to clear entirely the global_costmap
[component_container_isolated-6] [WARN] [1791029686.614570929] [planner_server]: GridBased plugin failed to plan from (-1.32, -0.95) to (0.75, 1.84): "Failed to create plan with tolerance of: 0.500000"
[component_container_isolated-6] [WARN] [1791029686.614604172] [planner_server]: [compute_path_to_pose] [ActionServer] Aborting handle.
[component_container_isolated-6] [INFO] [1791029686.634502077] [global_costmap.global_costmap]: Received request to clear entirely the global_costmap
[component_container_isolated-6] [WARN] [1791029687.615155854] [planner_server]: GridBased plugin failed to plan from (-1.30, -0.92) to (0.75, 1.84): "Failed to create plan with tolerance of: 0.500000"
[component_container_isolated-6] [WARN] [1791029687.615187747] [planner_server]: [compute_path_to_pose] [ActionServer] Aborting handle.
[component_container_isolated-6] [INFO] [1791029687.634600408] [behavior_server]: Running spin
[component_container_isolated-6] [INFO] [1791029687.634648092] [behavior_server]: Turning 1.57 for spin behavior.
[component_container_isolated-6] [INFO] [1791029689.534751442] [behavior_server]: spin completed successfully
[component_container_isolated-6] [WARN] [1791029689.554875618] [planner_server]: GridBased plugin failed to plan from (-1.31, -0.90) to (0.75, 1.84): "Failed to create plan with tolerance of: 0.500000"
[component_container_isolated-6] [WARN] [1791029689.554906731] [planner_server]: [compute_path_to_pose] [ActionServer] Aborting handle.
[component_container_isolated-6] [INFO] [1791029689.574484320] [global_costmap.global_costmap]: Received request to clear entirely the global_costmap
[component_container_isolated-6] [WARN] [1791029689.614997576] [planner_server]: GridBased plugin failed to plan from (-1.30, -0.90) to (0.75, 1.84): "Failed to create plan with tolerance of: 0.500000"
[component_container_isolated-6] [WARN] [1791029689.615024648] [planner_server]: [compute_path_to_pose] [ActionServer] Aborting handle.
[component_container_isolated-6] [INFO] [1791029689.634517990] [behavior_server]: Running wait
[component_container_isolated-6] [INFO] [1791029694.734618998] [behavior_server]: wait completed successfully
[component_container_isolated-6] [WARN] [1791029694.754862699] [planner_server]: GridBased plugin failed to plan from (-1.35, -0.93) to (0.75, 1.84): "Failed to create plan with tolerance of: 0.500000"
[component_container_isolated-6] [WARN] [1791029694.754889992] [planner_server]: [compute_path_to_pose] [ActionServer] Aborting handle.
[component_container_isolated-6] [INFO] [1791029694.774467197] [global_costmap.global_costmap]: Received request to clear entirely the global_costmap
[component_container_isolated-6] [WARN] [1791029695.615010807] [planner_server]: GridBased plugin failed to plan from (-1.35, -0.93) to (0.75, 1.84): "Failed to create plan with tolerance of: 0.500000"
[component_container_isolated-6] [WARN] [1791029695.615042460] [planner_server]: [compute_path_to_pose] [ActionServer] Aborting handle.
[component_container_isolated-6] [INFO] [1791029695.634573448] [behavior_server]: Running backup
[component_container_isolated-6] [WARN] [1791029695.634655415] [behavior_server]: Collision Ahead - Exiting DriveOnHeading
[component_container_isolated-6] [WARN] [1791029695.634662686] [behavior_server]: backup failed
[component_container_isolated-6] [WARN] [1791029695.634666126] [behavior_server]: [backup] [ActionServer] Aborting handle.
[component_container_isolated-6] [INFO] [1791029695.654365609] [local_costmap.local_costmap]: Received request to clear entirely the local_costmap
[component_container_isolated-6] [INFO] [1791029695.654502690] [global_costmap.global_costmap]: Received request to clear entirely the global_costmap
[component_container_isolated-6] [WARN] [1791029696.615155351] [planner_server]: GridBased plugin failed to plan from (-1.35, -0.93) to (0.75, 1.84): "Failed to create plan with tolerance of: 0.500000"
[component_container_isolated-6] [WARN] [1791029696.615181103] [planner_server]: [compute_path_to_pose] [ActionServer] Aborting handle.
[component_container_isolated-6] [INFO] [1791029696.634496950] [global_costmap.global_costmap]: Received request to clear entirely the global_costmap
[component_container_isolated-6] [WARN] [1791029697.615087983] [planner_server]: GridBased plugin failed to plan from (-1.35, -0.93) to (0.75, 1.84): "Failed to create plan with tolerance of: 0.500000"
[component_container_isolated-6] [WARN] [1791029697.615117646] [planner_server]: [compute_path_to_pose] [ActionServer] Aborting handle.
[component_container_isolated-6] [INFO] [1791029697.634585403] [behavior_server]: Running spin
[component_container_isolated-6] [INFO] [1791029697.634640148] [behavior_server]: Turning 1.57 for spin behavior.
[component_container_isolated-6] [INFO] [1791029697.982412901] [collision_monitor]: Robot to approach for 1.200000 seconds away from collision
[component_container_isolated-6] [INFO] [1791029698.382433402] [collision_monitor]: Robot to continue normal operation
[component_container_isolated-6] [WARN] [1791029698.434767774] [behavior_server]: Collision Ahead - Exiting Spin
[component_container_isolated-6] [WARN] [1791029698.434789326] [behavior_server]: spin failed
[component_container_isolated-6] [WARN] [1791029698.434795777] [behavior_server]: [spin] [ActionServer] Aborting handle.
[component_container_isolated-6] [INFO] [1791029698.454373301] [behavior_server]: Running wait
[component_container_isolated-6] [INFO] [1791029698.592477589] [collision_monitor]: Robot to approach for 1.200000 seconds away from collision
[component_container_isolated-6] [INFO] [1791029698.632447137] [collision_monitor]: Robot to continue normal operation
[component_container_isolated-6] [INFO] [1791029703.554480552] [behavior_server]: wait completed successfully
[component_container_isolated-6] [WARN] [1791029703.574859800] [planner_server]: GridBased plugin failed to plan from (-1.42, -1.00) to (0.75, 1.84): "Failed to create plan with tolerance of: 0.500000"
[component_container_isolated-6] [WARN] [1791029703.574887052] [planner_server]: [compute_path_to_pose] [ActionServer] Aborting handle.
[component_container_isolated-6] [INFO] [1791029703.594494135] [global_costmap.global_costmap]: Received request to clear entirely the global_costmap
[component_container_isolated-6] [WARN] [1791029703.615063008] [planner_server]: GridBased plugin failed to plan from (-1.42, -1.00) to (0.75, 1.84): "Failed to create plan with tolerance of: 0.500000"
[component_container_isolated-6] [WARN] [1791029703.615092341] [planner_server]: [compute_path_to_pose] [ActionServer] Aborting handle.
[component_container_isolated-6] [INFO] [1791029703.634601805] [behavior_server]: Running backup
[component_container_isolated-6] [WARN] [1791029703.634685682] [behavior_server]: Collision Ahead - Exiting DriveOnHeading
[component_container_isolated-6] [WARN] [1791029703.634697473] [behavior_server]: backup failed
[component_container_isolated-6] [WARN] [1791029703.634701734] [behavior_server]: [backup] [ActionServer] Aborting handle.
[component_container_isolated-6] [INFO] [1791029703.654384583] [local_costmap.local_costmap]: Received request to clear entirely the local_costmap
[component_container_isolated-6] [INFO] [1791029703.654530765] [global_costmap.global_costmap]: Received request to clear entirely the global_costmap
[component_container_isolated-6] [WARN] [1791029704.615199049] [planner_server]: GridBased plugin failed to plan from (-1.42, -1.00) to (0.75, 1.84): "Failed to create plan with tolerance of: 0.500000"
[component_container_isolated-6] [WARN] [1791029704.615228602] [planner_server]: [compute_path_to_pose] [ActionServer] Aborting handle.
[component_container_isolated-6] [INFO] [1791029704.634501564] [global_costmap.global_costmap]: Received request to clear entirely the global_costmap
[component_container_isolated-6] [WARN] [1791029705.615089070] [planner_server]: GridBased plugin failed to plan from (-1.42, -1.00) to (0.75, 1.84): "Failed to create plan with tolerance of: 0.500000"
[component_container_isolated-6] [WARN] [1791029705.615120032] [planner_server]: [compute_path_to_pose] [ActionServer] Aborting handle.
[component_container_isolated-6] [WARN] [1791029705.644319891] [bt_navigator]: [navigate_to_pose] [ActionServer] Aborting handle.
[component_container_isolated-6] [ERROR] [1791029705.644417179] [bt_navigator]: Goal failed
[component_container_isolated-6] [INFO] [1791029705.739735848] [amcl]: initialPoseReceived
[component_container_isolated-6] [WARN] [1791029705.739806464] [amcl]: Failed to transform initial pose in time (Lookup would require extrapolation into the future.  Requested time 2003.385000 but the latest data is at time 2003.364000, when looking up transform from frame [base_footprint] to frame [odom])
[component_container_isolated-6] [INFO] [1791029705.739814095] [amcl]: Setting pose (2003.385000): -2.000 -0.500 0.000
[component_container_isolated-6] [INFO] [1791029705.839865290] [amcl]: initialPoseReceived
[component_container_isolated-6] [WARN] [1791029705.839920934] [amcl]: Failed to transform initial pose in time (Lookup would require extrapolation into the future.  Requested time 2003.487000 but the latest data is at time 2003.472000, when looking up transform from frame [base_footprint] to frame [odom])
[component_container_isolated-6] [INFO] [1791029705.839927475] [amcl]: Setting pose (2003.487000): -2.000 -0.500 0.000
[component_container_isolated-6] [INFO] [1791029705.940028664] [amcl]: initialPoseReceived
[component_container_isolated-6] [WARN] [1791029705.940091079] [amcl]: Failed to transform initial pose in time (Lookup would require extrapolation into the future.  Requested time 2003.586000 but the latest data is at time 2003.580000, when looking up transform from frame [base_footprint] to frame [odom])
[component_container_isolated-6] [INFO] [1791029705.940098860] [amcl]: Setting pose (2003.586000): -2.000 -0.500 0.000
[component_container_isolated-6] [INFO] [1791029706.040171341] [amcl]: initialPoseReceived
[component_container_isolated-6] [WARN] [1791029706.040226946] [amcl]: Failed to transform initial pose in time (Lookup would require extrapolation into the future.  Requested time 2003.685000 but the latest data is at time 2003.652000, when looking up transform from frame [base_footprint] to frame [odom])
[component_container_isolated-6] [INFO] [1791029706.040232886] [amcl]: Setting pose (2003.685000): -2.000 -0.500 0.000
[fault_injector-11] [INFO] [1791029706.140553879] [fault_injector]: localization rollback: initial pose restored
[component_container_isolated-6] [INFO] [1791029706.190279285] [global_costmap.global_costmap]: Received request to clear entirely the global_costmap
[component_container_isolated-6] [INFO] [1791029706.240550316] [local_costmap.local_costmap]: Received request to clear entirely the local_costmap
[component_container_isolated-6] [INFO] [1791029708.391691229] [bt_navigator]: Begin navigating from current location (-2.02, -0.51) to (0.75, 1.84)
[component_container_isolated-6] [INFO] [1791029708.412067202] [controller_server]: Received a goal, begin computing control effort.
[component_container_isolated-6] [INFO] [1791029708.462622292] [collision_monitor]: Robot to approach for 1.200000 seconds away from collision
[component_container_isolated-6] [INFO] [1791029708.602534647] [collision_monitor]: Robot to continue normal operation
[component_container_isolated-6] [INFO] [1791029709.462157697] [controller_server]: Passing new path to controller.
[component_container_isolated-6] [INFO] [1791029710.512158701] [controller_server]: Passing new path to controller.
[component_container_isolated-6] [INFO] [1791029711.512157040] [controller_server]: Passing new path to controller.
[component_container_isolated-6] [INFO] [1791029712.562157417] [controller_server]: Passing new path to controller.
[component_container_isolated-6] [INFO] [1791029713.562156672] [controller_server]: Passing new path to controller.
[component_container_isolated-6] [INFO] [1791029714.612157013] [controller_server]: Passing new path to controller.
[component_container_isolated-6] [INFO] [1791029715.612155906] [controller_server]: Passing new path to controller.
[component_container_isolated-6] [INFO] [1791029716.662157262] [controller_server]: Passing new path to controller.
[component_container_isolated-6] [INFO] [1791029717.662166355] [controller_server]: Passing new path to controller.
[component_container_isolated-6] [INFO] [1791029718.712159376] [controller_server]: Passing new path to controller.
[component_container_isolated-6] [INFO] [1791029719.712157839] [controller_server]: Passing new path to controller.
[component_container_isolated-6] [INFO] [1791029720.762157997] [controller_server]: Passing new path to controller.
[component_container_isolated-6] [INFO] [1791029721.762159662] [controller_server]: Passing new path to controller.
[component_container_isolated-6] [INFO] [1791029722.812159909] [controller_server]: Passing new path to controller.
[component_container_isolated-6] [INFO] [1791029722.812253316] [controller_server]: Reached the goal!
[component_container_isolated-6] [INFO] [1791029722.812527698] [controller_server]: Optimizer reset
[component_container_isolated-6] [INFO] [1791029722.851919646] [bt_navigator]: Goal succeeded
[component_container_isolated-6] [INFO] [1791029723.322695583] [amcl]: initialPoseReceived
[component_container_isolated-6] [WARN] [1791029723.322743267] [amcl]: Failed to transform initial pose in time (Lookup would require extrapolation into the future.  Requested time 2020.872000 but the latest data is at time 2020.860000, when looking up transform from frame [base_footprint] to frame [odom])
[component_container_isolated-6] [INFO] [1791029723.322748978] [amcl]: Setting pose (2020.872000): -2.000 -0.500 0.000
[episode_reset-9] [INFO] [1791029725.323074624] [episode_reset]: Episode reset to (-2.0, -0.5, 0.0).
[component_container_isolated-6] [INFO] [1791029725.452355885] [bt_navigator]: Begin navigating from current location (-1.97, -0.48) to (0.75, 1.84)
[component_container_isolated-6] [INFO] [1791029725.472748752] [controller_server]: Received a goal, begin computing control effort.
[component_container_isolated-6] [INFO] [1791029726.522848479] [controller_server]: Passing new path to controller.
[component_container_isolated-6] [INFO] [1791029727.572847571] [controller_server]: Passing new path to controller.
[component_container_isolated-6] [INFO] [1791029728.572848807] [controller_server]: Passing new path to controller.
[component_container_isolated-6] [INFO] [1791029729.622849841] [controller_server]: Passing new path to controller.
[component_container_isolated-6] [INFO] [1791029730.622851023] [controller_server]: Passing new path to controller.
[component_container_isolated-6] [INFO] [1791029731.672849100] [controller_server]: Passing new path to controller.
[component_container_isolated-6] [WARN] [1791029732.633174902] [planner_server]: GridBased plugin failed to plan from (-1.22, 0.68) to (0.75, 1.84): "Failed to create plan with tolerance of: 0.500000"
[component_container_isolated-6] [WARN] [1791029732.633209785] [planner_server]: [compute_path_to_pose] [ActionServer] Aborting handle.
[component_container_isolated-6] [INFO] [1791029732.652667888] [global_costmap.global_costmap]: Received request to clear entirely the global_costmap
[component_container_isolated-6] [WARN] [1791029733.613423290] [planner_server]: Planner loop missed its desired rate of 20.0000 Hz. Current loop rate is 1.0417 Hz
[component_container_isolated-6] [INFO] [1791029733.672850566] [controller_server]: Passing new path to controller.
[component_container_isolated-6] [INFO] [1791029734.672850001] [controller_server]: Passing new path to controller.
[component_container_isolated-6] [INFO] [1791029735.722850735] [controller_server]: Passing new path to controller.
[component_container_isolated-6] [INFO] [1791029736.722846918] [controller_server]: Passing new path to controller.
[component_container_isolated-6] [INFO] [1791029737.772849109] [controller_server]: Passing new path to controller.
[component_container_isolated-6] [INFO] [1791029738.772849903] [controller_server]: Passing new path to controller.
[component_container_isolated-6] [INFO] [1791029739.822848021] [controller_server]: Passing new path to controller.
[component_container_isolated-6] [INFO] [1791029740.822848427] [controller_server]: Passing new path to controller.
[component_container_isolated-6] [INFO] [1791029741.872851495] [controller_server]: Passing new path to controller.
[component_container_isolated-6] [INFO] [1791029742.872852153] [controller_server]: Passing new path to controller.
[component_container_isolated-6] [INFO] [1791029743.922849610] [controller_server]: Passing new path to controller.
[component_container_isolated-6] [INFO] [1791029744.922853123] [controller_server]: Passing new path to controller.
[component_container_isolated-6] [INFO] [1791029745.972847611] [controller_server]: Passing new path to controller.
[component_container_isolated-6] [INFO] [1791029746.122870795] [controller_server]: Reached the goal!
[component_container_isolated-6] [INFO] [1791029746.123117895] [controller_server]: Optimizer reset
[component_container_isolated-6] [INFO] [1791029746.152547660] [bt_navigator]: Goal succeeded
[component_container_isolated-6] [INFO] [1791029746.577071890] [amcl]: initialPoseReceived
[component_container_isolated-6] [WARN] [1791029746.577126934] [amcl]: Failed to transform initial pose in time (Lookup would require extrapolation into the future.  Requested time 2044.029000 but the latest data is at time 2044.008000, when looking up transform from frame [base_footprint] to frame [odom])
[component_container_isolated-6] [INFO] [1791029746.577136315] [amcl]: Setting pose (2044.029000): -2.000 -0.500 0.000
[episode_reset-9] [INFO] [1791029748.577479001] [episode_reset]: Episode reset to (-2.0, -0.5, 0.0).
[component_container_isolated-6] [INFO] [1791029748.611422509] [amcl]: initialPoseReceived
[component_container_isolated-6] [WARN] [1791029748.611468913] [amcl]: Failed to transform initial pose in time (Lookup would require extrapolation into the future.  Requested time 2046.063000 but the latest data is at time 2046.060000, when looking up transform from frame [base_footprint] to frame [odom])
[component_container_isolated-6] [INFO] [1791029748.611476503] [amcl]: Setting pose (2046.063000): -1.350 -0.950 0.350
[component_container_isolated-6] [INFO] [1791029748.711555003] [amcl]: initialPoseReceived
[component_container_isolated-6] [WARN] [1791029748.711609957] [amcl]: Failed to transform initial pose in time (Lookup would require extrapolation into the future.  Requested time 2046.162000 but the latest data is at time 2046.132000, when looking up transform from frame [base_footprint] to frame [odom])
[component_container_isolated-6] [INFO] [1791029748.711616488] [amcl]: Setting pose (2046.162000): -1.350 -0.950 0.350
[component_container_isolated-6] [INFO] [1791029748.811704398] [amcl]: initialPoseReceived
[component_container_isolated-6] [WARN] [1791029748.811760372] [amcl]: Failed to transform initial pose in time (Lookup would require extrapolation into the future.  Requested time 2046.264000 but the latest data is at time 2046.240000, when looking up transform from frame [base_footprint] to frame [odom])
[component_container_isolated-6] [INFO] [1791029748.811768773] [amcl]: Setting pose (2046.264000): -1.350 -0.950 0.350
[component_container_isolated-6] [INFO] [1791029748.911837282] [amcl]: initialPoseReceived
[component_container_isolated-6] [WARN] [1791029748.911896757] [amcl]: Failed to transform initial pose in time (Lookup would require extrapolation into the future.  Requested time 2046.363000 but the latest data is at time 2046.348000, when looking up transform from frame [base_footprint] to frame [odom])
[component_container_isolated-6] [INFO] [1791029748.911905667] [amcl]: Setting pose (2046.363000): -1.350 -0.950 0.350
[fault_injector-11] [INFO] [1791029749.012384937] [fault_injector]: localization inject: {"offset_x": 0.65, "offset_y": -0.45, "offset_yaw": 0.35}
[component_container_isolated-6] [INFO] [1791029749.313511326] [bt_navigator]: Begin navigating from current location (-1.99, -0.50) to (0.75, 1.84)
[component_container_isolated-6] [INFO] [1791029749.333904749] [controller_server]: Received a goal, begin computing control effort.
[component_container_isolated-6] [WARN] [1791029750.344481043] [planner_server]: GridBased plugin failed to plan from (-1.22, -0.88) to (0.75, 1.84): "Failed to create plan with tolerance of: 0.500000"
[component_container_isolated-6] [WARN] [1791029750.344513125] [planner_server]: [compute_path_to_pose] [ActionServer] Aborting handle.
[component_container_isolated-6] [INFO] [1791029750.363803720] [global_costmap.global_costmap]: Received request to clear entirely the global_costmap
[component_container_isolated-6] [WARN] [1791029750.614407066] [planner_server]: GridBased plugin failed to plan from (-1.14, -0.83) to (0.75, 1.84): "Failed to create plan with tolerance of: 0.500000"
[component_container_isolated-6] [WARN] [1791029750.614436738] [planner_server]: [compute_path_to_pose] [ActionServer] Aborting handle.
[component_container_isolated-6] [INFO] [1791029750.634005784] [controller_server]: Cancellation was successful. Stopping the robot.
[component_container_isolated-6] [INFO] [1791029750.634027066] [controller_server]: [follow_path] [ActionServer] Client requested to cancel the goal. Cancelling.
[component_container_isolated-6] [INFO] [1791029750.634176298] [local_costmap.local_costmap]: Received request to clear entirely the local_costmap
[component_container_isolated-6] [INFO] [1791029750.634274405] [controller_server]: Optimizer reset
[component_container_isolated-6] [INFO] [1791029750.634349261] [global_costmap.global_costmap]: Received request to clear entirely the global_costmap
[component_container_isolated-6] [WARN] [1791029751.615335678] [planner_server]: Planner loop missed its desired rate of 20.0000 Hz. Current loop rate is 1.0194 Hz
[component_container_isolated-6] [INFO] [1791029751.633907224] [controller_server]: Received a goal, begin computing control effort.
[component_container_isolated-6] [INFO] [1791029752.684011063] [controller_server]: Passing new path to controller.
[component_container_isolated-6] [INFO] [1791029753.734012604] [controller_server]: Passing new path to controller.
[component_container_isolated-6] [INFO] [1791029754.734008926] [controller_server]: Passing new path to controller.
[component_container_isolated-6] [INFO] [1791029755.784009273] [controller_server]: Passing new path to controller.
[component_container_isolated-6] [INFO] [1791029756.784014215] [controller_server]: Passing new path to controller.
[component_container_isolated-6] [INFO] [1791029757.834010290] [controller_server]: Passing new path to controller.
[component_container_isolated-6] [INFO] [1791029758.834009753] [controller_server]: Passing new path to controller.
[component_container_isolated-6] [INFO] [1791029759.884009326] [controller_server]: Passing new path to controller.
[component_container_isolated-6] [INFO] [1791029760.884007940] [controller_server]: Passing new path to controller.
[component_container_isolated-6] [INFO] [1791029761.934010173] [controller_server]: Passing new path to controller.
[component_container_isolated-6] [INFO] [1791029762.934008821] [controller_server]: Passing new path to controller.
[component_container_isolated-6] [INFO] [1791029763.984011365] [controller_server]: Passing new path to controller.
[component_container_isolated-6] [INFO] [1791029763.984105642] [controller_server]: Reached the goal!
[component_container_isolated-6] [INFO] [1791029763.984389694] [controller_server]: Optimizer reset
[component_container_isolated-6] [INFO] [1791029764.023713703] [bt_navigator]: Goal succeeded
[component_container_isolated-6] [INFO] [1791029764.040492633] [amcl]: initialPoseReceived
[component_container_isolated-6] [WARN] [1791029764.040557848] [amcl]: Failed to transform initial pose in time (Lookup would require extrapolation into the future.  Requested time 2061.492000 but the latest data is at time 2061.468000, when looking up transform from frame [base_footprint] to frame [odom])
[component_container_isolated-6] [INFO] [1791029764.040565029] [amcl]: Setting pose (2061.492000): -2.000 -0.500 0.000
[component_container_isolated-6] [INFO] [1791029764.140620904] [amcl]: initialPoseReceived
[component_container_isolated-6] [WARN] [1791029764.140671938] [amcl]: Failed to transform initial pose in time (Lookup would require extrapolation into the future.  Requested time 2061.591000 but the latest data is at time 2061.576000, when looking up transform from frame [base_footprint] to frame [odom])
[component_container_isolated-6] [INFO] [1791029764.140677588] [amcl]: Setting pose (2061.591000): -2.000 -0.500 0.000
[component_container_isolated-6] [INFO] [1791029764.240751705] [amcl]: initialPoseReceived
[component_container_isolated-6] [WARN] [1791029764.240797898] [amcl]: Failed to transform initial pose in time (Lookup would require extrapolation into the future.  Requested time 2061.693000 but the latest data is at time 2061.684000, when looking up transform from frame [base_footprint] to frame [odom])
[component_container_isolated-6] [INFO] [1791029764.240803559] [amcl]: Setting pose (2061.693000): -2.000 -0.500 0.000
[component_container_isolated-6] [INFO] [1791029764.340903747] [amcl]: initialPoseReceived
[component_container_isolated-6] [WARN] [1791029764.340962962] [amcl]: Failed to transform initial pose in time (Lookup would require extrapolation into the future.  Requested time 1791029764.040366 but the latest data is at time 2062.600000, when looking up transform from frame [odom] to frame [base_footprint])
[component_container_isolated-6] [INFO] [1791029764.340972312] [amcl]: Setting pose (2061.792000): -2.000 -0.500 0.000
[fault_injector-11] [INFO] [1791029764.441411277] [fault_injector]: localization rollback: initial pose restored
[component_container_isolated-6] [INFO] [1791029764.490872691] [global_costmap.global_costmap]: Received request to clear entirely the global_costmap
[component_container_isolated-6] [INFO] [1791029764.541229274] [local_costmap.local_costmap]: Received request to clear entirely the local_costmap
[component_container_isolated-6] [INFO] [1791029766.692448804] [bt_navigator]: Begin navigating from current location (-1.95, -0.48) to (0.75, 1.84)
[component_container_isolated-6] [INFO] [1791029766.712776798] [controller_server]: Received a goal, begin computing control effort.
[component_container_isolated-6] [INFO] [1791029767.762882455] [controller_server]: Passing new path to controller.
[component_container_isolated-6] [INFO] [1791029768.762886217] [controller_server]: Passing new path to controller.
[component_container_isolated-6] [INFO] [1791029769.812886820] [controller_server]: Passing new path to controller.
[component_container_isolated-6] [INFO] [1791029770.812843976] [controller_server]: Passing new path to controller.
[component_container_isolated-6] [INFO] [1791029771.862887667] [controller_server]: Passing new path to controller.
[component_container_isolated-6] [INFO] [1791029772.862886913] [controller_server]: Passing new path to controller.
[component_container_isolated-6] [INFO] [1791029773.912888387] [controller_server]: Passing new path to controller.
[component_container_isolated-6] [INFO] [1791029774.912886872] [controller_server]: Passing new path to controller.
[component_container_isolated-6] [INFO] [1791029775.962886263] [controller_server]: Passing new path to controller.
[component_container_isolated-6] [INFO] [1791029776.962882568] [controller_server]: Passing new path to controller.
[component_container_isolated-6] [INFO] [1791029778.012885186] [controller_server]: Passing new path to controller.
[component_container_isolated-6] [INFO] [1791029779.012883752] [controller_server]: Passing new path to controller.
[component_container_isolated-6] [INFO] [1791029780.062887693] [controller_server]: Passing new path to controller.
[component_container_isolated-6] [INFO] [1791029780.362902397] [controller_server]: Reached the goal!
[component_container_isolated-6] [INFO] [1791029780.363235342] [controller_server]: Optimizer reset
[component_container_isolated-6] [INFO] [1791029780.392594427] [bt_navigator]: Goal succeeded
[component_container_isolated-6] [INFO] [1791029784.075668338] [amcl]: initialPoseReceived
[component_container_isolated-6] [WARN] [1791029784.075724732] [amcl]: Failed to transform initial pose in time (Lookup would require extrapolation into the future.  Requested time 2081.430000 but the latest data is at time 2081.412000, when looking up transform from frame [base_footprint] to frame [odom])
[component_container_isolated-6] [INFO] [1791029784.075732482] [amcl]: Setting pose (2081.430000): -2.000 -0.500 0.000
[episode_reset-9] [INFO] [1791029786.076029124] [episode_reset]: Episode reset to (-2.0, -0.5, 0.0).
[component_container_isolated-6] [INFO] [1791029786.196750100] [bt_navigator]: Begin navigating from current location (-1.98, -0.51) to (0.75, 1.84)
[component_container_isolated-6] [WARN] [1791029786.197454061] [planner_server]: GridBased plugin failed to plan from (-1.98, -0.51) to (0.75, 1.84): "Failed to create plan with tolerance of: 0.500000"
[component_container_isolated-6] [WARN] [1791029786.197480103] [planner_server]: [compute_path_to_pose] [ActionServer] Aborting handle.
[component_container_isolated-6] [INFO] [1791029786.217040991] [global_costmap.global_costmap]: Received request to clear entirely the global_costmap
[component_container_isolated-6] [WARN] [1791029786.617711720] [planner_server]: Planner loop missed its desired rate of 20.0000 Hz. Current loop rate is 2.5063 Hz
[component_container_isolated-6] [INFO] [1791029786.637100936] [controller_server]: Received a goal, begin computing control effort.
[component_container_isolated-6] [INFO] [1791029787.687217469] [controller_server]: Passing new path to controller.
[component_container_isolated-6] [INFO] [1791029788.687212852] [controller_server]: Passing new path to controller.
[component_container_isolated-6] [INFO] [1791029789.737213040] [controller_server]: Passing new path to controller.
[component_container_isolated-6] [INFO] [1791029790.737213900] [controller_server]: Passing new path to controller.
[component_container_isolated-6] [INFO] [1791029791.787210273] [controller_server]: Passing new path to controller.
[component_container_isolated-6] [INFO] [1791029792.787210351] [controller_server]: Passing new path to controller.
[component_container_isolated-6] [INFO] [1791029793.837166727] [controller_server]: Passing new path to controller.
[component_container_isolated-6] [INFO] [1791029794.837171763] [controller_server]: Passing new path to controller.
[component_container_isolated-6] [INFO] [1791029795.887213943] [controller_server]: Passing new path to controller.
[component_container_isolated-6] [WARN] [1791029796.857409017] [planner_server]: GridBased plugin failed to plan from (-1.29, 1.19) to (0.75, 1.84): "Failed to create plan with tolerance of: 0.500000"
[component_container_isolated-6] [WARN] [1791029796.857439079] [planner_server]: [compute_path_to_pose] [ActionServer] Aborting handle.
[component_container_isolated-6] [INFO] [1791029796.877072560] [global_costmap.global_costmap]: Received request to clear entirely the global_costmap
[component_container_isolated-6] [WARN] [1791029797.617694435] [planner_server]: GridBased plugin failed to plan from (-1.13, 1.41) to (0.75, 1.84): "Failed to create plan with tolerance of: 0.500000"
[component_container_isolated-6] [WARN] [1791029797.617725488] [planner_server]: [compute_path_to_pose] [ActionServer] Aborting handle.
[component_container_isolated-6] [INFO] [1791029797.637215945] [controller_server]: Cancellation was successful. Stopping the robot.
[component_container_isolated-6] [INFO] [1791029797.637243347] [controller_server]: [follow_path] [ActionServer] Client requested to cancel the goal. Cancelling.
[component_container_isolated-6] [INFO] [1791029797.637389938] [local_costmap.local_costmap]: Received request to clear entirely the local_costmap
[component_container_isolated-6] [INFO] [1791029797.637544209] [controller_server]: Optimizer reset
[component_container_isolated-6] [INFO] [1791029797.637618964] [global_costmap.global_costmap]: Received request to clear entirely the global_costmap
[component_container_isolated-6] [WARN] [1791029798.618368177] [planner_server]: Planner loop missed its desired rate of 20.0000 Hz. Current loop rate is 1.0225 Hz
[component_container_isolated-6] [INFO] [1791029798.637168903] [controller_server]: Received a goal, begin computing control effort.
[component_container_isolated-6] [INFO] [1791029799.687272669] [controller_server]: Passing new path to controller.
[component_container_isolated-6] [INFO] [1791029800.737225807] [controller_server]: Passing new path to controller.
[component_container_isolated-6] [INFO] [1791029801.737278400] [controller_server]: Passing new path to controller.
[component_container_isolated-6] [INFO] [1791029802.787235348] [controller_server]: Passing new path to controller.
[component_container_isolated-6] [INFO] [1791029803.787272374] [controller_server]: Passing new path to controller.
[component_container_isolated-6] [INFO] [1791029804.837274646] [controller_server]: Passing new path to controller.
[component_container_isolated-6] [INFO] [1791029804.887300094] [controller_server]: Reached the goal!
[component_container_isolated-6] [INFO] [1791029804.887611076] [controller_server]: Optimizer reset
[component_container_isolated-6] [INFO] [1791029804.916955967] [bt_navigator]: Goal succeeded
[component_container_isolated-6] [INFO] [1791029805.399934500] [amcl]: initialPoseReceived
[component_container_isolated-6] [WARN] [1791029805.399988034] [amcl]: Failed to transform initial pose in time (Lookup would require extrapolation into the future.  Requested time 2102.658000 but the latest data is at time 2102.652000, when looking up transform from frame [base_footprint] to frame [odom])
[component_container_isolated-6] [INFO] [1791029805.399994654] [amcl]: Setting pose (2102.658000): -2.000 -0.500 0.000
[episode_reset-9] [INFO] [1791029807.400318095] [episode_reset]: Episode reset to (-2.0, -0.5, 0.0).
[component_container_isolated-6] [ERROR] [1791029807.484682628] [global_costmap.global_costmap]: The configured inflation radius (0.700) is smaller than the computed inscribed radius (2.212) of your footprint, it is highly recommended to set inflation radius to be at least as big as the inscribed radius to avoid collisions
[component_container_isolated-6] [ERROR] [1791029807.585376974] [local_costmap.local_costmap]: The configured inflation radius (0.700) is smaller than the computed inscribed radius (2.212) of your footprint, it is highly recommended to set inflation radius to be at least as big as the inscribed radius to avoid collisions
[fault_injector-11] [INFO] [1791029807.635779911] [fault_injector]: costmap inject: global: footprint_padding=0.009999999776482582 -> footprint_padding=2.0 (); local: footprint_padding=0.009999999776482582 -> footprint_padding=2.0 ()
[component_container_isolated-6] [INFO] [1791029810.939594368] [bt_navigator]: Begin navigating from current location (-1.96, -0.50) to (0.75, 1.84)
[component_container_isolated-6] [WARN] [1791029810.940605589] [planner_server]: GridBased plugin failed to plan from (-1.96, -0.50) to (0.75, 1.84): "Failed to create plan with tolerance of: 0.500000"
[component_container_isolated-6] [WARN] [1791029810.940633911] [planner_server]: [compute_path_to_pose] [ActionServer] Aborting handle.
[component_container_isolated-6] [INFO] [1791029810.959889393] [global_costmap.global_costmap]: Received request to clear entirely the global_costmap
[component_container_isolated-6] [WARN] [1791029811.620486073] [planner_server]: GridBased plugin failed to plan from (-1.96, -0.50) to (0.75, 1.84): "Failed to create plan with tolerance of: 0.500000"
[component_container_isolated-6] [WARN] [1791029811.620517785] [planner_server]: [compute_path_to_pose] [ActionServer] Aborting handle.
[component_container_isolated-6] [INFO] [1791029811.639899054] [local_costmap.local_costmap]: Received request to clear entirely the local_costmap
[component_container_isolated-6] [INFO] [1791029811.640029163] [global_costmap.global_costmap]: Received request to clear entirely the global_costmap
[component_container_isolated-6] [WARN] [1791029812.620739231] [planner_server]: GridBased plugin failed to plan from (-1.96, -0.50) to (0.75, 1.84): "Failed to create plan with tolerance of: 0.500000"
[component_container_isolated-6] [WARN] [1791029812.620780244] [planner_server]: [compute_path_to_pose] [ActionServer] Aborting handle.
[component_container_isolated-6] [INFO] [1791029812.639922084] [global_costmap.global_costmap]: Received request to clear entirely the global_costmap
[component_container_isolated-6] [WARN] [1791029813.620466279] [planner_server]: GridBased plugin failed to plan from (-1.96, -0.50) to (0.75, 1.84): "Failed to create plan with tolerance of: 0.500000"
[component_container_isolated-6] [WARN] [1791029813.620499401] [planner_server]: [compute_path_to_pose] [ActionServer] Aborting handle.
[component_container_isolated-6] [INFO] [1791029813.639994834] [behavior_server]: Running spin
[component_container_isolated-6] [INFO] [1791029813.640041567] [behavior_server]: Turning 1.57 for spin behavior.
[component_container_isolated-6] [INFO] [1791029813.682419528] [collision_monitor]: Robot to approach for 1.200000 seconds away from collision
[component_container_isolated-6] [WARN] [1791029823.740128856] [behavior_server]: Exceeded time allowance before reaching the Spin goal - Exiting Spin
[component_container_isolated-6] [WARN] [1791029823.740154877] [behavior_server]: spin failed
[component_container_isolated-6] [WARN] [1791029823.740159808] [behavior_server]: [spin] [ActionServer] Aborting handle.
[component_container_isolated-6] [INFO] [1791029823.759832860] [behavior_server]: Running wait
[component_container_isolated-6] [INFO] [1791029824.082411883] [collision_monitor]: Robot to continue normal operation
[component_container_isolated-6] [INFO] [1791029828.759947402] [behavior_server]: wait completed successfully
[component_container_isolated-6] [WARN] [1791029828.780214004] [planner_server]: GridBased plugin failed to plan from (-1.96, -0.50) to (0.75, 1.84): "Failed to create plan with tolerance of: 0.500000"
[component_container_isolated-6] [WARN] [1791029828.780244936] [planner_server]: [compute_path_to_pose] [ActionServer] Aborting handle.
[component_container_isolated-6] [INFO] [1791029828.799881036] [global_costmap.global_costmap]: Received request to clear entirely the global_costmap
[component_container_isolated-6] [WARN] [1791029829.620494241] [planner_server]: GridBased plugin failed to plan from (-1.96, -0.50) to (0.75, 1.84): "Failed to create plan with tolerance of: 0.500000"
[component_container_isolated-6] [WARN] [1791029829.620524973] [planner_server]: [compute_path_to_pose] [ActionServer] Aborting handle.
[component_container_isolated-6] [INFO] [1791029829.639939815] [behavior_server]: Running backup
[component_container_isolated-6] [WARN] [1791029829.640006430] [behavior_server]: Collision Ahead - Exiting DriveOnHeading
[component_container_isolated-6] [WARN] [1791029829.640012760] [behavior_server]: backup failed
[component_container_isolated-6] [WARN] [1791029829.640016211] [behavior_server]: [backup] [ActionServer] Aborting handle.
[component_container_isolated-6] [INFO] [1791029829.659794888] [local_costmap.local_costmap]: Received request to clear entirely the local_costmap
[component_container_isolated-6] [INFO] [1791029829.659922726] [global_costmap.global_costmap]: Received request to clear entirely the global_costmap
[component_container_isolated-6] [WARN] [1791029830.620566327] [planner_server]: GridBased plugin failed to plan from (-1.96, -0.50) to (0.75, 1.84): "Failed to create plan with tolerance of: 0.500000"
[component_container_isolated-6] [WARN] [1791029830.620596209] [planner_server]: [compute_path_to_pose] [ActionServer] Aborting handle.
[component_container_isolated-6] [INFO] [1791029830.639889151] [global_costmap.global_costmap]: Received request to clear entirely the global_costmap
[component_container_isolated-6] [WARN] [1791029831.620419459] [planner_server]: GridBased plugin failed to plan from (-1.96, -0.50) to (0.75, 1.84): "Failed to create plan with tolerance of: 0.500000"
[component_container_isolated-6] [WARN] [1791029831.620449242] [planner_server]: [compute_path_to_pose] [ActionServer] Aborting handle.
[component_container_isolated-6] [INFO] [1791029831.639998138] [behavior_server]: Running spin
[component_container_isolated-6] [INFO] [1791029831.640041551] [behavior_server]: Turning 1.57 for spin behavior.
[component_container_isolated-6] [INFO] [1791029831.682373075] [collision_monitor]: Robot to approach for 1.200000 seconds away from collision
[component_container_isolated-6] [WARN] [1791029841.740128127] [behavior_server]: Exceeded time allowance before reaching the Spin goal - Exiting Spin
[component_container_isolated-6] [WARN] [1791029841.740155719] [behavior_server]: spin failed
[component_container_isolated-6] [WARN] [1791029841.740161499] [behavior_server]: [spin] [ActionServer] Aborting handle.
[component_container_isolated-6] [INFO] [1791029841.759858025] [behavior_server]: Running wait
[component_container_isolated-6] [INFO] [1791029842.082436553] [collision_monitor]: Robot to continue normal operation
[component_container_isolated-6] [INFO] [1791029846.759974165] [behavior_server]: wait completed successfully
[component_container_isolated-6] [WARN] [1791029846.780255159] [planner_server]: GridBased plugin failed to plan from (-1.96, -0.50) to (0.75, 1.84): "Failed to create plan with tolerance of: 0.500000"
[component_container_isolated-6] [WARN] [1791029846.780291341] [planner_server]: [compute_path_to_pose] [ActionServer] Aborting handle.
[component_container_isolated-6] [INFO] [1791029846.799869778] [global_costmap.global_costmap]: Received request to clear entirely the global_costmap
[component_container_isolated-6] [WARN] [1791029847.620398614] [planner_server]: GridBased plugin failed to plan from (-1.96, -0.50) to (0.75, 1.84): "Failed to create plan with tolerance of: 0.500000"
[component_container_isolated-6] [WARN] [1791029847.620426605] [planner_server]: [compute_path_to_pose] [ActionServer] Aborting handle.
[component_container_isolated-6] [INFO] [1791029847.639965118] [behavior_server]: Running backup
[component_container_isolated-6] [WARN] [1791029847.640044723] [behavior_server]: Collision Ahead - Exiting DriveOnHeading
[component_container_isolated-6] [WARN] [1791029847.640051784] [behavior_server]: backup failed
[component_container_isolated-6] [WARN] [1791029847.640056584] [behavior_server]: [backup] [ActionServer] Aborting handle.
[component_container_isolated-6] [INFO] [1791029847.659780249] [local_costmap.local_costmap]: Received request to clear entirely the local_costmap
[component_container_isolated-6] [INFO] [1791029847.659911018] [global_costmap.global_costmap]: Received request to clear entirely the global_costmap
[component_container_isolated-6] [WARN] [1791029848.620575457] [planner_server]: GridBased plugin failed to plan from (-1.96, -0.50) to (0.75, 1.84): "Failed to create plan with tolerance of: 0.500000"
[component_container_isolated-6] [WARN] [1791029848.620609260] [planner_server]: [compute_path_to_pose] [ActionServer] Aborting handle.
[component_container_isolated-6] [INFO] [1791029848.639920265] [global_costmap.global_costmap]: Received request to clear entirely the global_costmap
[component_container_isolated-6] [WARN] [1791029849.620406323] [planner_server]: GridBased plugin failed to plan from (-1.96, -0.50) to (0.75, 1.84): "Failed to create plan with tolerance of: 0.500000"
[component_container_isolated-6] [WARN] [1791029849.620439055] [planner_server]: [compute_path_to_pose] [ActionServer] Aborting handle.
[component_container_isolated-6] [INFO] [1791029849.639971923] [behavior_server]: Running spin
[component_container_isolated-6] [INFO] [1791029849.640025526] [behavior_server]: Turning 1.57 for spin behavior.
[component_container_isolated-6] [INFO] [1791029849.682435193] [collision_monitor]: Robot to approach for 1.200000 seconds away from collision
[component_container_isolated-6] [WARN] [1791029859.740116832] [behavior_server]: Exceeded time allowance before reaching the Spin goal - Exiting Spin
[component_container_isolated-6] [WARN] [1791029859.740138223] [behavior_server]: spin failed
[component_container_isolated-6] [WARN] [1791029859.740146814] [behavior_server]: [spin] [ActionServer] Aborting handle.
[component_container_isolated-6] [INFO] [1791029859.759822941] [behavior_server]: Running wait
[component_container_isolated-6] [INFO] [1791029860.082431320] [collision_monitor]: Robot to continue normal operation
[component_container_isolated-6] [INFO] [1791029864.759924987] [behavior_server]: wait completed successfully
[component_container_isolated-6] [WARN] [1791029864.780215464] [planner_server]: GridBased plugin failed to plan from (-1.96, -0.50) to (0.75, 1.84): "Failed to create plan with tolerance of: 0.500000"
[component_container_isolated-6] [WARN] [1791029864.780241656] [planner_server]: [compute_path_to_pose] [ActionServer] Aborting handle.
[component_container_isolated-6] [INFO] [1791029864.799891171] [global_costmap.global_costmap]: Received request to clear entirely the global_costmap
[component_container_isolated-6] [WARN] [1791029865.620441248] [planner_server]: GridBased plugin failed to plan from (-1.96, -0.50) to (0.75, 1.84): "Failed to create plan with tolerance of: 0.500000"
[component_container_isolated-6] [WARN] [1791029865.620469070] [planner_server]: [compute_path_to_pose] [ActionServer] Aborting handle.
[component_container_isolated-6] [WARN] [1791029865.649718970] [bt_navigator]: [navigate_to_pose] [ActionServer] Aborting handle.
[component_container_isolated-6] [ERROR] [1791029865.649827507] [bt_navigator]: Goal failed
[fault_injector-11] [INFO] [1791029865.823427707] [fault_injector]: costmap rollback: global: restored 0.009999999776482582; local: restored 0.009999999776482582
[component_container_isolated-6] [INFO] [1791029865.872513502] [global_costmap.global_costmap]: Received request to clear entirely the global_costmap
[component_container_isolated-6] [INFO] [1791029865.922819946] [local_costmap.local_costmap]: Received request to clear entirely the local_costmap
[component_container_isolated-6] [INFO] [1791029868.073968919] [bt_navigator]: Begin navigating from current location (-1.96, -0.50) to (0.75, 1.84)
[component_container_isolated-6] [INFO] [1791029868.094314661] [controller_server]: Received a goal, begin computing control effort.
[component_container_isolated-6] [INFO] [1791029869.144415678] [controller_server]: Passing new path to controller.
[component_container_isolated-6] [INFO] [1791029870.194415578] [controller_server]: Passing new path to controller.
[component_container_isolated-6] [INFO] [1791029871.194414961] [controller_server]: Passing new path to controller.
[component_container_isolated-6] [INFO] [1791029872.244371090] [controller_server]: Passing new path to controller.
[component_container_isolated-6] [INFO] [1791029873.244415630] [controller_server]: Passing new path to controller.
[component_container_isolated-6] [INFO] [1791029874.294417014] [controller_server]: Passing new path to controller.
[component_container_isolated-6] [INFO] [1791029875.294373772] [controller_server]: Passing new path to controller.
[component_container_isolated-6] [INFO] [1791029876.344414142] [controller_server]: Passing new path to controller.
[component_container_isolated-6] [INFO] [1791029877.344371444] [controller_server]: Passing new path to controller.
[component_container_isolated-6] [INFO] [1791029878.394391929] [controller_server]: Passing new path to controller.
[component_container_isolated-6] [INFO] [1791029879.394411310] [controller_server]: Passing new path to controller.
[component_container_isolated-6] [INFO] [1791029880.444387558] [controller_server]: Passing new path to controller.
[component_container_isolated-6] [INFO] [1791029881.444411905] [controller_server]: Passing new path to controller.
[component_container_isolated-6] [INFO] [1791029882.494415271] [controller_server]: Passing new path to controller.
[component_container_isolated-6] [INFO] [1791029882.694430366] [controller_server]: Reached the goal!
[component_container_isolated-6] [INFO] [1791029882.694754637] [controller_server]: Optimizer reset
[component_container_isolated-6] [INFO] [1791029882.724160857] [bt_navigator]: Goal succeeded
[component_container_isolated-6] [INFO] [1791029883.170432714] [amcl]: initialPoseReceived
[component_container_isolated-6] [WARN] [1791029883.170480367] [amcl]: Failed to transform initial pose in time (Lookup would require extrapolation into the future.  Requested time 2180.331000 but the latest data is at time 2180.304000, when looking up transform from frame [base_footprint] to frame [odom])
[component_container_isolated-6] [INFO] [1791029883.170486337] [amcl]: Setting pose (2180.331000): -2.000 -0.500 0.000
[episode_reset-9] [INFO] [1791029885.170807161] [episode_reset]: Episode reset to (-2.0, -0.5, 0.0).
[component_container_isolated-6] [INFO] [1791029885.302675373] [bt_navigator]: Begin navigating from current location (-1.97, -0.49) to (0.75, 1.84)
[component_container_isolated-6] [INFO] [1791029885.323068743] [controller_server]: Received a goal, begin computing control effort.
[component_container_isolated-6] [INFO] [1791029886.373157922] [controller_server]: Passing new path to controller.
[component_container_isolated-6] [INFO] [1791029887.423158346] [controller_server]: Passing new path to controller.
[component_container_isolated-6] [INFO] [1791029888.423157704] [controller_server]: Passing new path to controller.
[component_container_isolated-6] [INFO] [1791029889.423155374] [controller_server]: Passing new path to controller.
[component_container_isolated-6] [INFO] [1791029890.473160806] [controller_server]: Passing new path to controller.
[component_container_isolated-6] [INFO] [1791029891.523159939] [controller_server]: Passing new path to controller.
[component_container_isolated-6] [INFO] [1791029892.523158287] [controller_server]: Passing new path to controller.
[component_container_isolated-6] [INFO] [1791029893.523155428] [controller_server]: Passing new path to controller.
[component_container_isolated-6] [INFO] [1791029894.573159472] [controller_server]: Passing new path to controller.
[component_container_isolated-6] [INFO] [1791029895.623157709] [controller_server]: Passing new path to controller.
[component_container_isolated-6] [INFO] [1791029896.623159061] [controller_server]: Passing new path to controller.
[component_container_isolated-6] [INFO] [1791029897.123172252] [controller_server]: Reached the goal!
[component_container_isolated-6] [INFO] [1791029897.123424227] [controller_server]: Optimizer reset
[component_container_isolated-6] [INFO] [1791029897.152868287] [bt_navigator]: Goal succeeded
[component_container_isolated-6] [INFO] [1791029897.631433721] [amcl]: initialPoseReceived
[component_container_isolated-6] [WARN] [1791029897.631480814] [amcl]: Failed to transform initial pose in time (Lookup would require extrapolation into the future.  Requested time 2194.698000 but the latest data is at time 2194.668000, when looking up transform from frame [base_footprint] to frame [odom])
[component_container_isolated-6] [INFO] [1791029897.631487164] [amcl]: Setting pose (2194.698000): -2.000 -0.500 0.000
[episode_reset-9] [INFO] [1791029899.631875958] [episode_reset]: Episode reset to (-2.0, -0.5, 0.0).
[component_container_isolated-6] [ERROR] [1791029899.712243674] [global_costmap.global_costmap]: The configured inflation radius (0.700) is smaller than the computed inscribed radius (2.212) of your footprint, it is highly recommended to set inflation radius to be at least as big as the inscribed radius to avoid collisions
[component_container_isolated-6] [ERROR] [1791029899.812822441] [local_costmap.local_costmap]: The configured inflation radius (0.700) is smaller than the computed inscribed radius (2.212) of your footprint, it is highly recommended to set inflation radius to be at least as big as the inscribed radius to avoid collisions
[fault_injector-11] [INFO] [1791029899.863252813] [fault_injector]: costmap inject: global: footprint_padding=0.009999999776482582 -> footprint_padding=2.0 (); local: footprint_padding=0.009999999776482582 -> footprint_padding=2.0 ()
[component_container_isolated-6] [INFO] [1791029903.167367671] [bt_navigator]: Begin navigating from current location (-1.95, -0.47) to (0.75, 1.84)
[component_container_isolated-6] [WARN] [1791029903.168150249] [planner_server]: GridBased plugin failed to plan from (-1.95, -0.47) to (0.75, 1.84): "Failed to create plan with tolerance of: 0.500000"
[component_container_isolated-6] [WARN] [1791029903.168175950] [planner_server]: [compute_path_to_pose] [ActionServer] Aborting handle.
[component_container_isolated-6] [INFO] [1791029903.187648599] [global_costmap.global_costmap]: Received request to clear entirely the global_costmap
[component_container_isolated-6] [WARN] [1791029903.618152660] [planner_server]: GridBased plugin failed to plan from (-1.95, -0.47) to (0.75, 1.84): "Failed to create plan with tolerance of: 0.500000"
[component_container_isolated-6] [WARN] [1791029903.618178971] [planner_server]: [compute_path_to_pose] [ActionServer] Aborting handle.
[component_container_isolated-6] [INFO] [1791029903.637674092] [local_costmap.local_costmap]: Received request to clear entirely the local_costmap
[component_container_isolated-6] [INFO] [1791029903.637805159] [global_costmap.global_costmap]: Received request to clear entirely the global_costmap
[component_container_isolated-6] [WARN] [1791029904.618394451] [planner_server]: GridBased plugin failed to plan from (-1.95, -0.47) to (0.75, 1.84): "Failed to create plan with tolerance of: 0.500000"
[component_container_isolated-6] [WARN] [1791029904.618423163] [planner_server]: [compute_path_to_pose] [ActionServer] Aborting handle.
[component_container_isolated-6] [INFO] [1791029904.637670396] [global_costmap.global_costmap]: Received request to clear entirely the global_costmap
[component_container_isolated-6] [WARN] [1791029905.618252224] [planner_server]: GridBased plugin failed to plan from (-1.95, -0.47) to (0.75, 1.84): "Failed to create plan with tolerance of: 0.500000"
[component_container_isolated-6] [WARN] [1791029905.618282336] [planner_server]: [compute_path_to_pose] [ActionServer] Aborting handle.
[component_container_isolated-6] [INFO] [1791029905.637735740] [behavior_server]: Running spin
[component_container_isolated-6] [INFO] [1791029905.637792053] [behavior_server]: Turning 1.57 for spin behavior.
[component_container_isolated-6] [INFO] [1791029905.702482497] [collision_monitor]: Robot to approach for 1.200000 seconds away from collision
[component_container_isolated-6] [WARN] [1791029915.737876435] [behavior_server]: Exceeded time allowance before reaching the Spin goal - Exiting Spin
[component_container_isolated-6] [WARN] [1791029915.737896857] [behavior_server]: spin failed
[component_container_isolated-6] [WARN] [1791029915.737902487] [behavior_server]: [spin] [ActionServer] Aborting handle.
[component_container_isolated-6] [INFO] [1791029915.757574695] [behavior_server]: Running wait
[component_container_isolated-6] [INFO] [1791029916.112620048] [collision_monitor]: Robot to continue normal operation
[component_container_isolated-6] [INFO] [1791029920.757686799] [behavior_server]: wait completed successfully
[component_container_isolated-6] [WARN] [1791029920.777971535] [planner_server]: GridBased plugin failed to plan from (-1.95, -0.47) to (0.75, 1.84): "Failed to create plan with tolerance of: 0.500000"
[component_container_isolated-6] [WARN] [1791029920.777998846] [planner_server]: [compute_path_to_pose] [ActionServer] Aborting handle.
[component_container_isolated-6] [INFO] [1791029920.797636774] [global_costmap.global_costmap]: Received request to clear entirely the global_costmap
[component_container_isolated-6] [WARN] [1791029921.618259570] [planner_server]: GridBased plugin failed to plan from (-1.95, -0.47) to (0.75, 1.84): "Failed to create plan with tolerance of: 0.500000"
[component_container_isolated-6] [WARN] [1791029921.618293402] [planner_server]: [compute_path_to_pose] [ActionServer] Aborting handle.
[component_container_isolated-6] [INFO] [1791029921.637742447] [behavior_server]: Running backup
[component_container_isolated-6] [WARN] [1791029921.637823062] [behavior_server]: Collision Ahead - Exiting DriveOnHeading
[component_container_isolated-6] [WARN] [1791029921.637829312] [behavior_server]: backup failed
[component_container_isolated-6] [WARN] [1791029921.637832992] [behavior_server]: [backup] [ActionServer] Aborting handle.
[component_container_isolated-6] [INFO] [1791029921.657503100] [local_costmap.local_costmap]: Received request to clear entirely the local_costmap
[component_container_isolated-6] [INFO] [1791029921.657648198] [global_costmap.global_costmap]: Received request to clear entirely the global_costmap
[component_container_isolated-6] [WARN] [1791029922.618309020] [planner_server]: GridBased plugin failed to plan from (-1.95, -0.47) to (0.75, 1.84): "Failed to create plan with tolerance of: 0.500000"
[component_container_isolated-6] [WARN] [1791029922.618340712] [planner_server]: [compute_path_to_pose] [ActionServer] Aborting handle.
[component_container_isolated-6] [INFO] [1791029922.637664498] [global_costmap.global_costmap]: Received request to clear entirely the global_costmap
[component_container_isolated-6] [WARN] [1791029923.618197040] [planner_server]: GridBased plugin failed to plan from (-1.95, -0.47) to (0.75, 1.84): "Failed to create plan with tolerance of: 0.500000"
[component_container_isolated-6] [WARN] [1791029923.618232672] [planner_server]: [compute_path_to_pose] [ActionServer] Aborting handle.
[component_container_isolated-6] [INFO] [1791029923.637732556] [behavior_server]: Running spin
[component_container_isolated-6] [INFO] [1791029923.637790910] [behavior_server]: Turning 1.57 for spin behavior.
[component_container_isolated-6] [INFO] [1791029923.702549799] [collision_monitor]: Robot to approach for 1.200000 seconds away from collision
[component_container_isolated-6] [WARN] [1791029933.737890807] [behavior_server]: Exceeded time allowance before reaching the Spin goal - Exiting Spin
[component_container_isolated-6] [WARN] [1791029933.737913288] [behavior_server]: spin failed
[component_container_isolated-6] [WARN] [1791029933.737918309] [behavior_server]: [spin] [ActionServer] Aborting handle.
[component_container_isolated-6] [INFO] [1791029933.757599316] [behavior_server]: Running wait
[component_container_isolated-6] [INFO] [1791029934.112634875] [collision_monitor]: Robot to continue normal operation
[component_container_isolated-6] [INFO] [1791029938.757712107] [behavior_server]: wait completed successfully
[component_container_isolated-6] [WARN] [1791029938.778053223] [planner_server]: GridBased plugin failed to plan from (-1.95, -0.47) to (0.75, 1.84): "Failed to create plan with tolerance of: 0.500000"
[component_container_isolated-6] [WARN] [1791029938.778082684] [planner_server]: [compute_path_to_pose] [ActionServer] Aborting handle.
[component_container_isolated-6] [INFO] [1791029938.797640456] [global_costmap.global_costmap]: Received request to clear entirely the global_costmap
[component_container_isolated-6] [WARN] [1791029939.618150233] [planner_server]: GridBased plugin failed to plan from (-1.95, -0.47) to (0.75, 1.84): "Failed to create plan with tolerance of: 0.500000"
[component_container_isolated-6] [WARN] [1791029939.618181745] [planner_server]: [compute_path_to_pose] [ActionServer] Aborting handle.
[component_container_isolated-6] [INFO] [1791029939.637755666] [behavior_server]: Running backup
[component_container_isolated-6] [WARN] [1791029939.637840710] [behavior_server]: Collision Ahead - Exiting DriveOnHeading
[component_container_isolated-6] [WARN] [1791029939.637846811] [behavior_server]: backup failed
[component_container_isolated-6] [WARN] [1791029939.637850771] [behavior_server]: [backup] [ActionServer] Aborting handle.
[component_container_isolated-6] [INFO] [1791029939.657530067] [local_costmap.local_costmap]: Received request to clear entirely the local_costmap
[component_container_isolated-6] [INFO] [1791029939.657660905] [global_costmap.global_costmap]: Received request to clear entirely the global_costmap
[component_container_isolated-6] [WARN] [1791029940.618283439] [planner_server]: GridBased plugin failed to plan from (-1.95, -0.47) to (0.75, 1.84): "Failed to create plan with tolerance of: 0.500000"
[component_container_isolated-6] [WARN] [1791029940.618311051] [planner_server]: [compute_path_to_pose] [ActionServer] Aborting handle.
[component_container_isolated-6] [INFO] [1791029940.637662886] [global_costmap.global_costmap]: Received request to clear entirely the global_costmap
[component_container_isolated-6] [WARN] [1791029941.618326161] [planner_server]: GridBased plugin failed to plan from (-1.95, -0.47) to (0.75, 1.84): "Failed to create plan with tolerance of: 0.500000"
[component_container_isolated-6] [WARN] [1791029941.618359093] [planner_server]: [compute_path_to_pose] [ActionServer] Aborting handle.
[component_container_isolated-6] [INFO] [1791029941.637731028] [behavior_server]: Running spin
[component_container_isolated-6] [INFO] [1791029941.637777361] [behavior_server]: Turning 1.57 for spin behavior.
[component_container_isolated-6] [INFO] [1791029941.702515074] [collision_monitor]: Robot to approach for 1.200000 seconds away from collision
[component_container_isolated-6] [WARN] [1791029951.737858070] [behavior_server]: Exceeded time allowance before reaching the Spin goal - Exiting Spin
[component_container_isolated-6] [WARN] [1791029951.737879991] [behavior_server]: spin failed
[component_container_isolated-6] [WARN] [1791029951.737885941] [behavior_server]: [spin] [ActionServer] Aborting handle.
[component_container_isolated-6] [INFO] [1791029951.757575768] [behavior_server]: Running wait
[component_container_isolated-6] [INFO] [1791029952.112583553] [collision_monitor]: Robot to continue normal operation
[component_container_isolated-6] [INFO] [1791029956.757675866] [behavior_server]: wait completed successfully
[component_container_isolated-6] [WARN] [1791029956.778089844] [planner_server]: GridBased plugin failed to plan from (-1.95, -0.47) to (0.75, 1.84): "Failed to create plan with tolerance of: 0.500000"
[component_container_isolated-6] [WARN] [1791029956.778117905] [planner_server]: [compute_path_to_pose] [ActionServer] Aborting handle.
[component_container_isolated-6] [INFO] [1791029956.797627053] [global_costmap.global_costmap]: Received request to clear entirely the global_costmap
[component_container_isolated-6] [WARN] [1791029957.618092283] [planner_server]: GridBased plugin failed to plan from (-1.95, -0.47) to (0.75, 1.84): "Failed to create plan with tolerance of: 0.500000"
[component_container_isolated-6] [WARN] [1791029957.618118384] [planner_server]: [compute_path_to_pose] [ActionServer] Aborting handle.
[component_container_isolated-6] [WARN] [1791029957.647479259] [bt_navigator]: [navigate_to_pose] [ActionServer] Aborting handle.
[component_container_isolated-6] [ERROR] [1791029957.647557213] [bt_navigator]: Goal failed
[fault_injector-11] [INFO] [1791029957.751160420] [fault_injector]: costmap rollback: global: restored 0.009999999776482582; local: restored 0.009999999776482582
[component_container_isolated-6] [INFO] [1791029957.800441504] [global_costmap.global_costmap]: Received request to clear entirely the global_costmap
[component_container_isolated-6] [INFO] [1791029957.850670869] [local_costmap.local_costmap]: Received request to clear entirely the local_costmap
[component_container_isolated-6] [INFO] [1791029960.001657231] [bt_navigator]: Begin navigating from current location (-1.95, -0.47) to (0.75, 1.84)
[component_container_isolated-6] [INFO] [1791029960.022011129] [controller_server]: Received a goal, begin computing control effort.
[component_container_isolated-6] [INFO] [1791029961.072099849] [controller_server]: Passing new path to controller.
[component_container_isolated-6] [INFO] [1791029962.122105611] [controller_server]: Passing new path to controller.
[component_container_isolated-6] [INFO] [1791029963.122102172] [controller_server]: Passing new path to controller.
[component_container_isolated-6] [INFO] [1791029964.172101101] [controller_server]: Passing new path to controller.
[component_container_isolated-6] [INFO] [1791029965.172103089] [controller_server]: Passing new path to controller.
[component_container_isolated-6] [INFO] [1791029966.222102647] [controller_server]: Passing new path to controller.
[component_container_isolated-6] [INFO] [1791029967.222102613] [controller_server]: Passing new path to controller.
[component_container_isolated-6] [INFO] [1791029968.272101730] [controller_server]: Passing new path to controller.
[component_container_isolated-6] [INFO] [1791029969.272100204] [controller_server]: Passing new path to controller.
[component_container_isolated-6] [INFO] [1791029970.322105692] [controller_server]: Passing new path to controller.
[component_container_isolated-6] [INFO] [1791029971.322102533] [controller_server]: Passing new path to controller.
[component_container_isolated-6] [INFO] [1791029972.372101873] [controller_server]: Passing new path to controller.
[component_container_isolated-6] [INFO] [1791029973.372103454] [controller_server]: Passing new path to controller.
[component_container_isolated-6] [INFO] [1791029974.222087447] [controller_server]: Reached the goal!
[component_container_isolated-6] [INFO] [1791029974.222476738] [controller_server]: Optimizer reset
[component_container_isolated-6] [INFO] [1791029974.251842311] [bt_navigator]: Goal succeeded
[component_container_isolated-6] [INFO] [1791029974.751448438] [amcl]: initialPoseReceived
[component_container_isolated-6] [WARN] [1791029974.751509011] [amcl]: Failed to transform initial pose in time (Lookup would require extrapolation into the future.  Requested time 2271.723000 but the latest data is at time 2271.708000, when looking up transform from frame [base_footprint] to frame [odom])
[component_container_isolated-6] [INFO] [1791029974.751514922] [amcl]: Setting pose (2271.723000): -2.000 -0.500 0.000
[episode_reset-9] [INFO] [1791029976.752053148] [episode_reset]: Episode reset to (-2.0, -0.5, 0.0).
[component_container_isolated-6] [INFO] [1791029976.889631367] [bt_navigator]: Begin navigating from current location (-1.98, -0.51) to (0.75, 1.84)
[component_container_isolated-6] [INFO] [1791029976.910010129] [controller_server]: Received a goal, begin computing control effort.
[component_container_isolated-6] [INFO] [1791029977.960107181] [controller_server]: Passing new path to controller.
[component_container_isolated-6] [INFO] [1791029979.010113927] [controller_server]: Passing new path to controller.
[component_container_isolated-6] [INFO] [1791029980.010108831] [controller_server]: Passing new path to controller.
[component_container_isolated-6] [INFO] [1791029981.060109677] [controller_server]: Passing new path to controller.
[component_container_isolated-6] [INFO] [1791029982.060111674] [controller_server]: Passing new path to controller.
[component_container_isolated-6] [INFO] [1791029983.110112325] [controller_server]: Passing new path to controller.
[component_container_isolated-6] [INFO] [1791029984.110110976] [controller_server]: Passing new path to controller.
[component_container_isolated-6] [INFO] [1791029985.160109952] [controller_server]: Passing new path to controller.
[component_container_isolated-6] [INFO] [1791029986.160075374] [controller_server]: Passing new path to controller.
[component_container_isolated-6] [INFO] [1791029987.160111409] [controller_server]: Passing new path to controller.
[component_container_isolated-6] [INFO] [1791029988.210112147] [controller_server]: Passing new path to controller.
[component_container_isolated-6] [INFO] [1791029989.260110395] [controller_server]: Passing new path to controller.
[component_container_isolated-6] [INFO] [1791029990.260109219] [controller_server]: Passing new path to controller.
[component_container_isolated-6] [INFO] [1791029991.310106895] [controller_server]: Passing new path to controller.
[component_container_isolated-6] [INFO] [1791029992.310106455] [controller_server]: Passing new path to controller.
[component_container_isolated-6] [WARN] [1791029993.300230484] [planner_server]: GridBased plugin failed to plan from (-1.29, 1.50) to (0.75, 1.84): "Failed to create plan with tolerance of: 0.500000"
[component_container_isolated-6] [WARN] [1791029993.300262476] [planner_server]: [compute_path_to_pose] [ActionServer] Aborting handle.
[component_container_isolated-6] [INFO] [1791029993.319928292] [global_costmap.global_costmap]: Received request to clear entirely the global_costmap
[component_container_isolated-6] [WARN] [1791029993.620424827] [planner_server]: Planner loop missed its desired rate of 20.0000 Hz. Current loop rate is 3.3333 Hz
[component_container_isolated-6] [INFO] [1791029993.660110858] [controller_server]: Passing new path to controller.
[component_container_isolated-6] [INFO] [1791029994.710106021] [controller_server]: Passing new path to controller.
[component_container_isolated-6] [INFO] [1791029995.710107220] [controller_server]: Passing new path to controller.
[component_container_isolated-6] [INFO] [1791029996.760109541] [controller_server]: Passing new path to controller.
[component_container_isolated-6] [INFO] [1791029997.760112588] [controller_server]: Passing new path to controller.
[component_container_isolated-6] [INFO] [1791029998.810111490] [controller_server]: Passing new path to controller.
[component_container_isolated-6] [INFO] [1791029998.910129321] [controller_server]: Reached the goal!
[component_container_isolated-6] [INFO] [1791029998.910842328] [controller_server]: Optimizer reset
[component_container_isolated-6] [INFO] [1791029998.939820143] [bt_navigator]: Goal succeeded
[component_container_isolated-6] [INFO] [1791029999.404281462] [amcl]: initialPoseReceived
[component_container_isolated-6] [WARN] [1791029999.404322424] [amcl]: Failed to transform initial pose in time (Lookup would require extrapolation into the future.  Requested time 2296.281000 but the latest data is at time 2296.260000, when looking up transform from frame [base_footprint] to frame [odom])
[component_container_isolated-6] [INFO] [1791029999.404328134] [amcl]: Setting pose (2296.281000): -2.000 -0.500 0.000
[episode_reset-9] [INFO] [1791030001.404671139] [episode_reset]: Episode reset to (-2.0, -0.5, 0.0).
[component_container_isolated-6] [ERROR] [1791030001.488381017] [global_costmap.global_costmap]: The configured inflation radius (0.700) is smaller than the computed inscribed radius (2.212) of your footprint, it is highly recommended to set inflation radius to be at least as big as the inscribed radius to avoid collisions
[component_container_isolated-6] [ERROR] [1791030001.588814346] [local_costmap.local_costmap]: The configured inflation radius (0.700) is smaller than the computed inscribed radius (2.212) of your footprint, it is highly recommended to set inflation radius to be at least as big as the inscribed radius to avoid collisions
[fault_injector-11] [INFO] [1791030001.639268962] [fault_injector]: costmap inject: global: footprint_padding=0.009999999776482582 -> footprint_padding=2.0 (); local: footprint_padding=0.009999999776482582 -> footprint_padding=2.0 ()
[component_container_isolated-6] [INFO] [1791030004.942832807] [bt_navigator]: Begin navigating from current location (-1.95, -0.52) to (0.75, 1.84)
[component_container_isolated-6] [WARN] [1791030004.944141135] [planner_server]: GridBased plugin failed to plan from (-1.95, -0.52) to (0.75, 1.84): "Failed to create plan with tolerance of: 0.500000"
[component_container_isolated-6] [WARN] [1791030004.944167026] [planner_server]: [compute_path_to_pose] [ActionServer] Aborting handle.
[component_container_isolated-6] [INFO] [1791030004.963102007] [global_costmap.global_costmap]: Received request to clear entirely the global_costmap
[component_container_isolated-6] [WARN] [1791030005.613581642] [planner_server]: GridBased plugin failed to plan from (-1.95, -0.52) to (0.75, 1.84): "Failed to create plan with tolerance of: 0.500000"
[component_container_isolated-6] [WARN] [1791030005.613607004] [planner_server]: [compute_path_to_pose] [ActionServer] Aborting handle.
[component_container_isolated-6] [INFO] [1791030005.633134334] [local_costmap.local_costmap]: Received request to clear entirely the local_costmap
[component_container_isolated-6] [INFO] [1791030005.633289452] [global_costmap.global_costmap]: Received request to clear entirely the global_costmap
[component_container_isolated-6] [WARN] [1791030006.613922452] [planner_server]: GridBased plugin failed to plan from (-1.95, -0.52) to (0.75, 1.84): "Failed to create plan with tolerance of: 0.500000"
[component_container_isolated-6] [WARN] [1791030006.613950634] [planner_server]: [compute_path_to_pose] [ActionServer] Aborting handle.
[component_container_isolated-6] [INFO] [1791030006.633116194] [global_costmap.global_costmap]: Received request to clear entirely the global_costmap
[component_container_isolated-6] [WARN] [1791030007.613654393] [planner_server]: GridBased plugin failed to plan from (-1.95, -0.52) to (0.75, 1.84): "Failed to create plan with tolerance of: 0.500000"
[component_container_isolated-6] [WARN] [1791030007.613683634] [planner_server]: [compute_path_to_pose] [ActionServer] Aborting handle.
[component_container_isolated-6] [INFO] [1791030007.633182020] [behavior_server]: Running spin
[component_container_isolated-6] [INFO] [1791030007.633221782] [behavior_server]: Turning 1.57 for spin behavior.
[component_container_isolated-6] [INFO] [1791030007.702554829] [collision_monitor]: Robot to approach for 1.200000 seconds away from collision
[component_container_isolated-6] [WARN] [1791030017.733303468] [behavior_server]: Exceeded time allowance before reaching the Spin goal - Exiting Spin
[component_container_isolated-6] [WARN] [1791030017.733326470] [behavior_server]: spin failed
[component_container_isolated-6] [WARN] [1791030017.733331760] [behavior_server]: [spin] [ActionServer] Aborting handle.
[component_container_isolated-6] [INFO] [1791030017.753040701] [behavior_server]: Running wait
[component_container_isolated-6] [INFO] [1791030018.112607339] [collision_monitor]: Robot to continue normal operation
[component_container_isolated-6] [INFO] [1791030022.753148677] [behavior_server]: wait completed successfully
[component_container_isolated-6] [WARN] [1791030022.773490973] [planner_server]: GridBased plugin failed to plan from (-1.95, -0.52) to (0.75, 1.84): "Failed to create plan with tolerance of: 0.500000"
[component_container_isolated-6] [WARN] [1791030022.773521645] [planner_server]: [compute_path_to_pose] [ActionServer] Aborting handle.
[component_container_isolated-6] [INFO] [1791030022.793104602] [global_costmap.global_costmap]: Received request to clear entirely the global_costmap
[component_container_isolated-6] [WARN] [1791030023.613639901] [planner_server]: GridBased plugin failed to plan from (-1.95, -0.52) to (0.75, 1.84): "Failed to create plan with tolerance of: 0.500000"
[component_container_isolated-6] [WARN] [1791030023.613674833] [planner_server]: [compute_path_to_pose] [ActionServer] Aborting handle.
[component_container_isolated-6] [INFO] [1791030023.633173545] [behavior_server]: Running backup
[component_container_isolated-6] [WARN] [1791030023.633229288] [behavior_server]: Collision Ahead - Exiting DriveOnHeading
[component_container_isolated-6] [WARN] [1791030023.633235208] [behavior_server]: backup failed
[component_container_isolated-6] [WARN] [1791030023.633238928] [behavior_server]: [backup] [ActionServer] Aborting handle.
[component_container_isolated-6] [INFO] [1791030023.652983753] [local_costmap.local_costmap]: Received request to clear entirely the local_costmap
[component_container_isolated-6] [INFO] [1791030023.653122960] [global_costmap.global_costmap]: Received request to clear entirely the global_costmap
[component_container_isolated-6] [WARN] [1791030024.613766344] [planner_server]: GridBased plugin failed to plan from (-1.95, -0.52) to (0.75, 1.84): "Failed to create plan with tolerance of: 0.500000"
[component_container_isolated-6] [WARN] [1791030024.613793925] [planner_server]: [compute_path_to_pose] [ActionServer] Aborting handle.
[component_container_isolated-6] [INFO] [1791030024.633108007] [global_costmap.global_costmap]: Received request to clear entirely the global_costmap
[component_container_isolated-6] [WARN] [1791030025.613612988] [planner_server]: GridBased plugin failed to plan from (-1.95, -0.52) to (0.75, 1.84): "Failed to create plan with tolerance of: 0.500000"
[component_container_isolated-6] [WARN] [1791030025.613639039] [planner_server]: [compute_path_to_pose] [ActionServer] Aborting handle.
[component_container_isolated-6] [INFO] [1791030025.633176751] [behavior_server]: Running spin
[component_container_isolated-6] [INFO] [1791030025.633215043] [behavior_server]: Turning 1.57 for spin behavior.
[component_container_isolated-6] [INFO] [1791030025.702563035] [collision_monitor]: Robot to approach for 1.200000 seconds away from collision
[component_container_isolated-6] [WARN] [1791030035.733303389] [behavior_server]: Exceeded time allowance before reaching the Spin goal - Exiting Spin
[component_container_isolated-6] [WARN] [1791030035.733338241] [behavior_server]: spin failed
[component_container_isolated-6] [WARN] [1791030035.733346081] [behavior_server]: [spin] [ActionServer] Aborting handle.
[component_container_isolated-6] [INFO] [1791030035.753038945] [behavior_server]: Running wait
[component_container_isolated-6] [INFO] [1791030036.102531922] [collision_monitor]: Robot to continue normal operation
[component_container_isolated-6] [INFO] [1791030040.753136293] [behavior_server]: wait completed successfully
[component_container_isolated-6] [WARN] [1791030040.773458221] [planner_server]: GridBased plugin failed to plan from (-1.95, -0.52) to (0.75, 1.84): "Failed to create plan with tolerance of: 0.500000"
[component_container_isolated-6] [WARN] [1791030040.773480792] [planner_server]: [compute_path_to_pose] [ActionServer] Aborting handle.
[component_container_isolated-6] [INFO] [1791030040.793102276] [global_costmap.global_costmap]: Received request to clear entirely the global_costmap
[component_container_isolated-6] [WARN] [1791030041.613603331] [planner_server]: GridBased plugin failed to plan from (-1.95, -0.52) to (0.75, 1.84): "Failed to create plan with tolerance of: 0.500000"
[component_container_isolated-6] [WARN] [1791030041.613632923] [planner_server]: [compute_path_to_pose] [ActionServer] Aborting handle.
[component_container_isolated-6] [INFO] [1791030041.633200592] [behavior_server]: Running backup
[component_container_isolated-6] [WARN] [1791030041.633280526] [behavior_server]: Collision Ahead - Exiting DriveOnHeading
[component_container_isolated-6] [WARN] [1791030041.633289597] [behavior_server]: backup failed
[component_container_isolated-6] [WARN] [1791030041.633294807] [behavior_server]: [backup] [ActionServer] Aborting handle.
[component_container_isolated-6] [INFO] [1791030041.653005394] [local_costmap.local_costmap]: Received request to clear entirely the local_costmap
[component_container_isolated-6] [INFO] [1791030041.653147781] [global_costmap.global_costmap]: Received request to clear entirely the global_costmap
[component_container_isolated-6] [WARN] [1791030042.613762098] [planner_server]: GridBased plugin failed to plan from (-1.95, -0.52) to (0.75, 1.84): "Failed to create plan with tolerance of: 0.500000"
[component_container_isolated-6] [WARN] [1791030042.613790849] [planner_server]: [compute_path_to_pose] [ActionServer] Aborting handle.
[component_container_isolated-6] [INFO] [1791030042.633106555] [global_costmap.global_costmap]: Received request to clear entirely the global_costmap
[component_container_isolated-6] [WARN] [1791030043.613645339] [planner_server]: GridBased plugin failed to plan from (-1.95, -0.52) to (0.75, 1.84): "Failed to create plan with tolerance of: 0.500000"
[component_container_isolated-6] [WARN] [1791030043.613672620] [planner_server]: [compute_path_to_pose] [ActionServer] Aborting handle.
[component_container_isolated-6] [INFO] [1791030043.633193485] [behavior_server]: Running spin
[component_container_isolated-6] [INFO] [1791030043.633230807] [behavior_server]: Turning 1.57 for spin behavior.
[component_container_isolated-6] [INFO] [1791030043.702552607] [collision_monitor]: Robot to approach for 1.200000 seconds away from collision
[component_container_isolated-6] [WARN] [1791030053.733317607] [behavior_server]: Exceeded time allowance before reaching the Spin goal - Exiting Spin
[component_container_isolated-6] [WARN] [1791030053.733339988] [behavior_server]: spin failed
[component_container_isolated-6] [WARN] [1791030053.733345938] [behavior_server]: [spin] [ActionServer] Aborting handle.
[component_container_isolated-6] [INFO] [1791030053.753041507] [behavior_server]: Running wait
[component_container_isolated-6] [INFO] [1791030054.102537890] [collision_monitor]: Robot to continue normal operation
[component_container_isolated-6] [INFO] [1791030058.753139748] [behavior_server]: wait completed successfully
[component_container_isolated-6] [WARN] [1791030058.773485961] [planner_server]: GridBased plugin failed to plan from (-1.95, -0.52) to (0.75, 1.84): "Failed to create plan with tolerance of: 0.500000"
[component_container_isolated-6] [WARN] [1791030058.773509892] [planner_server]: [compute_path_to_pose] [ActionServer] Aborting handle.
[component_container_isolated-6] [INFO] [1791030058.793097449] [global_costmap.global_costmap]: Received request to clear entirely the global_costmap
[component_container_isolated-6] [WARN] [1791030059.613594072] [planner_server]: GridBased plugin failed to plan from (-1.95, -0.52) to (0.75, 1.84): "Failed to create plan with tolerance of: 0.500000"
[component_container_isolated-6] [WARN] [1791030059.613623463] [planner_server]: [compute_path_to_pose] [ActionServer] Aborting handle.
[component_container_isolated-6] [WARN] [1791030059.642941863] [bt_navigator]: [navigate_to_pose] [ActionServer] Aborting handle.
[component_container_isolated-6] [ERROR] [1791030059.643011657] [bt_navigator]: Goal failed
[fault_injector-11] [INFO] [1791030059.826805235] [fault_injector]: costmap rollback: global: restored 0.009999999776482582; local: restored 0.009999999776482582
[component_container_isolated-6] [INFO] [1791030059.875863648] [global_costmap.global_costmap]: Received request to clear entirely the global_costmap
[component_container_isolated-6] [INFO] [1791030059.926116398] [local_costmap.local_costmap]: Received request to clear entirely the local_costmap
[component_container_isolated-6] [INFO] [1791030062.077236992] [bt_navigator]: Begin navigating from current location (-1.95, -0.52) to (0.75, 1.84)
[component_container_isolated-6] [INFO] [1791030062.097566939] [controller_server]: Received a goal, begin computing control effort.
[component_container_isolated-6] [INFO] [1791030063.147646252] [controller_server]: Passing new path to controller.
[component_container_isolated-6] [INFO] [1791030064.197661774] [controller_server]: Passing new path to controller.
[component_container_isolated-6] [INFO] [1791030065.197661033] [controller_server]: Passing new path to controller.
[component_container_isolated-6] [INFO] [1791030066.247655626] [controller_server]: Passing new path to controller.
[component_container_isolated-6] [INFO] [1791030067.247667464] [controller_server]: Passing new path to controller.
[component_container_isolated-6] [INFO] [1791030068.297656668] [controller_server]: Passing new path to controller.
[component_container_isolated-6] [INFO] [1791030069.297657734] [controller_server]: Passing new path to controller.
[component_container_isolated-6] [INFO] [1791030070.347654901] [controller_server]: Passing new path to controller.
[component_container_isolated-6] [INFO] [1791030071.347662916] [controller_server]: Passing new path to controller.
[component_container_isolated-6] [INFO] [1791030072.397657705] [controller_server]: Passing new path to controller.
[component_container_isolated-6] [INFO] [1791030073.397658881] [controller_server]: Passing new path to controller.
[component_container_isolated-6] [INFO] [1791030074.447659534] [controller_server]: Passing new path to controller.
[component_container_isolated-6] [INFO] [1791030075.447657739] [controller_server]: Passing new path to controller.
[component_container_isolated-6] [INFO] [1791030076.497659806] [controller_server]: Passing new path to controller.
[component_container_isolated-6] [INFO] [1791030076.647682495] [controller_server]: Reached the goal!
[component_container_isolated-6] [INFO] [1791030076.647950618] [controller_server]: Optimizer reset
[component_container_isolated-6] [INFO] [1791030076.677426941] [bt_navigator]: Goal succeeded
[component_container_isolated-6] [INFO] [1791030077.118847429] [amcl]: initialPoseReceived
[component_container_isolated-6] [WARN] [1791030077.118894371] [amcl]: Failed to transform initial pose in time (Lookup would require extrapolation into the future.  Requested time 2373.900000 but the latest data is at time 2373.876000, when looking up transform from frame [base_footprint] to frame [odom])
[component_container_isolated-6] [INFO] [1791030077.118901042] [amcl]: Setting pose (2373.900000): -2.000 -0.500 0.000
[episode_reset-9] [INFO] [1791030079.119198326] [episode_reset]: Episode reset to (-2.0, -0.5, 0.0).
[component_container_isolated-6] [INFO] [1791030079.254019980] [bt_navigator]: Begin navigating from current location (-1.98, -0.51) to (0.75, 1.84)
[component_container_isolated-6] [INFO] [1791030079.274370354] [controller_server]: Received a goal, begin computing control effort.
[component_container_isolated-6] [INFO] [1791030080.324457543] [controller_server]: Passing new path to controller.
[component_container_isolated-6] [INFO] [1791030081.374460783] [controller_server]: Passing new path to controller.
[component_container_isolated-6] [INFO] [1791030082.374459531] [controller_server]: Passing new path to controller.
[component_container_isolated-6] [INFO] [1791030083.424461378] [controller_server]: Passing new path to controller.
[component_container_isolated-6] [INFO] [1791030084.424457859] [controller_server]: Passing new path to controller.
[component_container_isolated-6] [INFO] [1791030085.474457332] [controller_server]: Passing new path to controller.
[component_container_isolated-6] [INFO] [1791030086.474459116] [controller_server]: Passing new path to controller.
[component_container_isolated-6] [INFO] [1791030087.524461166] [controller_server]: Passing new path to controller.
[component_container_isolated-6] [INFO] [1791030088.524456334] [controller_server]: Passing new path to controller.
[component_container_isolated-6] [INFO] [1791030089.574461462] [controller_server]: Passing new path to controller.
[component_container_isolated-6] [INFO] [1791030090.574457275] [controller_server]: Passing new path to controller.
[component_container_isolated-6] [INFO] [1791030091.624461461] [controller_server]: Passing new path to controller.
[component_container_isolated-6] [INFO] [1791030092.624462728] [controller_server]: Passing new path to controller.
[component_container_isolated-6] [INFO] [1791030093.674457083] [controller_server]: Passing new path to controller.
[component_container_isolated-6] [INFO] [1791030094.374479900] [controller_server]: Reached the goal!
[component_container_isolated-6] [INFO] [1791030094.374938510] [controller_server]: Optimizer reset
[component_container_isolated-6] [INFO] [1791030094.404195888] [bt_navigator]: Goal succeeded
[component_container_isolated-6] [INFO] [1791030094.900077127] [amcl]: initialPoseReceived
[component_container_isolated-6] [WARN] [1791030094.900122049] [amcl]: Failed to transform initial pose in time (Lookup would require extrapolation into the future.  Requested time 2391.585000 but the latest data is at time 2391.552000, when looking up transform from frame [base_footprint] to frame [odom])
[component_container_isolated-6] [INFO] [1791030094.900127980] [amcl]: Setting pose (2391.585000): -2.000 -0.500 0.000
[episode_reset-9] [INFO] [1791030096.900553249] [episode_reset]: Episode reset to (-2.0, -0.5, 0.0).
[component_container_isolated-6] [ERROR] [1791030096.985639720] [global_costmap.global_costmap]: The configured inflation radius (0.700) is smaller than the computed inscribed radius (2.212) of your footprint, it is highly recommended to set inflation radius to be at least as big as the inscribed radius to avoid collisions
[component_container_isolated-6] [ERROR] [1791030097.086129043] [local_costmap.local_costmap]: The configured inflation radius (0.700) is smaller than the computed inscribed radius (2.212) of your footprint, it is highly recommended to set inflation radius to be at least as big as the inscribed radius to avoid collisions
[fault_injector-11] [INFO] [1791030097.136601695] [fault_injector]: costmap inject: global: footprint_padding=0.009999999776482582 -> footprint_padding=2.0 (); local: footprint_padding=0.009999999776482582 -> footprint_padding=2.0 ()
[component_container_isolated-6] [INFO] [1791030100.440404453] [bt_navigator]: Begin navigating from current location (-2.01, -0.51) to (0.75, 1.84)
[component_container_isolated-6] [WARN] [1791030100.441546155] [planner_server]: GridBased plugin failed to plan from (-2.01, -0.51) to (0.75, 1.84): "Failed to create plan with tolerance of: 0.500000"
[component_container_isolated-6] [WARN] [1791030100.441563575] [planner_server]: [compute_path_to_pose] [ActionServer] Aborting handle.
[component_container_isolated-6] [INFO] [1791030100.460731798] [global_costmap.global_costmap]: Received request to clear entirely the global_costmap
[component_container_isolated-6] [WARN] [1791030100.621306744] [planner_server]: GridBased plugin failed to plan from (-2.01, -0.51) to (0.75, 1.84): "Failed to create plan with tolerance of: 0.500000"
[component_container_isolated-6] [WARN] [1791030100.621333705] [planner_server]: [compute_path_to_pose] [ActionServer] Aborting handle.
[component_container_isolated-6] [INFO] [1791030100.640714808] [local_costmap.local_costmap]: Received request to clear entirely the local_costmap
[component_container_isolated-6] [INFO] [1791030100.640847594] [global_costmap.global_costmap]: Received request to clear entirely the global_costmap
[component_container_isolated-6] [WARN] [1791030101.611466233] [planner_server]: GridBased plugin failed to plan from (-2.01, -0.51) to (0.75, 1.84): "Failed to create plan with tolerance of: 0.500000"
[component_container_isolated-6] [WARN] [1791030101.611494665] [planner_server]: [compute_path_to_pose] [ActionServer] Aborting handle.
[component_container_isolated-6] [INFO] [1791030101.630687137] [global_costmap.global_costmap]: Received request to clear entirely the global_costmap
[component_container_isolated-6] [WARN] [1791030102.621227519] [planner_server]: GridBased plugin failed to plan from (-2.01, -0.51) to (0.75, 1.84): "Failed to create plan with tolerance of: 0.500000"
[component_container_isolated-6] [WARN] [1791030102.621257060] [planner_server]: [compute_path_to_pose] [ActionServer] Aborting handle.
[component_container_isolated-6] [INFO] [1791030102.640743285] [behavior_server]: Running spin
[component_container_isolated-6] [INFO] [1791030102.640778276] [behavior_server]: Turning 1.57 for spin behavior.
[component_container_isolated-6] [INFO] [1791030102.682408904] [collision_monitor]: Robot to approach for 1.200000 seconds away from collision
[component_container_isolated-6] [WARN] [1791030112.740863362] [behavior_server]: Exceeded time allowance before reaching the Spin goal - Exiting Spin
[component_container_isolated-6] [WARN] [1791030112.740886073] [behavior_server]: spin failed
[component_container_isolated-6] [WARN] [1791030112.740891823] [behavior_server]: [spin] [ActionServer] Aborting handle.
[component_container_isolated-6] [INFO] [1791030112.760610325] [behavior_server]: Running wait
[component_container_isolated-6] [INFO] [1791030113.082398954] [collision_monitor]: Robot to continue normal operation
[component_container_isolated-6] [INFO] [1791030117.760714436] [behavior_server]: wait completed successfully
[component_container_isolated-6] [WARN] [1791030117.781008088] [planner_server]: GridBased plugin failed to plan from (-2.01, -0.51) to (0.75, 1.84): "Failed to create plan with tolerance of: 0.500000"
[component_container_isolated-6] [WARN] [1791030117.781035519] [planner_server]: [compute_path_to_pose] [ActionServer] Aborting handle.
[component_container_isolated-6] [INFO] [1791030117.800679501] [global_costmap.global_costmap]: Received request to clear entirely the global_costmap
[component_container_isolated-6] [WARN] [1791030118.621192990] [planner_server]: GridBased plugin failed to plan from (-2.01, -0.51) to (0.75, 1.84): "Failed to create plan with tolerance of: 0.500000"
[component_container_isolated-6] [WARN] [1791030118.621220862] [planner_server]: [compute_path_to_pose] [ActionServer] Aborting handle.
[component_container_isolated-6] [INFO] [1791030118.640733987] [behavior_server]: Running backup
[component_container_isolated-6] [WARN] [1791030118.640799750] [behavior_server]: Collision Ahead - Exiting DriveOnHeading
[component_container_isolated-6] [WARN] [1791030118.640805971] [behavior_server]: backup failed
[component_container_isolated-6] [WARN] [1791030118.640809491] [behavior_server]: [backup] [ActionServer] Aborting handle.
[component_container_isolated-6] [INFO] [1791030118.660571178] [local_costmap.local_costmap]: Received request to clear entirely the local_costmap
[component_container_isolated-6] [INFO] [1791030118.660709734] [global_costmap.global_costmap]: Received request to clear entirely the global_costmap
[component_container_isolated-6] [WARN] [1791030119.621349757] [planner_server]: GridBased plugin failed to plan from (-2.01, -0.51) to (0.75, 1.84): "Failed to create plan with tolerance of: 0.500000"
[component_container_isolated-6] [WARN] [1791030119.621377368] [planner_server]: [compute_path_to_pose] [ActionServer] Aborting handle.
[component_container_isolated-6] [INFO] [1791030119.640710475] [global_costmap.global_costmap]: Received request to clear entirely the global_costmap
[component_container_isolated-6] [WARN] [1791030120.621223879] [planner_server]: GridBased plugin failed to plan from (-2.01, -0.51) to (0.75, 1.84): "Failed to create plan with tolerance of: 0.500000"
[component_container_isolated-6] [WARN] [1791030120.621251060] [planner_server]: [compute_path_to_pose] [ActionServer] Aborting handle.
[component_container_isolated-6] [INFO] [1791030120.640748213] [behavior_server]: Running spin
[component_container_isolated-6] [INFO] [1791030120.640786804] [behavior_server]: Turning 1.57 for spin behavior.
[component_container_isolated-6] [INFO] [1791030120.682415245] [collision_monitor]: Robot to approach for 1.200000 seconds away from collision
[component_container_isolated-6] [WARN] [1791030130.740874314] [behavior_server]: Exceeded time allowance before reaching the Spin goal - Exiting Spin
[component_container_isolated-6] [WARN] [1791030130.740897545] [behavior_server]: spin failed
[component_container_isolated-6] [WARN] [1791030130.740903705] [behavior_server]: [spin] [ActionServer] Aborting handle.
[component_container_isolated-6] [INFO] [1791030130.760621916] [behavior_server]: Running wait
[component_container_isolated-6] [INFO] [1791030131.082409756] [collision_monitor]: Robot to continue normal operation
[component_container_isolated-6] [INFO] [1791030135.760732163] [behavior_server]: wait completed successfully
[component_container_isolated-6] [WARN] [1791030135.781055793] [planner_server]: GridBased plugin failed to plan from (-2.01, -0.51) to (0.75, 1.84): "Failed to create plan with tolerance of: 0.500000"
[component_container_isolated-6] [WARN] [1791030135.781088475] [planner_server]: [compute_path_to_pose] [ActionServer] Aborting handle.
[component_container_isolated-6] [INFO] [1791030135.800695464] [global_costmap.global_costmap]: Received request to clear entirely the global_costmap
[component_container_isolated-6] [WARN] [1791030136.621210757] [planner_server]: GridBased plugin failed to plan from (-2.01, -0.51) to (0.75, 1.84): "Failed to create plan with tolerance of: 0.500000"
[component_container_isolated-6] [WARN] [1791030136.621241829] [planner_server]: [compute_path_to_pose] [ActionServer] Aborting handle.
[component_container_isolated-6] [INFO] [1791030136.640780624] [behavior_server]: Running backup
[component_container_isolated-6] [WARN] [1791030136.640864448] [behavior_server]: Collision Ahead - Exiting DriveOnHeading
[component_container_isolated-6] [WARN] [1791030136.640872538] [behavior_server]: backup failed
[component_container_isolated-6] [WARN] [1791030136.640878528] [behavior_server]: [backup] [ActionServer] Aborting handle.
[component_container_isolated-6] [INFO] [1791030136.660582831] [local_costmap.local_costmap]: Received request to clear entirely the local_costmap
[component_container_isolated-6] [INFO] [1791030136.660723657] [global_costmap.global_costmap]: Received request to clear entirely the global_costmap
[component_container_isolated-6] [WARN] [1791030137.621385882] [planner_server]: GridBased plugin failed to plan from (-2.01, -0.51) to (0.75, 1.84): "Failed to create plan with tolerance of: 0.500000"
[component_container_isolated-6] [WARN] [1791030137.621419854] [planner_server]: [compute_path_to_pose] [ActionServer] Aborting handle.
[component_container_isolated-6] [INFO] [1791030137.640702327] [global_costmap.global_costmap]: Received request to clear entirely the global_costmap
[component_container_isolated-6] [WARN] [1791030138.621375039] [planner_server]: GridBased plugin failed to plan from (-2.01, -0.51) to (0.75, 1.84): "Failed to create plan with tolerance of: 0.500000"
[component_container_isolated-6] [WARN] [1791030138.621408480] [planner_server]: [compute_path_to_pose] [ActionServer] Aborting handle.
[component_container_isolated-6] [INFO] [1791030138.640810867] [behavior_server]: Running spin
[component_container_isolated-6] [INFO] [1791030138.640864150] [behavior_server]: Turning 1.57 for spin behavior.
[component_container_isolated-6] [INFO] [1791030138.682424331] [collision_monitor]: Robot to approach for 1.200000 seconds away from collision
[component_container_isolated-6] [WARN] [1791030148.740952046] [behavior_server]: Exceeded time allowance before reaching the Spin goal - Exiting Spin
[component_container_isolated-6] [WARN] [1791030148.740977657] [behavior_server]: spin failed
[component_container_isolated-6] [WARN] [1791030148.740984638] [behavior_server]: [spin] [ActionServer] Aborting handle.
[component_container_isolated-6] [INFO] [1791030148.760783090] [behavior_server]: Running wait
[component_container_isolated-6] [INFO] [1791030149.082421887] [collision_monitor]: Robot to continue normal operation
[component_container_isolated-6] [INFO] [1791030153.760891695] [behavior_server]: wait completed successfully
[component_container_isolated-6] [WARN] [1791030153.781080288] [planner_server]: GridBased plugin failed to plan from (-2.01, -0.51) to (0.75, 1.84): "Failed to create plan with tolerance of: 0.500000"
[component_container_isolated-6] [WARN] [1791030153.781114190] [planner_server]: [compute_path_to_pose] [ActionServer] Aborting handle.
[component_container_isolated-6] [INFO] [1791030153.800698277] [global_costmap.global_costmap]: Received request to clear entirely the global_costmap
[component_container_isolated-6] [WARN] [1791030154.621210805] [planner_server]: GridBased plugin failed to plan from (-2.01, -0.51) to (0.75, 1.84): "Failed to create plan with tolerance of: 0.500000"
[component_container_isolated-6] [WARN] [1791030154.621239206] [planner_server]: [compute_path_to_pose] [ActionServer] Aborting handle.
[component_container_isolated-6] [WARN] [1791030154.650519767] [bt_navigator]: [navigate_to_pose] [ActionServer] Aborting handle.
[component_container_isolated-6] [ERROR] [1791030154.650619581] [bt_navigator]: Goal failed
[fault_injector-11] [INFO] [1791030154.824068142] [fault_injector]: costmap rollback: global: restored 0.009999999776482582; local: restored 0.009999999776482582
[component_container_isolated-6] [INFO] [1791030154.873191790] [global_costmap.global_costmap]: Received request to clear entirely the global_costmap
[component_container_isolated-6] [INFO] [1791030154.923471746] [local_costmap.local_costmap]: Received request to clear entirely the local_costmap
[component_container_isolated-6] [INFO] [1791030157.074782105] [bt_navigator]: Begin navigating from current location (-2.01, -0.51) to (0.75, 1.84)
[component_container_isolated-6] [INFO] [1791030157.095226274] [controller_server]: Received a goal, begin computing control effort.
[component_container_isolated-6] [INFO] [1791030158.145331571] [controller_server]: Passing new path to controller.
[component_container_isolated-6] [INFO] [1791030159.195332260] [controller_server]: Passing new path to controller.
[component_container_isolated-6] [INFO] [1791030160.195331558] [controller_server]: Passing new path to controller.
